# WaveFront *.obj file (generated by Cinema 4D)

mtllib ./tanker.mtl

v 1463.068881 1007.923731 -1084.667381
v 1463.068881 800.000000 -1084.667381
v 1464.679794 800.000000 -1080.778294
v 1464.679794 1007.923731 -1080.778294
v 1463.068881 800.000000 -1076.889207
v 1463.068881 1007.923731 -1076.889207
v 1459.179794 800.000000 -1075.278294
v 1459.179794 1007.923731 -1075.278294
v 1455.290706 800.000000 -1076.889207
v 1455.290706 1007.923731 -1076.889207
v 1453.679794 800.000000 -1080.778294
v 1453.679794 1007.923731 -1080.778294
v 1455.290706 800.000000 -1084.667381
v 1455.290706 1007.923731 -1084.667381
v 1459.179794 800.000000 -1086.278294
v 1459.179794 1007.923731 -1086.278294
v 1463.068881 907.923731 -784.667381
v 1463.068881 700.000000 -784.667381
v 1464.679794 700.000000 -780.778294
v 1464.679794 907.923731 -780.778294
v 1463.068881 700.000000 -776.889207
v 1463.068881 907.923731 -776.889207
v 1459.179794 700.000000 -775.278294
v 1459.179794 907.923731 -775.278294
v 1455.290706 700.000000 -776.889207
v 1455.290706 907.923731 -776.889207
v 1453.679794 700.000000 -780.778294
v 1453.679794 907.923731 -780.778294
v 1455.290706 700.000000 -784.667381
v 1455.290706 907.923731 -784.667381
v 1459.179794 700.000000 -786.278294
v 1459.179794 907.923731 -786.278294
v 1463.068881 807.923731 -484.667381
v 1463.068881 600.000000 -484.667381
v 1464.679794 600.000000 -480.778294
v 1464.679794 807.923731 -480.778294
v 1463.068881 600.000000 -476.889207
v 1463.068881 807.923731 -476.889207
v 1459.179794 600.000000 -475.278294
v 1459.179794 807.923731 -475.278294
v 1455.290706 600.000000 -476.889207
v 1455.290706 807.923731 -476.889207
v 1453.679794 600.000000 -480.778294
v 1453.679794 807.923731 -480.778294
v 1455.290706 600.000000 -484.667381
v 1455.290706 807.923731 -484.667381
v 1459.179794 600.000000 -486.278294
v 1459.179794 807.923731 -486.278294
v 1463.068881 707.923731 -184.667381
v 1463.068881 500.000000 -184.667381
v 1464.679794 500.000000 -180.778294
v 1464.679794 707.923731 -180.778294
v 1463.068881 500.000000 -176.889207
v 1463.068881 707.923731 -176.889207
v 1459.179794 500.000000 -175.278294
v 1459.179794 707.923731 -175.278294
v 1455.290706 500.000000 -176.889207
v 1455.290706 707.923731 -176.889207
v 1453.679794 500.000000 -180.778294
v 1453.679794 707.923731 -180.778294
v 1455.290706 500.000000 -184.667381
v 1455.290706 707.923731 -184.667381
v 1459.179794 500.000000 -186.278294
v 1459.179794 707.923731 -186.278294
v 1463.068881 607.923731 115.332619
v 1463.068881 400.000000 115.332619
v 1464.679794 400.000000 119.221706
v 1464.679794 607.923731 119.221706
v 1463.068881 400.000000 123.110793
v 1463.068881 607.923731 123.110793
v 1459.179794 400.000000 124.721706
v 1459.179794 607.923731 124.721706
v 1455.290706 400.000000 123.110793
v 1455.290706 607.923731 123.110793
v 1453.679794 400.000000 119.221706
v 1453.679794 607.923731 119.221706
v 1455.290706 400.000000 115.332619
v 1455.290706 607.923731 115.332619
v 1459.179794 400.000000 113.721706
v 1459.179794 607.923731 113.721706
v 1463.068881 507.923731 415.332619
v 1463.068881 300.000000 415.332619
v 1464.679794 300.000000 419.221706
v 1464.679794 507.923731 419.221706
v 1463.068881 300.000000 423.110793
v 1463.068881 507.923731 423.110793
v 1459.179794 300.000000 424.721706
v 1459.179794 507.923731 424.721706
v 1455.290706 300.000000 423.110793
v 1455.290706 507.923731 423.110793
v 1453.679794 300.000000 419.221706
v 1453.679794 507.923731 419.221706
v 1455.290706 300.000000 415.332619
v 1455.290706 507.923731 415.332619
v 1459.179794 300.000000 413.721706
v 1459.179794 507.923731 413.721706
v 1463.068881 407.923731 715.332619
v 1463.068881 200.000000 715.332619
v 1464.679794 200.000000 719.221706
v 1464.679794 407.923731 719.221706
v 1463.068881 200.000000 723.110793
v 1463.068881 407.923731 723.110793
v 1459.179794 200.000000 724.721706
v 1459.179794 407.923731 724.721706
v 1455.290706 200.000000 723.110793
v 1455.290706 407.923731 723.110793
v 1453.679794 200.000000 719.221706
v 1453.679794 407.923731 719.221706
v 1455.290706 200.000000 715.332619
v 1455.290706 407.923731 715.332619
v 1459.179794 200.000000 713.721706
v 1459.179794 407.923731 713.721706
v 1463.068881 307.923731 1015.332619
v 1463.068881 100.000000 1015.332619
v 1464.679794 100.000000 1019.221706
v 1464.679794 307.923731 1019.221706
v 1463.068881 100.000000 1023.110793
v 1463.068881 307.923731 1023.110793
v 1459.179794 100.000000 1024.721706
v 1459.179794 307.923731 1024.721706
v 1455.290706 100.000000 1023.110793
v 1455.290706 307.923731 1023.110793
v 1453.679794 100.000000 1019.221706
v 1453.679794 307.923731 1019.221706
v 1455.290706 100.000000 1015.332619
v 1455.290706 307.923731 1015.332619
v 1459.179794 100.000000 1013.721706
v 1459.179794 307.923731 1013.721706
v 1459.179794 182.678393 1274.717335
v 1463.422434 182.680540 1272.959977
v 1465.179794 182.685724 1268.717339
v 1463.422434 182.690907 1264.474702
v 1459.179794 182.693054 1262.717344
v 1454.937153 182.690907 1264.474702
v 1453.179794 182.685724 1268.717339
v 1454.937153 182.680540 1272.959977
v 1459.179794 199.964491 1274.738454
v 1463.422434 199.876512 1272.980985
v 1465.179794 199.664113 1268.738082
v 1463.422434 199.451714 1264.495179
v 1459.179794 199.363736 1262.737711
v 1454.937153 199.451714 1264.495179
v 1453.179794 199.664113 1268.738082
v 1454.937153 199.876512 1272.980985
v 1459.179794 213.195753 1273.394087
v 1463.422434 212.827433 1271.665103
v 1465.179794 211.938230 1267.490966
v 1463.422434 211.049028 1263.316830
v 1459.179794 210.680708 1261.587846
v 1454.937153 211.049028 1263.316830
v 1453.179794 211.938230 1267.490966
v 1454.937153 212.827433 1271.665103
v 1459.179794 222.979888 1270.167783
v 1463.422434 222.244018 1268.559998
v 1465.179794 220.467468 1264.678463
v 1463.422434 218.690919 1260.796928
v 1459.179794 217.955048 1259.189143
v 1454.937153 218.690919 1260.796928
v 1453.179794 220.467468 1264.678463
v 1454.937153 222.244018 1268.559998
v 1459.179794 231.521142 1265.048549
v 1463.422434 230.443705 1263.645484
v 1465.179794 227.842540 1260.258185
v 1463.422434 225.241376 1256.870886
v 1459.179794 224.163939 1255.467821
v 1454.937153 225.241376 1256.870886
v 1453.179794 227.842540 1260.258185
v 1454.937153 230.443705 1263.645484
v 1459.179794 238.699916 1258.090373
v 1463.422434 237.339911 1256.961192
v 1465.179794 234.056570 1254.235108
v 1463.422434 230.773228 1251.509024
v 1459.179794 229.413223 1250.379842
v 1454.937153 230.773228 1251.509024
v 1453.179794 234.056570 1254.235108
v 1454.937153 237.339911 1256.961192
v 1459.179794 244.416187 1249.457361
v 1463.422434 242.859896 1248.624621
v 1465.179794 239.102679 1246.614208
v 1463.422434 235.345462 1244.603795
v 1459.179794 233.789172 1243.771055
v 1454.937153 235.345462 1244.603795
v 1453.179794 239.102679 1246.614208
v 1454.937153 242.859896 1248.624621
v 1459.179794 248.595052 1239.498958
v 1463.422434 246.948681 1238.884322
v 1465.179794 242.973992 1237.400461
v 1463.422434 238.999303 1235.916599
v 1459.179794 237.352933 1235.301964
v 1454.937153 238.999303 1235.916599
v 1453.179794 242.973992 1237.400461
v 1454.937153 246.948681 1238.884322
v 1459.179794 1025.910556 -1131.194210
v 1463.422434 1024.208737 -1131.644351
v 1465.179794 1020.100182 -1132.731086
v 1463.422434 1015.991626 -1133.817821
v 1459.179794 1014.289807 -1134.267961
v 1454.937153 1015.991626 -1133.817821
v 1453.179794 1020.100182 -1132.731086
v 1454.937153 1024.208737 -1131.644351
v 1459.179794 1027.430178 -1138.678070
v 1463.422434 1025.666044 -1138.821319
v 1465.179794 1021.407046 -1139.167153
v 1463.422434 1017.148048 -1139.512986
v 1459.179794 1015.383913 -1139.656235
v 1454.937153 1017.148048 -1139.512986
v 1453.179794 1021.407046 -1139.167153
v 1454.937153 1025.666044 -1138.821319
v 1459.179794 1027.074136 -1147.973627
v 1463.422434 1025.325762 -1147.705382
v 1465.179794 1021.104815 -1147.057781
v 1463.422434 1016.883868 -1146.410180
v 1459.179794 1015.135495 -1146.141935
v 1454.937153 1016.883868 -1146.410180
v 1453.179794 1021.104815 -1147.057781
v 1454.937153 1025.325762 -1147.705382
v 1459.179794 1024.605140 -1157.028715
v 1463.422434 1022.960239 -1156.380982
v 1465.179794 1018.989097 -1154.817219
v 1463.422434 1015.017954 -1153.253455
v 1459.179794 1013.373053 -1152.605723
v 1454.937153 1015.017954 -1153.253455
v 1453.179794 1018.989097 -1154.817219
v 1454.937153 1022.960239 -1156.380982
v 1459.179794 1019.550296 -1166.642297
v 1463.422434 1018.085567 -1165.651903
v 1465.179794 1014.549399 -1163.260881
v 1463.422434 1011.013231 -1160.869859
v 1459.179794 1009.548502 -1159.879465
v 1454.937153 1011.013231 -1160.869859
v 1453.179794 1014.549399 -1163.260881
v 1454.937153 1018.085567 -1165.651903
v 1459.179794 1012.472000 -1174.960849
v 1463.422434 1011.264762 -1173.667848
v 1465.179794 1008.350230 -1170.546266
v 1463.422434 1005.435698 -1167.424685
v 1459.179794 1004.228459 -1166.131684
v 1454.937153 1005.435698 -1167.424685
v 1453.179794 1008.350230 -1170.546266
v 1454.937153 1011.264762 -1173.667848
v 1459.179794 1003.757902 -1181.400818
v 1463.422434 1002.883732 -1179.861670
v 1465.179794 1000.773298 -1176.145837
v 1463.422434 998.662865 -1172.430004
v 1459.179794 997.788695 -1170.890855
v 1454.937153 998.662865 -1172.430004
v 1453.179794 1000.773298 -1176.145837
v 1454.937153 1002.883732 -1179.861670
v 1459.179794 995.267767 -1184.956490
v 1463.422434 994.741665 -1183.271571
v 1465.179794 993.471541 -1179.203815
v 1463.422434 992.201418 -1175.136060
v 1459.179794 991.675315 -1173.451141
v 1454.937153 992.201418 -1175.136060
v 1453.179794 993.471541 -1179.203815
v 1454.937153 994.741665 -1183.271571
v 1459.179794 990.462540 -1185.974117
v 1463.422434 990.216163 -1184.229959
v 1465.179794 989.621357 -1180.019188
v 1463.422434 989.026551 -1175.808418
v 1459.179794 988.780174 -1174.064259
v 1454.937153 989.026551 -1175.808418
v 1453.179794 989.621357 -1180.019188
v 1454.937153 990.216163 -1184.229959
v 1459.179794 986.109801 -1186.287917
v 1463.422434 985.983436 -1184.535107
v 1465.179794 985.678366 -1180.303448
v 1463.422434 985.373295 -1176.071790
v 1459.179794 985.246930 -1174.318980
v 1454.937153 985.373295 -1176.071790
v 1453.179794 985.678366 -1180.303448
v 1454.937153 985.983436 -1184.535107
v 34.736440 1007.923731 -1084.667381
v 34.736440 800.000000 -1084.667381
v 36.347352 800.000000 -1080.778294
v 36.347352 1007.923731 -1080.778294
v 34.736440 800.000000 -1076.889207
v 34.736440 1007.923731 -1076.889207
v 30.847352 800.000000 -1075.278294
v 30.847352 1007.923731 -1075.278294
v 26.958265 800.000000 -1076.889207
v 26.958265 1007.923731 -1076.889207
v 25.347352 800.000000 -1080.778294
v 25.347352 1007.923731 -1080.778294
v 26.958265 800.000000 -1084.667381
v 26.958265 1007.923731 -1084.667381
v 30.847352 800.000000 -1086.278294
v 30.847352 1007.923731 -1086.278294
v 34.736440 907.923731 -784.667381
v 34.736440 700.000000 -784.667381
v 36.347352 700.000000 -780.778294
v 36.347352 907.923731 -780.778294
v 34.736440 700.000000 -776.889207
v 34.736440 907.923731 -776.889207
v 30.847352 700.000000 -775.278294
v 30.847352 907.923731 -775.278294
v 26.958265 700.000000 -776.889207
v 26.958265 907.923731 -776.889207
v 25.347352 700.000000 -780.778294
v 25.347352 907.923731 -780.778294
v 26.958265 700.000000 -784.667381
v 26.958265 907.923731 -784.667381
v 30.847352 700.000000 -786.278294
v 30.847352 907.923731 -786.278294
v 34.736440 807.923731 -484.667381
v 34.736440 600.000000 -484.667381
v 36.347352 600.000000 -480.778294
v 36.347352 807.923731 -480.778294
v 34.736440 600.000000 -476.889207
v 34.736440 807.923731 -476.889207
v 30.847352 600.000000 -475.278294
v 30.847352 807.923731 -475.278294
v 26.958265 600.000000 -476.889207
v 26.958265 807.923731 -476.889207
v 25.347352 600.000000 -480.778294
v 25.347352 807.923731 -480.778294
v 26.958265 600.000000 -484.667381
v 26.958265 807.923731 -484.667381
v 30.847352 600.000000 -486.278294
v 30.847352 807.923731 -486.278294
v 34.736440 707.923731 -184.667381
v 34.736440 500.000000 -184.667381
v 36.347352 500.000000 -180.778294
v 36.347352 707.923731 -180.778294
v 34.736440 500.000000 -176.889207
v 34.736440 707.923731 -176.889207
v 30.847352 500.000000 -175.278294
v 30.847352 707.923731 -175.278294
v 26.958265 500.000000 -176.889207
v 26.958265 707.923731 -176.889207
v 25.347352 500.000000 -180.778294
v 25.347352 707.923731 -180.778294
v 26.958265 500.000000 -184.667381
v 26.958265 707.923731 -184.667381
v 30.847352 500.000000 -186.278294
v 30.847352 707.923731 -186.278294
v 34.736440 607.923731 115.332619
v 34.736440 400.000000 115.332619
v 36.347352 400.000000 119.221706
v 36.347352 607.923731 119.221706
v 34.736440 400.000000 123.110793
v 34.736440 607.923731 123.110793
v 30.847352 400.000000 124.721706
v 30.847352 607.923731 124.721706
v 26.958265 400.000000 123.110793
v 26.958265 607.923731 123.110793
v 25.347352 400.000000 119.221706
v 25.347352 607.923731 119.221706
v 26.958265 400.000000 115.332619
v 26.958265 607.923731 115.332619
v 30.847352 400.000000 113.721706
v 30.847352 607.923731 113.721706
v 34.736440 507.923731 415.332619
v 34.736440 300.000000 415.332619
v 36.347352 300.000000 419.221706
v 36.347352 507.923731 419.221706
v 34.736440 300.000000 423.110793
v 34.736440 507.923731 423.110793
v 30.847352 300.000000 424.721706
v 30.847352 507.923731 424.721706
v 26.958265 300.000000 423.110793
v 26.958265 507.923731 423.110793
v 25.347352 300.000000 419.221706
v 25.347352 507.923731 419.221706
v 26.958265 300.000000 415.332619
v 26.958265 507.923731 415.332619
v 30.847352 300.000000 413.721706
v 30.847352 507.923731 413.721706
v 34.736440 407.923731 715.332619
v 34.736440 200.000000 715.332619
v 36.347352 200.000000 719.221706
v 36.347352 407.923731 719.221706
v 34.736440 200.000000 723.110793
v 34.736440 407.923731 723.110793
v 30.847352 200.000000 724.721706
v 30.847352 407.923731 724.721706
v 26.958265 200.000000 723.110793
v 26.958265 407.923731 723.110793
v 25.347352 200.000000 719.221706
v 25.347352 407.923731 719.221706
v 26.958265 200.000000 715.332619
v 26.958265 407.923731 715.332619
v 30.847352 200.000000 713.721706
v 30.847352 407.923731 713.721706
v 34.736440 307.923731 1015.332619
v 34.736440 100.000000 1015.332619
v 36.347352 100.000000 1019.221706
v 36.347352 307.923731 1019.221706
v 34.736440 100.000000 1023.110793
v 34.736440 307.923731 1023.110793
v 30.847352 100.000000 1024.721706
v 30.847352 307.923731 1024.721706
v 26.958265 100.000000 1023.110793
v 26.958265 307.923731 1023.110793
v 25.347352 100.000000 1019.221706
v 25.347352 307.923731 1019.221706
v 26.958265 100.000000 1015.332619
v 26.958265 307.923731 1015.332619
v 30.847352 100.000000 1013.721706
v 30.847352 307.923731 1013.721706
v 30.847352 182.678393 1274.717335
v 35.089993 182.680540 1272.959977
v 36.847352 182.685724 1268.717339
v 35.089993 182.690907 1264.474702
v 30.847352 182.693054 1262.717344
v 26.604712 182.690907 1264.474702
v 24.847352 182.685724 1268.717339
v 26.604712 182.680540 1272.959977
v 30.847352 199.964491 1274.738454
v 35.089993 199.876512 1272.980985
v 36.847352 199.664113 1268.738082
v 35.089993 199.451714 1264.495179
v 30.847352 199.363736 1262.737711
v 26.604712 199.451714 1264.495179
v 24.847352 199.664113 1268.738082
v 26.604712 199.876512 1272.980985
v 30.847352 213.195753 1273.394087
v 35.089993 212.827433 1271.665103
v 36.847352 211.938230 1267.490966
v 35.089993 211.049028 1263.316830
v 30.847352 210.680708 1261.587846
v 26.604712 211.049028 1263.316830
v 24.847352 211.938230 1267.490966
v 26.604712 212.827433 1271.665103
v 30.847352 222.979888 1270.167783
v 35.089993 222.244018 1268.559998
v 36.847352 220.467468 1264.678463
v 35.089993 218.690919 1260.796928
v 30.847352 217.955048 1259.189143
v 26.604712 218.690919 1260.796928
v 24.847352 220.467468 1264.678463
v 26.604712 222.244018 1268.559998
v 30.847352 231.521142 1265.048549
v 35.089993 230.443705 1263.645484
v 36.847352 227.842540 1260.258185
v 35.089993 225.241376 1256.870886
v 30.847352 224.163939 1255.467821
v 26.604712 225.241376 1256.870886
v 24.847352 227.842540 1260.258185
v 26.604712 230.443705 1263.645484
v 30.847352 238.699916 1258.090373
v 35.089993 237.339911 1256.961192
v 36.847352 234.056570 1254.235108
v 35.089993 230.773228 1251.509024
v 30.847352 229.413223 1250.379842
v 26.604712 230.773228 1251.509024
v 24.847352 234.056570 1254.235108
v 26.604712 237.339911 1256.961192
v 30.847352 244.416187 1249.457361
v 35.089993 242.859896 1248.624621
v 36.847352 239.102679 1246.614208
v 35.089993 235.345462 1244.603795
v 30.847352 233.789172 1243.771055
v 26.604712 235.345462 1244.603795
v 24.847352 239.102679 1246.614208
v 26.604712 242.859896 1248.624621
v 30.847352 248.595052 1239.498958
v 35.089993 246.948681 1238.884322
v 36.847352 242.973992 1237.400461
v 35.089993 238.999303 1235.916599
v 30.847352 237.352933 1235.301964
v 26.604712 238.999303 1235.916599
v 24.847352 242.973992 1237.400461
v 26.604712 246.948681 1238.884322
v 30.847352 1025.910556 -1131.194210
v 35.089993 1024.208737 -1131.644351
v 36.847352 1020.100182 -1132.731086
v 35.089993 1015.991626 -1133.817821
v 30.847352 1014.289807 -1134.267961
v 26.604712 1015.991626 -1133.817821
v 24.847352 1020.100182 -1132.731086
v 26.604712 1024.208737 -1131.644351
v 30.847352 1027.430178 -1138.678070
v 35.089993 1025.666044 -1138.821319
v 36.847352 1021.407046 -1139.167153
v 35.089993 1017.148048 -1139.512986
v 30.847352 1015.383913 -1139.656235
v 26.604712 1017.148048 -1139.512986
v 24.847352 1021.407046 -1139.167153
v 26.604712 1025.666044 -1138.821319
v 30.847352 1027.074136 -1147.973627
v 35.089993 1025.325762 -1147.705382
v 36.847352 1021.104815 -1147.057781
v 35.089993 1016.883868 -1146.410180
v 30.847352 1015.135495 -1146.141935
v 26.604712 1016.883868 -1146.410180
v 24.847352 1021.104815 -1147.057781
v 26.604712 1025.325762 -1147.705382
v 30.847352 1024.605140 -1157.028715
v 35.089993 1022.960239 -1156.380982
v 36.847352 1018.989097 -1154.817219
v 35.089993 1015.017954 -1153.253455
v 30.847352 1013.373053 -1152.605723
v 26.604712 1015.017954 -1153.253455
v 24.847352 1018.989097 -1154.817219
v 26.604712 1022.960239 -1156.380982
v 30.847352 1019.550296 -1166.642297
v 35.089993 1018.085567 -1165.651903
v 36.847352 1014.549399 -1163.260881
v 35.089993 1011.013231 -1160.869859
v 30.847352 1009.548502 -1159.879465
v 26.604712 1011.013231 -1160.869859
v 24.847352 1014.549399 -1163.260881
v 26.604712 1018.085567 -1165.651903
v 30.847352 1012.472000 -1174.960849
v 35.089993 1011.264762 -1173.667848
v 36.847352 1008.350230 -1170.546266
v 35.089993 1005.435698 -1167.424685
v 30.847352 1004.228459 -1166.131684
v 26.604712 1005.435698 -1167.424685
v 24.847352 1008.350230 -1170.546266
v 26.604712 1011.264762 -1173.667848
v 30.847352 1003.757902 -1181.400818
v 35.089993 1002.883732 -1179.861670
v 36.847352 1000.773298 -1176.145837
v 35.089993 998.662865 -1172.430004
v 30.847352 997.788695 -1170.890855
v 26.604712 998.662865 -1172.430004
v 24.847352 1000.773298 -1176.145837
v 26.604712 1002.883732 -1179.861670
v 30.847352 995.267767 -1184.956490
v 35.089993 994.741665 -1183.271571
v 36.847352 993.471541 -1179.203815
v 35.089993 992.201418 -1175.136060
v 30.847352 991.675315 -1173.451141
v 26.604712 992.201418 -1175.136060
v 24.847352 993.471541 -1179.203815
v 26.604712 994.741665 -1183.271571
v 30.847352 990.462540 -1185.974117
v 35.089993 990.216163 -1184.229959
v 36.847352 989.621357 -1180.019188
v 35.089993 989.026551 -1175.808418
v 30.847352 988.780174 -1174.064259
v 26.604712 989.026551 -1175.808418
v 24.847352 989.621357 -1180.019188
v 26.604712 990.216163 -1184.229959
v 30.847352 986.109801 -1186.287917
v 35.089993 985.983436 -1184.535107
v 36.847352 985.678366 -1180.303448
v 35.089993 985.373295 -1176.071790
v 30.847352 985.246930 -1174.318980
v 26.604712 985.373295 -1176.071790
v 24.847352 985.678366 -1180.303448
v 26.604712 985.983436 -1184.535107
v 1513.786487 850.000000 -1261.997278
v 1513.786487 750.000000 -961.657338
v 1513.786487 650.000000 -661.545811
v 1513.786487 550.000000 -361.226928
v 1513.786487 450.000000 -60.786654
v 1513.786487 350.000000 239.150152
v 1513.786487 250.000000 538.719116
v 1513.786487 150.000000 838.875481
v 1513.786487 50.000000 1138.307081
v 1637.528349 850.000000 -1261.997278
v 1637.528349 750.000000 -961.657338
v 1637.528349 650.000000 -661.545811
v 1637.528349 550.000000 -361.226928
v 1637.528349 450.000000 -60.786654
v 1637.528349 350.000000 239.150152
v 1637.528349 250.000000 538.719116
v 1637.528349 150.000000 838.875481
v 1637.528349 50.000000 1138.307081
v 1513.786487 50.000000 1238.427022
v 1637.528349 50.000000 1238.427022
v 1513.786487 150.000000 943.271960
v 1637.528349 150.000000 943.271960
v 1513.786487 250.000000 641.939133
v 1637.528349 250.000000 641.939133
v 1513.786487 350.000000 345.613197
v 1637.528349 350.000000 345.613197
v 1513.786487 450.000000 46.151850
v 1637.528349 450.000000 46.151850
v 1513.786487 550.000000 -257.600959
v 1637.528349 550.000000 -257.600959
v 1513.786487 650.000000 -560.319058
v 1637.528349 650.000000 -560.319058
v 1513.786487 750.000000 -861.269689
v 1637.528349 750.000000 -861.269689
v 1637.528349 850.000000 -1164.167275
v 1513.786487 850.000000 -1164.167275
v 1513.786487 1002.000000 -1261.997278
v 1637.528349 1002.000000 -1261.997278
v 1637.528349 1002.000000 -1164.167275
v 1513.786487 1002.000000 -1164.167275
v 1513.786487 902.000000 -961.657338
v 1637.528349 902.000000 -961.657338
v 1513.786487 902.000000 -861.269689
v 1637.528349 902.000000 -861.269689
v 1513.786487 802.000000 -661.545811
v 1637.528349 802.000000 -661.545811
v 1513.786487 802.000000 -560.319058
v 1637.528349 802.000000 -560.319058
v 1513.786487 702.000000 -361.226928
v 1637.528349 702.000000 -361.226928
v 1513.786487 702.000000 -257.600959
v 1637.528349 702.000000 -257.600959
v 1513.786487 602.000000 -60.786654
v 1637.528349 602.000000 -60.786654
v 1513.786487 602.000000 46.151850
v 1637.528349 602.000000 46.151850
v 1513.786487 502.000000 239.150152
v 1637.528349 502.000000 239.150152
v 1513.786487 502.000000 345.613197
v 1637.528349 502.000000 345.613197
v 1513.786487 402.000000 538.719116
v 1637.528349 402.000000 538.719116
v 1513.786487 402.000000 641.939133
v 1637.528349 402.000000 641.939133
v 1513.786487 302.000000 838.875481
v 1637.528349 302.000000 838.875481
v 1513.786487 302.000000 943.271960
v 1637.528349 302.000000 943.271960
v 1513.786487 202.000000 1138.307081
v 1637.528349 202.000000 1138.307081
v 1513.786487 202.000000 1238.427022
v 1637.528349 202.000000 1238.427022
v 1484.786487 1002.000000 -1290.997278
v 1666.528349 1002.000000 -1290.997278
v 1666.528349 1002.000000 -1135.167275
v 1484.786487 1002.000000 -1135.167275
v 1484.786487 902.000000 -990.657338
v 1666.528349 902.000000 -990.657338
v 1484.786487 902.000000 -832.269689
v 1666.528349 902.000000 -832.269689
v 1484.786487 802.000000 -690.545811
v 1666.528349 802.000000 -690.545811
v 1484.786487 802.000000 -531.319058
v 1666.528349 802.000000 -531.319058
v 1484.786487 702.000000 -390.226928
v 1666.528349 702.000000 -390.226928
v 1484.786487 702.000000 -228.600959
v 1666.528349 702.000000 -228.600959
v 1484.786487 602.000000 -89.786654
v 1666.528349 602.000000 -89.786654
v 1484.786487 602.000000 75.151850
v 1666.528349 602.000000 75.151850
v 1484.786487 502.000000 210.150152
v 1666.528349 502.000000 210.150152
v 1484.786487 502.000000 374.613197
v 1666.528349 502.000000 374.613197
v 1484.786487 402.000000 509.719116
v 1666.528349 402.000000 509.719116
v 1484.786487 402.000000 670.939133
v 1666.528349 402.000000 670.939133
v 1484.786487 302.000000 809.875481
v 1666.528349 302.000000 809.875481
v 1484.786487 302.000000 972.271960
v 1666.528349 302.000000 972.271960
v 1484.786487 202.000000 1109.307081
v 1666.528349 202.000000 1109.307081
v 1484.786487 202.000000 1267.427022
v 1666.528349 202.000000 1267.427022
v 1484.786487 1044.228917 -1290.997278
v 1666.528349 1044.228917 -1290.997278
v 1666.528349 1044.228917 -1135.167275
v 1484.786487 1044.228917 -1135.167275
v 1484.786487 944.228917 -990.657338
v 1666.528349 944.228917 -990.657338
v 1484.786487 944.228917 -832.269689
v 1666.528349 944.228917 -832.269689
v 1484.786487 844.228917 -690.545811
v 1666.528349 844.228917 -690.545811
v 1484.786487 844.228917 -531.319058
v 1666.528349 844.228917 -531.319058
v 1484.786487 744.228917 -390.226928
v 1666.528349 744.228917 -390.226928
v 1484.786487 744.228917 -228.600959
v 1666.528349 744.228917 -228.600959
v 1484.786487 644.228917 -89.786654
v 1666.528349 644.228917 -89.786654
v 1484.786487 644.228917 75.151850
v 1666.528349 644.228917 75.151850
v 1484.786487 544.228917 210.150152
v 1666.528349 544.228917 210.150152
v 1484.786487 544.228917 374.613197
v 1666.528349 544.228917 374.613197
v 1484.786487 444.228917 509.719116
v 1666.528349 444.228917 509.719116
v 1484.786487 444.228917 670.939133
v 1666.528349 444.228917 670.939133
v 1484.786487 344.228917 809.875481
v 1666.528349 344.228917 809.875481
v 1484.786487 344.228917 972.271960
v 1666.528349 344.228917 972.271960
v 1484.786487 244.228917 1109.307081
v 1666.528349 244.228917 1109.307081
v 1484.786487 244.228917 1267.427022
v 1666.528349 244.228917 1267.427022
v 1501.486487 1044.228917 -1274.297278
v 1649.828349 1044.228917 -1274.297278
v 1649.828349 1044.228917 -1151.867275
v 1501.486487 1044.228917 -1151.867275
v 1501.486487 944.228917 -973.957338
v 1649.828349 944.228917 -973.957338
v 1501.486487 944.228917 -848.969689
v 1649.828349 944.228917 -848.969689
v 1501.486487 844.228917 -673.845811
v 1649.828349 844.228917 -673.845811
v 1501.486487 844.228917 -548.019058
v 1649.828349 844.228917 -548.019058
v 1501.486487 744.228917 -373.526928
v 1649.828349 744.228917 -373.526928
v 1501.486487 744.228917 -245.300959
v 1649.828349 744.228917 -245.300959
v 1501.486487 644.228917 -73.086654
v 1649.828349 644.228917 -73.086654
v 1501.486487 644.228917 58.451850
v 1649.828349 644.228917 58.451850
v 1501.486487 544.228917 226.850152
v 1649.828349 544.228917 226.850152
v 1501.486487 544.228917 357.913197
v 1649.828349 544.228917 357.913197
v 1501.486487 444.228917 526.419116
v 1649.828349 444.228917 526.419116
v 1501.486487 444.228917 654.239133
v 1649.828349 444.228917 654.239133
v 1501.486487 344.228917 826.575481
v 1649.828349 344.228917 826.575481
v 1501.486487 344.228917 955.571960
v 1649.828349 344.228917 955.571960
v 1501.486487 244.228917 1126.007081
v 1649.828349 244.228917 1126.007081
v 1501.486487 244.228917 1250.727022
v 1649.828349 244.228917 1250.727022
v 1501.486487 1022.728917 -1274.297278
v 1649.828349 1022.728917 -1274.297278
v 1649.828349 1022.728917 -1151.867275
v 1501.486487 1022.728917 -1151.867275
v 1501.486487 922.728917 -973.957338
v 1649.828349 922.728917 -973.957338
v 1501.486487 922.728917 -848.969689
v 1649.828349 922.728917 -848.969689
v 1501.486487 822.728917 -673.845811
v 1649.828349 822.728917 -673.845811
v 1501.486487 822.728917 -548.019058
v 1649.828349 822.728917 -548.019058
v 1501.486487 722.728917 -373.526928
v 1649.828349 722.728917 -373.526928
v 1501.486487 722.728917 -245.300959
v 1649.828349 722.728917 -245.300959
v 1501.486487 622.728917 -73.086654
v 1649.828349 622.728917 -73.086654
v 1501.486487 622.728917 58.451850
v 1649.828349 622.728917 58.451850
v 1501.486487 522.728917 226.850152
v 1649.828349 522.728917 226.850152
v 1501.486487 522.728917 357.913197
v 1649.828349 522.728917 357.913197
v 1501.486487 422.728917 526.419116
v 1649.828349 422.728917 526.419116
v 1501.486487 422.728917 654.239133
v 1649.828349 422.728917 654.239133
v 1501.486487 322.728917 826.575481
v 1649.828349 322.728917 826.575481
v 1501.486487 322.728917 955.571960
v 1649.828349 322.728917 955.571960
v 1501.486487 222.728917 1126.007081
v 1649.828349 222.728917 1126.007081
v 1501.486487 222.728917 1250.727022
v 1649.828349 222.728917 1250.727022
v -1463.068881 1007.923731 -1084.667381
v -1463.068881 800.000000 -1084.667381
v -1464.679794 800.000000 -1080.778294
v -1464.679794 1007.923731 -1080.778294
v -1463.068881 800.000000 -1076.889207
v -1463.068881 1007.923731 -1076.889207
v -1459.179794 800.000000 -1075.278294
v -1459.179794 1007.923731 -1075.278294
v -1455.290706 800.000000 -1076.889207
v -1455.290706 1007.923731 -1076.889207
v -1453.679794 800.000000 -1080.778294
v -1453.679794 1007.923731 -1080.778294
v -1455.290706 800.000000 -1084.667381
v -1455.290706 1007.923731 -1084.667381
v -1459.179794 800.000000 -1086.278294
v -1459.179794 1007.923731 -1086.278294
v -1463.068881 907.923731 -784.667381
v -1463.068881 700.000000 -784.667381
v -1464.679794 700.000000 -780.778294
v -1464.679794 907.923731 -780.778294
v -1463.068881 700.000000 -776.889207
v -1463.068881 907.923731 -776.889207
v -1459.179794 700.000000 -775.278294
v -1459.179794 907.923731 -775.278294
v -1455.290706 700.000000 -776.889207
v -1455.290706 907.923731 -776.889207
v -1453.679794 700.000000 -780.778294
v -1453.679794 907.923731 -780.778294
v -1455.290706 700.000000 -784.667381
v -1455.290706 907.923731 -784.667381
v -1459.179794 700.000000 -786.278294
v -1459.179794 907.923731 -786.278294
v -1463.068881 807.923731 -484.667381
v -1463.068881 600.000000 -484.667381
v -1464.679794 600.000000 -480.778294
v -1464.679794 807.923731 -480.778294
v -1463.068881 600.000000 -476.889207
v -1463.068881 807.923731 -476.889207
v -1459.179794 600.000000 -475.278294
v -1459.179794 807.923731 -475.278294
v -1455.290706 600.000000 -476.889207
v -1455.290706 807.923731 -476.889207
v -1453.679794 600.000000 -480.778294
v -1453.679794 807.923731 -480.778294
v -1455.290706 600.000000 -484.667381
v -1455.290706 807.923731 -484.667381
v -1459.179794 600.000000 -486.278294
v -1459.179794 807.923731 -486.278294
v -1463.068881 707.923731 -184.667381
v -1463.068881 500.000000 -184.667381
v -1464.679794 500.000000 -180.778294
v -1464.679794 707.923731 -180.778294
v -1463.068881 500.000000 -176.889207
v -1463.068881 707.923731 -176.889207
v -1459.179794 500.000000 -175.278294
v -1459.179794 707.923731 -175.278294
v -1455.290706 500.000000 -176.889207
v -1455.290706 707.923731 -176.889207
v -1453.679794 500.000000 -180.778294
v -1453.679794 707.923731 -180.778294
v -1455.290706 500.000000 -184.667381
v -1455.290706 707.923731 -184.667381
v -1459.179794 500.000000 -186.278294
v -1459.179794 707.923731 -186.278294
v -1463.068881 607.923731 115.332619
v -1463.068881 400.000000 115.332619
v -1464.679794 400.000000 119.221706
v -1464.679794 607.923731 119.221706
v -1463.068881 400.000000 123.110793
v -1463.068881 607.923731 123.110793
v -1459.179794 400.000000 124.721706
v -1459.179794 607.923731 124.721706
v -1455.290706 400.000000 123.110793
v -1455.290706 607.923731 123.110793
v -1453.679794 400.000000 119.221706
v -1453.679794 607.923731 119.221706
v -1455.290706 400.000000 115.332619
v -1455.290706 607.923731 115.332619
v -1459.179794 400.000000 113.721706
v -1459.179794 607.923731 113.721706
v -1463.068881 507.923731 415.332619
v -1463.068881 300.000000 415.332619
v -1464.679794 300.000000 419.221706
v -1464.679794 507.923731 419.221706
v -1463.068881 300.000000 423.110793
v -1463.068881 507.923731 423.110793
v -1459.179794 300.000000 424.721706
v -1459.179794 507.923731 424.721706
v -1455.290706 300.000000 423.110793
v -1455.290706 507.923731 423.110793
v -1453.679794 300.000000 419.221706
v -1453.679794 507.923731 419.221706
v -1455.290706 300.000000 415.332619
v -1455.290706 507.923731 415.332619
v -1459.179794 300.000000 413.721706
v -1459.179794 507.923731 413.721706
v -1463.068881 407.923731 715.332619
v -1463.068881 200.000000 715.332619
v -1464.679794 200.000000 719.221706
v -1464.679794 407.923731 719.221706
v -1463.068881 200.000000 723.110793
v -1463.068881 407.923731 723.110793
v -1459.179794 200.000000 724.721706
v -1459.179794 407.923731 724.721706
v -1455.290706 200.000000 723.110793
v -1455.290706 407.923731 723.110793
v -1453.679794 200.000000 719.221706
v -1453.679794 407.923731 719.221706
v -1455.290706 200.000000 715.332619
v -1455.290706 407.923731 715.332619
v -1459.179794 200.000000 713.721706
v -1459.179794 407.923731 713.721706
v -1463.068881 307.923731 1015.332619
v -1463.068881 100.000000 1015.332619
v -1464.679794 100.000000 1019.221706
v -1464.679794 307.923731 1019.221706
v -1463.068881 100.000000 1023.110793
v -1463.068881 307.923731 1023.110793
v -1459.179794 100.000000 1024.721706
v -1459.179794 307.923731 1024.721706
v -1455.290706 100.000000 1023.110793
v -1455.290706 307.923731 1023.110793
v -1453.679794 100.000000 1019.221706
v -1453.679794 307.923731 1019.221706
v -1455.290706 100.000000 1015.332619
v -1455.290706 307.923731 1015.332619
v -1459.179794 100.000000 1013.721706
v -1459.179794 307.923731 1013.721706
v -1459.179794 182.678393 1274.717335
v -1463.422434 182.680540 1272.959977
v -1465.179794 182.685724 1268.717339
v -1463.422434 182.690907 1264.474702
v -1459.179794 182.693054 1262.717344
v -1454.937153 182.690907 1264.474702
v -1453.179794 182.685724 1268.717339
v -1454.937153 182.680540 1272.959977
v -1459.179794 199.964491 1274.738454
v -1463.422434 199.876512 1272.980985
v -1465.179794 199.664113 1268.738082
v -1463.422434 199.451714 1264.495179
v -1459.179794 199.363736 1262.737711
v -1454.937153 199.451714 1264.495179
v -1453.179794 199.664113 1268.738082
v -1454.937153 199.876512 1272.980985
v -1459.179794 213.195753 1273.394087
v -1463.422434 212.827433 1271.665103
v -1465.179794 211.938230 1267.490966
v -1463.422434 211.049028 1263.316830
v -1459.179794 210.680708 1261.587846
v -1454.937153 211.049028 1263.316830
v -1453.179794 211.938230 1267.490966
v -1454.937153 212.827433 1271.665103
v -1459.179794 222.979888 1270.167783
v -1463.422434 222.244018 1268.559998
v -1465.179794 220.467468 1264.678463
v -1463.422434 218.690919 1260.796928
v -1459.179794 217.955048 1259.189143
v -1454.937153 218.690919 1260.796928
v -1453.179794 220.467468 1264.678463
v -1454.937153 222.244018 1268.559998
v -1459.179794 231.521142 1265.048549
v -1463.422434 230.443705 1263.645484
v -1465.179794 227.842540 1260.258185
v -1463.422434 225.241376 1256.870886
v -1459.179794 224.163939 1255.467821
v -1454.937153 225.241376 1256.870886
v -1453.179794 227.842540 1260.258185
v -1454.937153 230.443705 1263.645484
v -1459.179794 238.699916 1258.090373
v -1463.422434 237.339911 1256.961192
v -1465.179794 234.056570 1254.235108
v -1463.422434 230.773228 1251.509024
v -1459.179794 229.413223 1250.379842
v -1454.937153 230.773228 1251.509024
v -1453.179794 234.056570 1254.235108
v -1454.937153 237.339911 1256.961192
v -1459.179794 244.416187 1249.457361
v -1463.422434 242.859896 1248.624621
v -1465.179794 239.102679 1246.614208
v -1463.422434 235.345462 1244.603795
v -1459.179794 233.789172 1243.771055
v -1454.937153 235.345462 1244.603795
v -1453.179794 239.102679 1246.614208
v -1454.937153 242.859896 1248.624621
v -1459.179794 248.595052 1239.498958
v -1463.422434 246.948681 1238.884322
v -1465.179794 242.973992 1237.400461
v -1463.422434 238.999303 1235.916599
v -1459.179794 237.352933 1235.301964
v -1454.937153 238.999303 1235.916599
v -1453.179794 242.973992 1237.400461
v -1454.937153 246.948681 1238.884322
v -1459.179794 1025.910556 -1131.194210
v -1463.422434 1024.208737 -1131.644351
v -1465.179794 1020.100182 -1132.731086
v -1463.422434 1015.991626 -1133.817821
v -1459.179794 1014.289807 -1134.267961
v -1454.937153 1015.991626 -1133.817821
v -1453.179794 1020.100182 -1132.731086
v -1454.937153 1024.208737 -1131.644351
v -1459.179794 1027.430178 -1138.678070
v -1463.422434 1025.666044 -1138.821319
v -1465.179794 1021.407046 -1139.167153
v -1463.422434 1017.148048 -1139.512986
v -1459.179794 1015.383913 -1139.656235
v -1454.937153 1017.148048 -1139.512986
v -1453.179794 1021.407046 -1139.167153
v -1454.937153 1025.666044 -1138.821319
v -1459.179794 1027.074136 -1147.973627
v -1463.422434 1025.325762 -1147.705382
v -1465.179794 1021.104815 -1147.057781
v -1463.422434 1016.883868 -1146.410180
v -1459.179794 1015.135495 -1146.141935
v -1454.937153 1016.883868 -1146.410180
v -1453.179794 1021.104815 -1147.057781
v -1454.937153 1025.325762 -1147.705382
v -1459.179794 1024.605140 -1157.028715
v -1463.422434 1022.960239 -1156.380982
v -1465.179794 1018.989097 -1154.817219
v -1463.422434 1015.017954 -1153.253455
v -1459.179794 1013.373053 -1152.605723
v -1454.937153 1015.017954 -1153.253455
v -1453.179794 1018.989097 -1154.817219
v -1454.937153 1022.960239 -1156.380982
v -1459.179794 1019.550296 -1166.642297
v -1463.422434 1018.085567 -1165.651903
v -1465.179794 1014.549399 -1163.260881
v -1463.422434 1011.013231 -1160.869859
v -1459.179794 1009.548502 -1159.879465
v -1454.937153 1011.013231 -1160.869859
v -1453.179794 1014.549399 -1163.260881
v -1454.937153 1018.085567 -1165.651903
v -1459.179794 1012.472000 -1174.960849
v -1463.422434 1011.264762 -1173.667848
v -1465.179794 1008.350230 -1170.546266
v -1463.422434 1005.435698 -1167.424685
v -1459.179794 1004.228459 -1166.131684
v -1454.937153 1005.435698 -1167.424685
v -1453.179794 1008.350230 -1170.546266
v -1454.937153 1011.264762 -1173.667848
v -1459.179794 1003.757902 -1181.400818
v -1463.422434 1002.883732 -1179.861670
v -1465.179794 1000.773298 -1176.145837
v -1463.422434 998.662865 -1172.430004
v -1459.179794 997.788695 -1170.890855
v -1454.937153 998.662865 -1172.430004
v -1453.179794 1000.773298 -1176.145837
v -1454.937153 1002.883732 -1179.861670
v -1459.179794 995.267767 -1184.956490
v -1463.422434 994.741665 -1183.271571
v -1465.179794 993.471541 -1179.203815
v -1463.422434 992.201418 -1175.136060
v -1459.179794 991.675315 -1173.451141
v -1454.937153 992.201418 -1175.136060
v -1453.179794 993.471541 -1179.203815
v -1454.937153 994.741665 -1183.271571
v -1459.179794 990.462540 -1185.974117
v -1463.422434 990.216163 -1184.229959
v -1465.179794 989.621357 -1180.019188
v -1463.422434 989.026551 -1175.808418
v -1459.179794 988.780174 -1174.064259
v -1454.937153 989.026551 -1175.808418
v -1453.179794 989.621357 -1180.019188
v -1454.937153 990.216163 -1184.229959
v -1459.179794 986.109801 -1186.287917
v -1463.422434 985.983436 -1184.535107
v -1465.179794 985.678366 -1180.303448
v -1463.422434 985.373295 -1176.071790
v -1459.179794 985.246930 -1174.318980
v -1454.937153 985.373295 -1176.071790
v -1453.179794 985.678366 -1180.303448
v -1454.937153 985.983436 -1184.535107
v -34.736440 1007.923731 -1084.667381
v -34.736440 800.000000 -1084.667381
v -36.347352 800.000000 -1080.778294
v -36.347352 1007.923731 -1080.778294
v -34.736440 800.000000 -1076.889207
v -34.736440 1007.923731 -1076.889207
v -30.847352 800.000000 -1075.278294
v -30.847352 1007.923731 -1075.278294
v -26.958265 800.000000 -1076.889207
v -26.958265 1007.923731 -1076.889207
v -25.347352 800.000000 -1080.778294
v -25.347352 1007.923731 -1080.778294
v -26.958265 800.000000 -1084.667381
v -26.958265 1007.923731 -1084.667381
v -30.847352 800.000000 -1086.278294
v -30.847352 1007.923731 -1086.278294
v -34.736440 907.923731 -784.667381
v -34.736440 700.000000 -784.667381
v -36.347352 700.000000 -780.778294
v -36.347352 907.923731 -780.778294
v -34.736440 700.000000 -776.889207
v -34.736440 907.923731 -776.889207
v -30.847352 700.000000 -775.278294
v -30.847352 907.923731 -775.278294
v -26.958265 700.000000 -776.889207
v -26.958265 907.923731 -776.889207
v -25.347352 700.000000 -780.778294
v -25.347352 907.923731 -780.778294
v -26.958265 700.000000 -784.667381
v -26.958265 907.923731 -784.667381
v -30.847352 700.000000 -786.278294
v -30.847352 907.923731 -786.278294
v -34.736440 807.923731 -484.667381
v -34.736440 600.000000 -484.667381
v -36.347352 600.000000 -480.778294
v -36.347352 807.923731 -480.778294
v -34.736440 600.000000 -476.889207
v -34.736440 807.923731 -476.889207
v -30.847352 600.000000 -475.278294
v -30.847352 807.923731 -475.278294
v -26.958265 600.000000 -476.889207
v -26.958265 807.923731 -476.889207
v -25.347352 600.000000 -480.778294
v -25.347352 807.923731 -480.778294
v -26.958265 600.000000 -484.667381
v -26.958265 807.923731 -484.667381
v -30.847352 600.000000 -486.278294
v -30.847352 807.923731 -486.278294
v -34.736440 707.923731 -184.667381
v -34.736440 500.000000 -184.667381
v -36.347352 500.000000 -180.778294
v -36.347352 707.923731 -180.778294
v -34.736440 500.000000 -176.889207
v -34.736440 707.923731 -176.889207
v -30.847352 500.000000 -175.278294
v -30.847352 707.923731 -175.278294
v -26.958265 500.000000 -176.889207
v -26.958265 707.923731 -176.889207
v -25.347352 500.000000 -180.778294
v -25.347352 707.923731 -180.778294
v -26.958265 500.000000 -184.667381
v -26.958265 707.923731 -184.667381
v -30.847352 500.000000 -186.278294
v -30.847352 707.923731 -186.278294
v -34.736440 607.923731 115.332619
v -34.736440 400.000000 115.332619
v -36.347352 400.000000 119.221706
v -36.347352 607.923731 119.221706
v -34.736440 400.000000 123.110793
v -34.736440 607.923731 123.110793
v -30.847352 400.000000 124.721706
v -30.847352 607.923731 124.721706
v -26.958265 400.000000 123.110793
v -26.958265 607.923731 123.110793
v -25.347352 400.000000 119.221706
v -25.347352 607.923731 119.221706
v -26.958265 400.000000 115.332619
v -26.958265 607.923731 115.332619
v -30.847352 400.000000 113.721706
v -30.847352 607.923731 113.721706
v -34.736440 507.923731 415.332619
v -34.736440 300.000000 415.332619
v -36.347352 300.000000 419.221706
v -36.347352 507.923731 419.221706
v -34.736440 300.000000 423.110793
v -34.736440 507.923731 423.110793
v -30.847352 300.000000 424.721706
v -30.847352 507.923731 424.721706
v -26.958265 300.000000 423.110793
v -26.958265 507.923731 423.110793
v -25.347352 300.000000 419.221706
v -25.347352 507.923731 419.221706
v -26.958265 300.000000 415.332619
v -26.958265 507.923731 415.332619
v -30.847352 300.000000 413.721706
v -30.847352 507.923731 413.721706
v -34.736440 407.923731 715.332619
v -34.736440 200.000000 715.332619
v -36.347352 200.000000 719.221706
v -36.347352 407.923731 719.221706
v -34.736440 200.000000 723.110793
v -34.736440 407.923731 723.110793
v -30.847352 200.000000 724.721706
v -30.847352 407.923731 724.721706
v -26.958265 200.000000 723.110793
v -26.958265 407.923731 723.110793
v -25.347352 200.000000 719.221706
v -25.347352 407.923731 719.221706
v -26.958265 200.000000 715.332619
v -26.958265 407.923731 715.332619
v -30.847352 200.000000 713.721706
v -30.847352 407.923731 713.721706
v -34.736440 307.923731 1015.332619
v -34.736440 100.000000 1015.332619
v -36.347352 100.000000 1019.221706
v -36.347352 307.923731 1019.221706
v -34.736440 100.000000 1023.110793
v -34.736440 307.923731 1023.110793
v -30.847352 100.000000 1024.721706
v -30.847352 307.923731 1024.721706
v -26.958265 100.000000 1023.110793
v -26.958265 307.923731 1023.110793
v -25.347352 100.000000 1019.221706
v -25.347352 307.923731 1019.221706
v -26.958265 100.000000 1015.332619
v -26.958265 307.923731 1015.332619
v -30.847352 100.000000 1013.721706
v -30.847352 307.923731 1013.721706
v -30.847352 182.678393 1274.717335
v -35.089993 182.680540 1272.959977
v -36.847352 182.685724 1268.717339
v -35.089993 182.690907 1264.474702
v -30.847352 182.693054 1262.717344
v -26.604712 182.690907 1264.474702
v -24.847352 182.685724 1268.717339
v -26.604712 182.680540 1272.959977
v -30.847352 199.964491 1274.738454
v -35.089993 199.876512 1272.980985
v -36.847352 199.664113 1268.738082
v -35.089993 199.451714 1264.495179
v -30.847352 199.363736 1262.737711
v -26.604712 199.451714 1264.495179
v -24.847352 199.664113 1268.738082
v -26.604712 199.876512 1272.980985
v -30.847352 213.195753 1273.394087
v -35.089993 212.827433 1271.665103
v -36.847352 211.938230 1267.490966
v -35.089993 211.049028 1263.316830
v -30.847352 210.680708 1261.587846
v -26.604712 211.049028 1263.316830
v -24.847352 211.938230 1267.490966
v -26.604712 212.827433 1271.665103
v -30.847352 222.979888 1270.167783
v -35.089993 222.244018 1268.559998
v -36.847352 220.467468 1264.678463
v -35.089993 218.690919 1260.796928
v -30.847352 217.955048 1259.189143
v -26.604712 218.690919 1260.796928
v -24.847352 220.467468 1264.678463
v -26.604712 222.244018 1268.559998
v -30.847352 231.521142 1265.048549
v -35.089993 230.443705 1263.645484
v -36.847352 227.842540 1260.258185
v -35.089993 225.241376 1256.870886
v -30.847352 224.163939 1255.467821
v -26.604712 225.241376 1256.870886
v -24.847352 227.842540 1260.258185
v -26.604712 230.443705 1263.645484
v -30.847352 238.699916 1258.090373
v -35.089993 237.339911 1256.961192
v -36.847352 234.056570 1254.235108
v -35.089993 230.773228 1251.509024
v -30.847352 229.413223 1250.379842
v -26.604712 230.773228 1251.509024
v -24.847352 234.056570 1254.235108
v -26.604712 237.339911 1256.961192
v -30.847352 244.416187 1249.457361
v -35.089993 242.859896 1248.624621
v -36.847352 239.102679 1246.614208
v -35.089993 235.345462 1244.603795
v -30.847352 233.789172 1243.771055
v -26.604712 235.345462 1244.603795
v -24.847352 239.102679 1246.614208
v -26.604712 242.859896 1248.624621
v -30.847352 248.595052 1239.498958
v -35.089993 246.948681 1238.884322
v -36.847352 242.973992 1237.400461
v -35.089993 238.999303 1235.916599
v -30.847352 237.352933 1235.301964
v -26.604712 238.999303 1235.916599
v -24.847352 242.973992 1237.400461
v -26.604712 246.948681 1238.884322
v -30.847352 1025.910556 -1131.194210
v -35.089993 1024.208737 -1131.644351
v -36.847352 1020.100182 -1132.731086
v -35.089993 1015.991626 -1133.817821
v -30.847352 1014.289807 -1134.267961
v -26.604712 1015.991626 -1133.817821
v -24.847352 1020.100182 -1132.731086
v -26.604712 1024.208737 -1131.644351
v -30.847352 1027.430178 -1138.678070
v -35.089993 1025.666044 -1138.821319
v -36.847352 1021.407046 -1139.167153
v -35.089993 1017.148048 -1139.512986
v -30.847352 1015.383913 -1139.656235
v -26.604712 1017.148048 -1139.512986
v -24.847352 1021.407046 -1139.167153
v -26.604712 1025.666044 -1138.821319
v -30.847352 1027.074136 -1147.973627
v -35.089993 1025.325762 -1147.705382
v -36.847352 1021.104815 -1147.057781
v -35.089993 1016.883868 -1146.410180
v -30.847352 1015.135495 -1146.141935
v -26.604712 1016.883868 -1146.410180
v -24.847352 1021.104815 -1147.057781
v -26.604712 1025.325762 -1147.705382
v -30.847352 1024.605140 -1157.028715
v -35.089993 1022.960239 -1156.380982
v -36.847352 1018.989097 -1154.817219
v -35.089993 1015.017954 -1153.253455
v -30.847352 1013.373053 -1152.605723
v -26.604712 1015.017954 -1153.253455
v -24.847352 1018.989097 -1154.817219
v -26.604712 1022.960239 -1156.380982
v -30.847352 1019.550296 -1166.642297
v -35.089993 1018.085567 -1165.651903
v -36.847352 1014.549399 -1163.260881
v -35.089993 1011.013231 -1160.869859
v -30.847352 1009.548502 -1159.879465
v -26.604712 1011.013231 -1160.869859
v -24.847352 1014.549399 -1163.260881
v -26.604712 1018.085567 -1165.651903
v -30.847352 1012.472000 -1174.960849
v -35.089993 1011.264762 -1173.667848
v -36.847352 1008.350230 -1170.546266
v -35.089993 1005.435698 -1167.424685
v -30.847352 1004.228459 -1166.131684
v -26.604712 1005.435698 -1167.424685
v -24.847352 1008.350230 -1170.546266
v -26.604712 1011.264762 -1173.667848
v -30.847352 1003.757902 -1181.400818
v -35.089993 1002.883732 -1179.861670
v -36.847352 1000.773298 -1176.145837
v -35.089993 998.662865 -1172.430004
v -30.847352 997.788695 -1170.890855
v -26.604712 998.662865 -1172.430004
v -24.847352 1000.773298 -1176.145837
v -26.604712 1002.883732 -1179.861670
v -30.847352 995.267767 -1184.956490
v -35.089993 994.741665 -1183.271571
v -36.847352 993.471541 -1179.203815
v -35.089993 992.201418 -1175.136060
v -30.847352 991.675315 -1173.451141
v -26.604712 992.201418 -1175.136060
v -24.847352 993.471541 -1179.203815
v -26.604712 994.741665 -1183.271571
v -30.847352 990.462540 -1185.974117
v -35.089993 990.216163 -1184.229959
v -36.847352 989.621357 -1180.019188
v -35.089993 989.026551 -1175.808418
v -30.847352 988.780174 -1174.064259
v -26.604712 989.026551 -1175.808418
v -24.847352 989.621357 -1180.019188
v -26.604712 990.216163 -1184.229959
v -30.847352 986.109801 -1186.287917
v -35.089993 985.983436 -1184.535107
v -36.847352 985.678366 -1180.303448
v -35.089993 985.373295 -1176.071790
v -30.847352 985.246930 -1174.318980
v -26.604712 985.373295 -1176.071790
v -24.847352 985.678366 -1180.303448
v -26.604712 985.983436 -1184.535107
v -1513.786487 850.000000 -1261.997278
v -1513.786487 750.000000 -961.657338
v -1513.786487 650.000000 -661.545811
v -1513.786487 550.000000 -361.226928
v -1513.786487 450.000000 -60.786654
v -1513.786487 350.000000 239.150152
v -1513.786487 250.000000 538.719116
v -1513.786487 150.000000 838.875481
v -1513.786487 50.000000 1138.307081
v -1637.528349 850.000000 -1261.997278
v -1637.528349 750.000000 -961.657338
v -1637.528349 650.000000 -661.545811
v -1637.528349 550.000000 -361.226928
v -1637.528349 450.000000 -60.786654
v -1637.528349 350.000000 239.150152
v -1637.528349 250.000000 538.719116
v -1637.528349 150.000000 838.875481
v -1637.528349 50.000000 1138.307081
v -1513.786487 50.000000 1238.427022
v -1637.528349 50.000000 1238.427022
v -1513.786487 150.000000 943.271960
v -1637.528349 150.000000 943.271960
v -1513.786487 250.000000 641.939133
v -1637.528349 250.000000 641.939133
v -1513.786487 350.000000 345.613197
v -1637.528349 350.000000 345.613197
v -1513.786487 450.000000 46.151850
v -1637.528349 450.000000 46.151850
v -1513.786487 550.000000 -257.600959
v -1637.528349 550.000000 -257.600959
v -1513.786487 650.000000 -560.319058
v -1637.528349 650.000000 -560.319058
v -1513.786487 750.000000 -861.269689
v -1637.528349 750.000000 -861.269689
v -1637.528349 850.000000 -1164.167275
v -1513.786487 850.000000 -1164.167275
v -1513.786487 1002.000000 -1261.997278
v -1637.528349 1002.000000 -1261.997278
v -1637.528349 1002.000000 -1164.167275
v -1513.786487 1002.000000 -1164.167275
v -1513.786487 902.000000 -961.657338
v -1637.528349 902.000000 -961.657338
v -1513.786487 902.000000 -861.269689
v -1637.528349 902.000000 -861.269689
v -1513.786487 802.000000 -661.545811
v -1637.528349 802.000000 -661.545811
v -1513.786487 802.000000 -560.319058
v -1637.528349 802.000000 -560.319058
v -1513.786487 702.000000 -361.226928
v -1637.528349 702.000000 -361.226928
v -1513.786487 702.000000 -257.600959
v -1637.528349 702.000000 -257.600959
v -1513.786487 602.000000 -60.786654
v -1637.528349 602.000000 -60.786654
v -1513.786487 602.000000 46.151850
v -1637.528349 602.000000 46.151850
v -1513.786487 502.000000 239.150152
v -1637.528349 502.000000 239.150152
v -1513.786487 502.000000 345.613197
v -1637.528349 502.000000 345.613197
v -1513.786487 402.000000 538.719116
v -1637.528349 402.000000 538.719116
v -1513.786487 402.000000 641.939133
v -1637.528349 402.000000 641.939133
v -1513.786487 302.000000 838.875481
v -1637.528349 302.000000 838.875481
v -1513.786487 302.000000 943.271960
v -1637.528349 302.000000 943.271960
v -1513.786487 202.000000 1138.307081
v -1637.528349 202.000000 1138.307081
v -1513.786487 202.000000 1238.427022
v -1637.528349 202.000000 1238.427022
v -1484.786487 1002.000000 -1290.997278
v -1666.528349 1002.000000 -1290.997278
v -1666.528349 1002.000000 -1135.167275
v -1484.786487 1002.000000 -1135.167275
v -1484.786487 902.000000 -990.657338
v -1666.528349 902.000000 -990.657338
v -1484.786487 902.000000 -832.269689
v -1666.528349 902.000000 -832.269689
v -1484.786487 802.000000 -690.545811
v -1666.528349 802.000000 -690.545811
v -1484.786487 802.000000 -531.319058
v -1666.528349 802.000000 -531.319058
v -1484.786487 702.000000 -390.226928
v -1666.528349 702.000000 -390.226928
v -1484.786487 702.000000 -228.600959
v -1666.528349 702.000000 -228.600959
v -1484.786487 602.000000 -89.786654
v -1666.528349 602.000000 -89.786654
v -1484.786487 602.000000 75.151850
v -1666.528349 602.000000 75.151850
v -1484.786487 502.000000 210.150152
v -1666.528349 502.000000 210.150152
v -1484.786487 502.000000 374.613197
v -1666.528349 502.000000 374.613197
v -1484.786487 402.000000 509.719116
v -1666.528349 402.000000 509.719116
v -1484.786487 402.000000 670.939133
v -1666.528349 402.000000 670.939133
v -1484.786487 302.000000 809.875481
v -1666.528349 302.000000 809.875481
v -1484.786487 302.000000 972.271960
v -1666.528349 302.000000 972.271960
v -1484.786487 202.000000 1109.307081
v -1666.528349 202.000000 1109.307081
v -1484.786487 202.000000 1267.427022
v -1666.528349 202.000000 1267.427022
v -1484.786487 1044.228917 -1290.997278
v -1666.528349 1044.228917 -1290.997278
v -1666.528349 1044.228917 -1135.167275
v -1484.786487 1044.228917 -1135.167275
v -1484.786487 944.228917 -990.657338
v -1666.528349 944.228917 -990.657338
v -1484.786487 944.228917 -832.269689
v -1666.528349 944.228917 -832.269689
v -1484.786487 844.228917 -690.545811
v -1666.528349 844.228917 -690.545811
v -1484.786487 844.228917 -531.319058
v -1666.528349 844.228917 -531.319058
v -1484.786487 744.228917 -390.226928
v -1666.528349 744.228917 -390.226928
v -1484.786487 744.228917 -228.600959
v -1666.528349 744.228917 -228.600959
v -1484.786487 644.228917 -89.786654
v -1666.528349 644.228917 -89.786654
v -1484.786487 644.228917 75.151850
v -1666.528349 644.228917 75.151850
v -1484.786487 544.228917 210.150152
v -1666.528349 544.228917 210.150152
v -1484.786487 544.228917 374.613197
v -1666.528349 544.228917 374.613197
v -1484.786487 444.228917 509.719116
v -1666.528349 444.228917 509.719116
v -1484.786487 444.228917 670.939133
v -1666.528349 444.228917 670.939133
v -1484.786487 344.228917 809.875481
v -1666.528349 344.228917 809.875481
v -1484.786487 344.228917 972.271960
v -1666.528349 344.228917 972.271960
v -1484.786487 244.228917 1109.307081
v -1666.528349 244.228917 1109.307081
v -1484.786487 244.228917 1267.427022
v -1666.528349 244.228917 1267.427022
v -1501.486487 1044.228917 -1274.297278
v -1649.828349 1044.228917 -1274.297278
v -1649.828349 1044.228917 -1151.867275
v -1501.486487 1044.228917 -1151.867275
v -1501.486487 944.228917 -973.957338
v -1649.828349 944.228917 -973.957338
v -1501.486487 944.228917 -848.969689
v -1649.828349 944.228917 -848.969689
v -1501.486487 844.228917 -673.845811
v -1649.828349 844.228917 -673.845811
v -1501.486487 844.228917 -548.019058
v -1649.828349 844.228917 -548.019058
v -1501.486487 744.228917 -373.526928
v -1649.828349 744.228917 -373.526928
v -1501.486487 744.228917 -245.300959
v -1649.828349 744.228917 -245.300959
v -1501.486487 644.228917 -73.086654
v -1649.828349 644.228917 -73.086654
v -1501.486487 644.228917 58.451850
v -1649.828349 644.228917 58.451850
v -1501.486487 544.228917 226.850152
v -1649.828349 544.228917 226.850152
v -1501.486487 544.228917 357.913197
v -1649.828349 544.228917 357.913197
v -1501.486487 444.228917 526.419116
v -1649.828349 444.228917 526.419116
v -1501.486487 444.228917 654.239133
v -1649.828349 444.228917 654.239133
v -1501.486487 344.228917 826.575481
v -1649.828349 344.228917 826.575481
v -1501.486487 344.228917 955.571960
v -1649.828349 344.228917 955.571960
v -1501.486487 244.228917 1126.007081
v -1649.828349 244.228917 1126.007081
v -1501.486487 244.228917 1250.727022
v -1649.828349 244.228917 1250.727022
v -1501.486487 1022.728917 -1274.297278
v -1649.828349 1022.728917 -1274.297278
v -1649.828349 1022.728917 -1151.867275
v -1501.486487 1022.728917 -1151.867275
v -1501.486487 922.728917 -973.957338
v -1649.828349 922.728917 -973.957338
v -1501.486487 922.728917 -848.969689
v -1649.828349 922.728917 -848.969689
v -1501.486487 822.728917 -673.845811
v -1649.828349 822.728917 -673.845811
v -1501.486487 822.728917 -548.019058
v -1649.828349 822.728917 -548.019058
v -1501.486487 722.728917 -373.526928
v -1649.828349 722.728917 -373.526928
v -1501.486487 722.728917 -245.300959
v -1649.828349 722.728917 -245.300959
v -1501.486487 622.728917 -73.086654
v -1649.828349 622.728917 -73.086654
v -1501.486487 622.728917 58.451850
v -1649.828349 622.728917 58.451850
v -1501.486487 522.728917 226.850152
v -1649.828349 522.728917 226.850152
v -1501.486487 522.728917 357.913197
v -1649.828349 522.728917 357.913197
v -1501.486487 422.728917 526.419116
v -1649.828349 422.728917 526.419116
v -1501.486487 422.728917 654.239133
v -1649.828349 422.728917 654.239133
v -1501.486487 322.728917 826.575481
v -1649.828349 322.728917 826.575481
v -1501.486487 322.728917 955.571960
v -1649.828349 322.728917 955.571960
v -1501.486487 222.728917 1126.007081
v -1649.828349 222.728917 1126.007081
v -1501.486487 222.728917 1250.727022
v -1649.828349 222.728917 1250.727022
v 1668.000000 850.000000 -1275.000000
v 1668.000000 850.000000 -1125.000000
v 1668.000000 800.000000 -1125.000000
v 1668.000000 800.000000 -975.000000
v 1668.000000 750.000000 -975.000000
v 1668.000000 750.000000 -825.000000
v 1668.000000 700.000000 -825.000000
v 1668.000000 700.000000 -675.000000
v 1668.000000 650.000000 -675.000000
v 1668.000000 650.000000 -525.000000
v 1668.000000 600.000000 -525.000000
v 1668.000000 600.000000 -375.000000
v 1668.000000 550.000000 -375.000000
v 1668.000000 550.000000 -225.000000
v 1668.000000 500.000000 -225.000000
v 1668.000000 500.000000 -75.000000
v 1668.000000 450.000000 -75.000000
v 1668.000000 450.000000 75.000000
v 1668.000000 400.000000 75.000000
v 1668.000000 400.000000 225.000000
v 1668.000000 350.000000 225.000000
v 1668.000000 350.000000 375.000000
v 1668.000000 300.000000 375.000000
v 1668.000000 300.000000 525.000000
v 1668.000000 250.000000 525.000000
v 1668.000000 250.000000 675.000000
v 1668.000000 200.000000 675.000000
v 1668.000000 200.000000 825.000000
v 1668.000000 150.000000 825.000000
v 1668.000000 150.000000 975.000000
v 1668.000000 100.000000 975.000000
v 1668.000000 100.000000 1125.000000
v 1668.000000 50.000000 1125.000000
v 1668.000000 50.000000 1275.000000
v 1668.000000 0.000000 1275.000000
v 1668.000000 50.000000 -1275.000000
v -1668.000000 850.000000 -1275.000000
v -1668.000000 850.000000 -1125.000000
v -1668.000000 800.000000 -1125.000000
v -1668.000000 800.000000 -975.000000
v -1668.000000 750.000000 -975.000000
v -1668.000000 750.000000 -825.000000
v -1668.000000 700.000000 -825.000000
v -1668.000000 700.000000 -675.000000
v -1668.000000 650.000000 -675.000000
v -1668.000000 650.000000 -525.000000
v -1668.000000 600.000000 -525.000000
v -1668.000000 600.000000 -375.000000
v -1668.000000 550.000000 -375.000000
v -1668.000000 550.000000 -225.000000
v -1668.000000 500.000000 -225.000000
v -1668.000000 500.000000 -75.000000
v -1668.000000 450.000000 -75.000000
v -1668.000000 450.000000 75.000000
v -1668.000000 400.000000 75.000000
v -1668.000000 400.000000 225.000000
v -1668.000000 350.000000 225.000000
v -1668.000000 350.000000 375.000000
v -1668.000000 300.000000 375.000000
v -1668.000000 300.000000 525.000000
v -1668.000000 250.000000 525.000000
v -1668.000000 250.000000 675.000000
v -1668.000000 200.000000 675.000000
v -1668.000000 200.000000 825.000000
v -1668.000000 150.000000 825.000000
v -1668.000000 150.000000 975.000000
v -1668.000000 100.000000 975.000000
v -1668.000000 100.000000 1125.000000
v -1668.000000 50.000000 1125.000000
v -1668.000000 50.000000 1275.000000
v -1668.000000 0.000000 1275.000000
v -1668.000000 50.000000 -1275.000000
v 1668.000000 50.000000 1251.734102
v -1668.000000 50.000000 1251.734102
v -1668.000000 100.000000 1106.241409
v 1668.000000 100.000000 1106.241409
v 1668.000000 150.000000 957.147441
v -1668.000000 150.000000 957.147441
v 1668.000000 200.000000 807.191515
v -1668.000000 200.000000 807.191515
v 1668.000000 250.000000 655.658249
v -1668.000000 250.000000 655.658249
v 1668.000000 300.000000 508.024593
v -1668.000000 300.000000 508.024593
v 1668.000000 350.000000 359.763349
v -1668.000000 350.000000 359.763349
v 1668.000000 400.000000 209.621190
v -1668.000000 400.000000 209.621190
v 1668.000000 450.000000 60.365196
v -1668.000000 450.000000 60.365196
v 1668.000000 500.000000 -95.532404
v -1668.000000 500.000000 -95.532404
v 1668.000000 550.000000 -243.827887
v -1668.000000 550.000000 -243.827887
v -1668.000000 600.000000 -395.987566
v 1668.000000 600.000000 -395.987566
v 1668.000000 650.000000 -546.864869
v -1668.000000 650.000000 -546.864869
v 1668.000000 700.000000 -696.410179
v -1668.000000 700.000000 -696.410179
v 1668.000000 750.000000 -847.927027
v -1668.000000 750.000000 -847.927027
v 1668.000000 800.000000 -996.631463
v -1668.000000 800.000000 -996.631463
v -1668.000000 850.000000 -1151.164553
v 1668.000000 850.000000 -1151.164553
v -1668.000000 41.408297 -836.823128
v 1668.000000 38.358149 -681.265610
v 1668.000000 9.282538 801.590551
v -1668.000000 11.860505 670.114263
# 1630 vertices

vn -0.382687 0.000000 -0.923878
vn 0.923878 0.000000 0.382687
vn 0.923874 0.000000 -0.382698
vn 0.382698 0.000000 -0.923874
vn 0.382673 0.000000 0.923884
vn -0.923888 0.000000 0.382663
vn -0.923884 0.000000 -0.382673
vn -0.382663 0.000000 0.923888
vn 0.923876 0.000000 0.382692
vn 0.382685 0.000000 0.923879
vn -0.923886 0.000000 0.382668
vn -0.382675 0.000000 0.923883
vn -0.382675 0.000000 -0.923883
vn 0.923875 0.000000 0.382695
vn 0.923876 0.000000 -0.382692
vn 0.382685 0.000000 -0.923879
vn 0.382691 0.000000 0.923876
vn -0.923885 0.000000 0.382670
vn -0.923886 0.000000 -0.382668
vn -0.382681 0.000000 0.923881
vn -0.382678 0.000000 -0.923882
vn 0.923875 0.000000 0.382694
vn 0.923875 0.000000 -0.382694
vn 0.382688 0.000000 -0.923878
vn 0.382688 0.000000 0.923878
vn -0.923886 0.000000 0.382669
vn -0.923886 0.000000 -0.382669
vn -0.382678 0.000000 0.923882
vn 0.923876 0.000000 0.382693
vn 0.382687 0.000000 0.923878
vn -0.923886 0.000000 0.382668
vn -0.382676 0.000000 0.923882
vn -0.382675 0.000000 -0.923883
vn 0.923875 0.000000 0.382695
vn 0.923876 0.000000 -0.382692
vn 0.382691 0.000000 0.923876
vn -0.923885 0.000000 0.382670
vn -0.923886 0.000000 -0.382668
vn -0.382687 0.000000 -0.923878
vn 0.923876 0.000000 0.382692
vn -0.923886 0.000000 0.382668
vn -0.923884 0.000000 -0.382673
vn -0.382675 0.000000 0.923883
vn 0.382676 -0.001128 0.923882
vn 0.383102 0.046181 0.922551
vn 0.923883 -0.000467 0.382675
vn 0.924061 0.019110 0.381768
vn 0.923879 0.000468 -0.382684
vn 0.924058 -0.019112 -0.381775
vn 0.382698 0.001130 -0.923873
vn 0.383119 -0.046183 -0.922544
vn -0.382698 0.001130 -0.923873
vn -0.383118 -0.046183 -0.922544
vn -0.923879 0.000468 -0.382684
vn -0.924058 -0.019112 -0.381774
vn -0.923883 -0.000467 0.382675
vn -0.924061 0.019110 0.381768
vn -0.382676 -0.001128 0.923882
vn -0.383101 0.046181 0.922551
vn 0.384600 0.192325 0.902826
vn 0.924680 0.079328 0.372390
vn 0.924679 -0.079330 -0.372392
vn 0.384611 -0.192329 -0.902820
vn -0.384611 -0.192329 -0.902820
vn -0.924679 -0.079330 -0.372392
vn -0.924680 0.079328 0.372390
vn -0.384599 0.192325 0.902826
vn 0.384676 0.384148 0.839318
vn 0.924711 0.158425 0.346138
vn 0.924711 -0.158425 -0.346139
vn 0.384686 -0.384149 -0.839313
vn -0.384686 -0.384149 -0.839313
vn -0.924711 -0.158425 -0.346139
vn -0.924711 0.158425 0.346138
vn -0.384676 0.384148 0.839318
vn 0.384842 0.562148 0.732042
vn 0.924774 0.231757 0.301798
vn 0.924774 -0.231756 -0.301799
vn 0.384846 -0.562144 -0.732043
vn -0.384846 -0.562144 -0.732043
vn -0.924774 -0.231756 -0.301799
vn -0.924774 0.231757 0.301798
vn -0.384842 0.562148 0.732042
vn 0.384595 0.710201 0.589662
vn 0.924670 0.292955 0.243234
vn 0.924671 -0.292953 -0.243233
vn 0.384594 -0.710200 -0.589664
vn -0.384594 -0.710200 -0.589664
vn -0.924671 -0.292953 -0.243233
vn -0.924670 0.292955 0.243234
vn -0.384595 0.710201 0.589662
vn 0.384052 0.814182 0.435445
vn 0.924446 0.336225 0.179865
vn 0.924446 -0.336194 -0.179924
vn 0.384042 -0.814002 -0.435789
vn -0.384040 -0.814003 -0.435790
vn -0.924445 -0.336198 -0.179926
vn -0.924445 0.336229 0.179867
vn -0.384051 0.814182 0.435445
vn 0.382808 0.865546 0.322938
vn 0.923936 0.358397 0.133766
vn 0.923940 -0.358366 -0.133826
vn 0.382818 -0.865405 -0.323303
vn -0.382814 -0.865406 -0.323304
vn -0.923938 -0.358370 -0.133827
vn -0.923935 0.358399 0.133767
vn -0.382807 0.865546 0.322939
vn 0.383165 0.892970 0.236198
vn 0.924083 0.369484 0.097735
vn 0.924083 -0.369483 -0.097735
vn 0.383168 -0.892969 -0.236197
vn -0.383167 -0.892969 -0.236198
vn -0.924084 -0.369483 -0.097735
vn -0.924084 0.369483 0.097735
vn -0.383166 0.892969 0.236198
vn 0.385013 0.919883 0.074696
vn 0.924842 0.379103 0.030784
vn 0.924842 -0.379105 -0.030784
vn 0.385018 -0.919881 -0.074695
vn -0.385018 -0.919881 -0.074695
vn -0.924842 -0.379105 -0.030784
vn -0.924842 0.379103 0.030784
vn -0.385012 0.919884 0.074696
vn 0.384802 0.912324 -0.139973
vn 0.924759 0.376152 -0.057710
vn 0.924758 -0.376154 0.057712
vn 0.384808 -0.912321 0.139975
vn -0.384808 -0.912321 0.139975
vn -0.924758 -0.376154 0.057712
vn -0.924759 0.376152 -0.057710
vn -0.384801 0.912324 -0.139973
vn 0.384618 0.858884 -0.338212
vn 0.924684 0.354258 -0.139501
vn 0.924683 -0.354261 0.139501
vn 0.384622 -0.858883 0.338210
vn -0.384622 -0.858883 0.338210
vn -0.924683 -0.354261 0.139501
vn -0.924684 0.354258 -0.139501
vn -0.384618 0.858884 -0.338212
vn 0.384680 0.764656 -0.517031
vn 0.924706 0.315358 -0.213233
vn 0.924705 -0.315359 0.213234
vn 0.384677 -0.764658 0.517032
vn -0.384677 -0.764658 0.517032
vn -0.924705 -0.315359 0.213234
vn -0.924706 0.315358 -0.213233
vn -0.384680 0.764657 -0.517032
vn 0.384836 0.629892 -0.674638
vn 0.924769 0.259693 -0.278140
vn 0.924769 -0.259693 0.278140
vn 0.384832 -0.629892 0.674641
vn -0.384832 -0.629892 0.674641
vn -0.924769 -0.259693 0.278140
vn -0.924769 0.259693 -0.278140
vn -0.384836 0.629892 -0.674638
vn 0.385041 0.455786 -0.802498
vn 0.924852 0.187830 -0.330711
vn 0.924852 -0.187830 0.330709
vn 0.385041 -0.455786 0.802498
vn -0.385041 -0.455786 0.802498
vn -0.924852 -0.187830 0.330709
vn -0.924852 0.187830 -0.330711
vn -0.385041 0.455786 -0.802497
vn 0.384129 0.275182 -0.881317
vn 0.924478 0.113626 -0.363908
vn 0.924478 -0.113626 0.363909
vn 0.384135 -0.275178 0.881316
vn -0.384135 -0.275178 0.881316
vn -0.924478 -0.113626 0.363910
vn -0.924478 0.113626 -0.363908
vn -0.384128 0.275182 -0.881317
vn 0.383444 0.129180 -0.914485
vn 0.924199 0.053418 -0.378157
vn 0.924197 -0.053416 0.378162
vn 0.383455 -0.129171 0.914482
vn -0.383456 -0.129171 0.914482
vn -0.924197 -0.053416 0.378162
vn -0.924199 0.053418 -0.378157
vn -0.383444 0.129180 -0.914485
vn 0.382679 0.066440 -0.921489
vn 0.923884 0.027520 -0.381683
vn 0.923881 -0.027515 0.381689
vn 0.382690 -0.066429 0.921485
vn -0.382690 -0.066429 0.921485
vn -0.923882 -0.027515 0.381688
vn -0.923884 0.027520 -0.381683
vn -0.382679 0.066440 -0.921489
vn -0.382693 0.000000 -0.923875
vn 0.923882 0.000000 0.382677
vn 0.923878 0.000000 -0.382688
vn 0.382694 0.000000 -0.923875
vn 0.382669 0.000000 0.923886
vn -0.923882 0.000000 0.382677
vn -0.923878 0.000000 -0.382688
vn -0.382669 0.000000 0.923886
vn 0.923880 0.000000 0.382682
vn 0.382681 0.000000 0.923881
vn -0.923880 0.000000 0.382682
vn -0.382681 0.000000 0.923881
vn -0.382681 0.000000 -0.923881
vn 0.923879 0.000000 0.382685
vn 0.923880 0.000000 -0.382682
vn 0.382681 0.000000 -0.923881
vn 0.382687 0.000000 0.923878
vn -0.923879 0.000000 0.382685
vn -0.923880 0.000000 -0.382682
vn -0.382687 0.000000 0.923878
vn -0.382684 0.000000 -0.923879
vn 0.923879 0.000000 0.382684
vn 0.923879 0.000000 -0.382684
vn 0.382684 0.000000 -0.923879
vn 0.382684 0.000000 0.923879
vn -0.923879 0.000000 0.382684
vn -0.923879 0.000000 -0.382684
vn -0.382684 0.000000 0.923879
vn 0.923880 0.000000 0.382683
vn 0.382683 0.000000 0.923880
vn -0.923880 0.000000 0.382683
vn -0.382683 0.000000 0.923880
vn -0.382681 0.000000 -0.923881
vn 0.382681 0.000000 -0.923881
vn 0.382687 0.000000 0.923878
vn -0.382693 0.000000 -0.923875
vn 0.923878 0.000000 -0.382687
vn 0.382694 0.000000 -0.923875
vn 0.382681 0.000000 0.923881
vn -0.923878 0.000000 -0.382687
vn -0.382681 0.000000 0.923881
vn 0.382678 -0.001128 0.923881
vn 0.383104 0.046181 0.922550
vn 0.923880 -0.000467 0.382681
vn 0.924058 0.019111 0.381774
vn 0.923877 0.000468 -0.382690
vn 0.924055 -0.019112 -0.381781
vn 0.382701 0.001130 -0.923872
vn 0.383122 -0.046182 -0.922543
vn -0.382701 0.001130 -0.923872
vn -0.383121 -0.046182 -0.922543
vn -0.923877 0.000468 -0.382690
vn -0.924055 -0.019112 -0.381781
vn -0.923880 -0.000467 0.382681
vn -0.924058 0.019111 0.381774
vn -0.382678 -0.001128 0.923881
vn -0.383104 0.046181 0.922550
vn 0.384602 0.192325 0.902825
vn 0.924677 0.079329 0.372396
vn 0.924676 -0.079331 -0.372398
vn 0.384613 -0.192328 -0.902819
vn -0.384613 -0.192328 -0.902819
vn -0.924676 -0.079331 -0.372398
vn -0.924677 0.079329 0.372396
vn -0.384602 0.192325 0.902825
vn 0.384679 0.384148 0.839317
vn 0.924708 0.158428 0.346144
vn 0.924708 -0.158427 -0.346144
vn 0.384689 -0.384149 -0.839312
vn -0.384689 -0.384149 -0.839312
vn -0.924708 -0.158427 -0.346144
vn -0.924708 0.158428 0.346144
vn -0.384679 0.384148 0.839317
vn 0.384845 0.562148 0.732041
vn 0.924771 0.231761 0.301803
vn 0.924771 -0.231760 -0.301804
vn 0.384849 -0.562143 -0.732042
vn -0.384849 -0.562143 -0.732042
vn -0.924771 -0.231760 -0.301804
vn -0.924771 0.231761 0.301803
vn -0.384845 0.562148 0.732041
vn 0.384598 0.710200 0.589662
vn 0.924668 0.292960 0.243238
vn 0.924668 -0.292958 -0.243237
vn 0.384597 -0.710199 -0.589663
vn -0.384597 -0.710199 -0.589663
vn -0.924668 -0.292958 -0.243237
vn -0.924667 0.292960 0.243238
vn -0.384597 0.710200 0.589662
vn 0.384055 0.814181 0.435444
vn 0.924444 0.336231 0.179868
vn 0.924444 -0.336200 -0.179927
vn 0.384045 -0.814001 -0.435789
vn -0.384043 -0.814002 -0.435789
vn -0.924442 -0.336203 -0.179929
vn -0.924442 0.336234 0.179870
vn -0.384053 0.814182 0.435444
vn 0.382810 0.865544 0.322938
vn 0.923934 0.358402 0.133768
vn 0.923937 -0.358372 -0.133828
vn 0.382820 -0.865404 -0.323303
vn -0.382817 -0.865405 -0.323303
vn -0.923935 -0.358376 -0.133829
vn -0.923933 0.358405 0.133769
vn -0.382810 0.865545 0.322938
vn 0.383168 0.892969 0.236198
vn 0.924081 0.369490 0.097737
vn 0.924081 -0.369489 -0.097737
vn 0.383171 -0.892968 -0.236197
vn -0.383169 -0.892968 -0.236197
vn -0.924081 -0.369489 -0.097737
vn -0.924081 0.369489 0.097736
vn -0.383169 0.892968 0.236198
vn 0.385015 0.919882 0.074696
vn 0.924840 0.379110 0.030785
vn 0.924839 -0.379111 -0.030784
vn 0.385021 -0.919880 -0.074695
vn -0.385021 -0.919880 -0.074695
vn -0.924839 -0.379111 -0.030784
vn -0.924840 0.379110 0.030785
vn -0.385015 0.919882 0.074696
vn 0.384804 0.912323 -0.139973
vn 0.924757 0.376158 -0.057711
vn 0.924755 -0.376161 0.057713
vn 0.384811 -0.912320 0.139975
vn -0.384810 -0.912320 0.139975
vn -0.924755 -0.376161 0.057713
vn -0.924757 0.376158 -0.057711
vn -0.384804 0.912323 -0.139973
vn 0.384621 0.858883 -0.338212
vn 0.924681 0.354264 -0.139503
vn 0.924680 -0.354267 0.139503
vn 0.384625 -0.858882 0.338210
vn -0.384625 -0.858882 0.338210
vn -0.924680 -0.354267 0.139504
vn -0.924681 0.354264 -0.139503
vn -0.384621 0.858883 -0.338212
vn 0.384683 0.764656 -0.517031
vn 0.924703 0.315363 -0.213237
vn 0.924703 -0.315365 0.213238
vn 0.384679 -0.764657 0.517031
vn -0.384679 -0.764657 0.517031
vn -0.924703 -0.315365 0.213238
vn -0.924703 0.315363 -0.213237
vn -0.384683 0.764656 -0.517031
vn 0.384839 0.629892 -0.674637
vn 0.924767 0.259697 -0.278145
vn 0.924766 -0.259697 0.278145
vn 0.384835 -0.629891 0.674640
vn -0.384835 -0.629891 0.674640
vn -0.924766 -0.259697 0.278145
vn -0.924767 0.259697 -0.278145
vn -0.384839 0.629892 -0.674637
vn 0.385044 0.455786 -0.802497
vn 0.924849 0.187833 -0.330716
vn 0.924850 -0.187833 0.330715
vn 0.385043 -0.455785 0.802497
vn -0.385043 -0.455785 0.802497
vn -0.924850 -0.187833 0.330715
vn -0.924849 0.187833 -0.330716
vn -0.385043 0.455786 -0.802497
vn 0.384131 0.275181 -0.881316
vn 0.924476 0.113628 -0.363914
vn 0.924475 -0.113628 0.363915
vn 0.384137 -0.275178 0.881315
vn -0.384138 -0.275178 0.881315
vn -0.924475 -0.113628 0.363916
vn -0.924476 0.113628 -0.363914
vn -0.384131 0.275181 -0.881316
vn 0.383446 0.129180 -0.914484
vn 0.924196 0.053419 -0.378164
vn 0.924194 -0.053417 0.378168
vn 0.383458 -0.129171 0.914481
vn -0.383458 -0.129171 0.914481
vn -0.924194 -0.053417 0.378169
vn -0.924196 0.053419 -0.378163
vn -0.383446 0.129180 -0.914484
vn 0.382681 0.066440 -0.921488
vn 0.923881 0.027520 -0.381689
vn 0.923879 -0.027516 0.381695
vn 0.382693 -0.066429 0.921484
vn -0.382693 -0.066429 0.921484
vn -0.923879 -0.027516 0.381695
vn -0.923881 0.027520 -0.381689
vn -0.382681 0.066440 -0.921488
vn 0.000000 1.000000 0.000000
vn -1.000000 0.000000 0.000000
vn 0.000000 0.000000 1.000000
vn 1.000000 0.000000 0.000000
vn 0.000000 0.000000 -1.000000
vn 0.000000 -1.000000 0.000000
vn 0.382687 0.000000 -0.923878
vn -0.923878 0.000000 0.382687
vn -0.923874 0.000000 -0.382698
vn -0.382698 0.000000 -0.923874
vn -0.382673 0.000000 0.923884
vn 0.923888 0.000000 0.382663
vn 0.923884 0.000000 -0.382673
vn 0.382663 0.000000 0.923888
vn -0.923876 0.000000 0.382692
vn -0.382685 0.000000 0.923879
vn 0.923886 0.000000 0.382668
vn 0.382675 0.000000 0.923883
vn 0.382675 0.000000 -0.923883
vn -0.923875 0.000000 0.382695
vn -0.923876 0.000000 -0.382692
vn -0.382685 0.000000 -0.923879
vn -0.382691 0.000000 0.923876
vn 0.923885 0.000000 0.382670
vn 0.923886 0.000000 -0.382668
vn 0.382681 0.000000 0.923881
vn 0.382678 0.000000 -0.923882
vn -0.923875 0.000000 0.382694
vn -0.923875 0.000000 -0.382694
vn -0.382688 0.000000 -0.923878
vn -0.382688 0.000000 0.923878
vn 0.923886 0.000000 0.382669
vn 0.923886 0.000000 -0.382669
vn 0.382678 0.000000 0.923882
vn -0.923876 0.000000 0.382693
vn -0.382687 0.000000 0.923878
vn 0.923886 0.000000 0.382668
vn 0.382676 0.000000 0.923882
vn 0.382675 0.000000 -0.923883
vn -0.923875 0.000000 0.382695
vn -0.923876 0.000000 -0.382692
vn -0.382691 0.000000 0.923876
vn 0.923885 0.000000 0.382670
vn 0.923886 0.000000 -0.382668
vn 0.382687 0.000000 -0.923878
vn -0.923876 0.000000 0.382692
vn 0.923886 0.000000 0.382668
vn 0.923884 0.000000 -0.382673
vn 0.382675 0.000000 0.923883
vn -0.382676 -0.001128 0.923882
vn -0.383102 0.046181 0.922551
vn -0.923883 -0.000467 0.382675
vn -0.924061 0.019110 0.381768
vn -0.923879 0.000468 -0.382684
vn -0.924058 -0.019112 -0.381775
vn -0.382698 0.001130 -0.923873
vn -0.383119 -0.046183 -0.922544
vn 0.382698 0.001130 -0.923873
vn 0.383118 -0.046183 -0.922544
vn 0.923879 0.000468 -0.382684
vn 0.924058 -0.019112 -0.381774
vn 0.923883 -0.000467 0.382675
vn 0.924061 0.019110 0.381768
vn 0.382676 -0.001128 0.923882
vn 0.383101 0.046181 0.922551
vn -0.384600 0.192325 0.902826
vn -0.924680 0.079328 0.372390
vn -0.924679 -0.079330 -0.372392
vn -0.384611 -0.192329 -0.902820
vn 0.384611 -0.192329 -0.902820
vn 0.924679 -0.079330 -0.372392
vn 0.924680 0.079328 0.372390
vn 0.384599 0.192325 0.902826
vn -0.384676 0.384148 0.839318
vn -0.924711 0.158425 0.346138
vn -0.924711 -0.158425 -0.346139
vn -0.384686 -0.384149 -0.839313
vn 0.384686 -0.384149 -0.839313
vn 0.924711 -0.158425 -0.346139
vn 0.924711 0.158425 0.346138
vn 0.384676 0.384148 0.839318
vn -0.384842 0.562148 0.732042
vn -0.924774 0.231757 0.301798
vn -0.924774 -0.231756 -0.301799
vn -0.384846 -0.562144 -0.732043
vn 0.384846 -0.562144 -0.732043
vn 0.924774 -0.231756 -0.301799
vn 0.924774 0.231757 0.301798
vn 0.384842 0.562148 0.732042
vn -0.384595 0.710201 0.589662
vn -0.924670 0.292955 0.243234
vn 0.924670 0.292955 0.243234
vn 0.384595 0.710201 0.589662
vn -0.384052 0.814182 0.435445
vn -0.924446 0.336225 0.179865
vn -0.924446 -0.336194 -0.179924
vn -0.384042 -0.814002 -0.435789
vn 0.384040 -0.814003 -0.435790
vn 0.924445 -0.336198 -0.179926
vn 0.924445 0.336229 0.179867
vn 0.384051 0.814182 0.435445
vn -0.382808 0.865546 0.322938
vn -0.923936 0.358397 0.133766
vn -0.923940 -0.358366 -0.133826
vn -0.382818 -0.865405 -0.323303
vn 0.382814 -0.865406 -0.323304
vn 0.923938 -0.358370 -0.133827
vn 0.923935 0.358399 0.133767
vn 0.382807 0.865546 0.322939
vn -0.383165 0.892970 0.236198
vn -0.924083 0.369484 0.097735
vn -0.924083 -0.369483 -0.097735
vn -0.383168 -0.892969 -0.236197
vn 0.383167 -0.892969 -0.236198
vn 0.924084 -0.369483 -0.097735
vn 0.924084 0.369483 0.097735
vn 0.383166 0.892969 0.236198
vn -0.385013 0.919883 0.074696
vn -0.924842 0.379103 0.030784
vn -0.924842 -0.379105 -0.030784
vn -0.385018 -0.919881 -0.074695
vn 0.385018 -0.919881 -0.074695
vn 0.924842 -0.379105 -0.030784
vn 0.924842 0.379103 0.030784
vn 0.385012 0.919884 0.074696
vn -0.384802 0.912324 -0.139973
vn -0.924759 0.376152 -0.057710
vn -0.924758 -0.376154 0.057712
vn -0.384808 -0.912321 0.139975
vn 0.384808 -0.912321 0.139975
vn 0.924758 -0.376154 0.057712
vn 0.924759 0.376152 -0.057710
vn 0.384801 0.912324 -0.139973
vn -0.384618 0.858884 -0.338212
vn -0.924684 0.354258 -0.139501
vn -0.924683 -0.354261 0.139501
vn -0.384622 -0.858883 0.338210
vn 0.384622 -0.858883 0.338210
vn 0.924683 -0.354261 0.139501
vn 0.924684 0.354258 -0.139501
vn 0.384618 0.858884 -0.338212
vn -0.384680 0.764656 -0.517031
vn -0.924706 0.315358 -0.213233
vn -0.924705 -0.315359 0.213234
vn -0.384677 -0.764658 0.517032
vn 0.384677 -0.764658 0.517032
vn 0.924705 -0.315359 0.213234
vn 0.924706 0.315358 -0.213233
vn 0.384680 0.764657 -0.517032
vn -0.384836 0.629892 -0.674638
vn -0.924769 0.259693 -0.278140
vn -0.924769 -0.259693 0.278140
vn -0.384832 -0.629892 0.674641
vn 0.384832 -0.629892 0.674641
vn 0.924769 -0.259693 0.278140
vn 0.924769 0.259693 -0.278140
vn 0.384836 0.629892 -0.674638
vn -0.385041 0.455786 -0.802498
vn -0.924852 0.187830 -0.330711
vn -0.924852 -0.187830 0.330709
vn -0.385041 -0.455786 0.802498
vn 0.385041 -0.455786 0.802498
vn 0.924852 -0.187830 0.330709
vn 0.924852 0.187830 -0.330711
vn 0.385041 0.455786 -0.802497
vn -0.384129 0.275182 -0.881317
vn -0.924478 0.113626 -0.363908
vn -0.924478 -0.113626 0.363909
vn -0.384135 -0.275178 0.881316
vn 0.384135 -0.275178 0.881316
vn 0.924478 -0.113626 0.363910
vn 0.924478 0.113626 -0.363908
vn 0.384128 0.275182 -0.881317
vn -0.383444 0.129180 -0.914485
vn -0.924199 0.053418 -0.378157
vn -0.924197 -0.053416 0.378162
vn -0.383455 -0.129171 0.914482
vn 0.383456 -0.129171 0.914482
vn 0.924197 -0.053416 0.378162
vn 0.924199 0.053418 -0.378157
vn 0.383444 0.129180 -0.914485
vn -0.382679 0.066440 -0.921489
vn -0.923884 0.027520 -0.381683
vn -0.923881 -0.027515 0.381689
vn -0.382690 -0.066429 0.921485
vn 0.382690 -0.066429 0.921485
vn 0.923882 -0.027515 0.381688
vn 0.923884 0.027520 -0.381683
vn 0.382679 0.066440 -0.921489
vn 0.382693 0.000000 -0.923875
vn -0.382694 0.000000 -0.923875
vn -0.382669 0.000000 0.923886
vn 0.382669 0.000000 0.923886
vn -0.382681 0.000000 0.923881
vn 0.382681 0.000000 0.923881
vn 0.382681 0.000000 -0.923881
vn -0.382681 0.000000 -0.923881
vn -0.382687 0.000000 0.923878
vn 0.382687 0.000000 0.923878
vn 0.382684 0.000000 -0.923879
vn -0.382684 0.000000 -0.923879
vn -0.382684 0.000000 0.923879
vn 0.382684 0.000000 0.923879
vn -0.382683 0.000000 0.923880
vn 0.382683 0.000000 0.923880
vn 0.382681 0.000000 -0.923881
vn -0.382681 0.000000 -0.923881
vn -0.382687 0.000000 0.923878
vn 0.382693 0.000000 -0.923875
vn -0.382694 0.000000 -0.923875
vn -0.382681 0.000000 0.923881
vn 0.382681 0.000000 0.923881
vn -0.382678 -0.001128 0.923881
vn -0.383104 0.046181 0.922550
vn -0.923880 -0.000467 0.382681
vn -0.924058 0.019111 0.381774
vn -0.923877 0.000468 -0.382690
vn -0.924055 -0.019112 -0.381781
vn -0.382701 0.001130 -0.923872
vn -0.383122 -0.046182 -0.922543
vn 0.382701 0.001130 -0.923872
vn 0.383121 -0.046182 -0.922543
vn 0.923877 0.000468 -0.382690
vn 0.924055 -0.019112 -0.381781
vn 0.923880 -0.000467 0.382681
vn 0.924058 0.019111 0.381774
vn 0.382678 -0.001128 0.923881
vn 0.383104 0.046181 0.922550
vn -0.384602 0.192325 0.902825
vn -0.924677 0.079329 0.372396
vn -0.924676 -0.079331 -0.372398
vn -0.384613 -0.192328 -0.902819
vn 0.384613 -0.192328 -0.902819
vn 0.924676 -0.079331 -0.372398
vn 0.924677 0.079329 0.372396
vn 0.384602 0.192325 0.902825
vn -0.384679 0.384148 0.839317
vn -0.924708 0.158428 0.346144
vn -0.924708 -0.158427 -0.346144
vn -0.384689 -0.384149 -0.839312
vn 0.384689 -0.384149 -0.839312
vn 0.924708 -0.158427 -0.346144
vn 0.924708 0.158428 0.346144
vn 0.384679 0.384148 0.839317
vn -0.384845 0.562148 0.732041
vn -0.924771 0.231761 0.301803
vn -0.924771 -0.231760 -0.301804
vn -0.384849 -0.562143 -0.732042
vn 0.384849 -0.562143 -0.732042
vn 0.924771 -0.231760 -0.301804
vn 0.924771 0.231761 0.301803
vn 0.384845 0.562148 0.732041
vn -0.384598 0.710200 0.589662
vn -0.924668 0.292960 0.243238
vn -0.924668 -0.292958 -0.243237
vn -0.384597 -0.710199 -0.589663
vn 0.384597 -0.710199 -0.589663
vn 0.924668 -0.292958 -0.243237
vn 0.924667 0.292960 0.243238
vn 0.384597 0.710200 0.589662
vn -0.384055 0.814181 0.435444
vn -0.924444 0.336231 0.179868
vn -0.924444 -0.336200 -0.179927
vn -0.384045 -0.814001 -0.435789
vn 0.384043 -0.814002 -0.435789
vn 0.924442 -0.336203 -0.179929
vn 0.924442 0.336234 0.179870
vn 0.384053 0.814182 0.435444
vn -0.382810 0.865544 0.322938
vn -0.923934 0.358402 0.133768
vn -0.923937 -0.358372 -0.133828
vn -0.382820 -0.865404 -0.323303
vn 0.382817 -0.865405 -0.323303
vn 0.923935 -0.358376 -0.133829
vn 0.923933 0.358405 0.133769
vn 0.382810 0.865545 0.322938
vn -0.383168 0.892969 0.236198
vn -0.924081 0.369490 0.097737
vn -0.924081 -0.369489 -0.097737
vn -0.383171 -0.892968 -0.236197
vn 0.383169 -0.892968 -0.236197
vn 0.924081 -0.369489 -0.097737
vn 0.924081 0.369489 0.097736
vn 0.383169 0.892968 0.236198
vn -0.385015 0.919882 0.074696
vn -0.924840 0.379110 0.030785
vn -0.924839 -0.379111 -0.030784
vn -0.385021 -0.919880 -0.074695
vn 0.385021 -0.919880 -0.074695
vn 0.924839 -0.379111 -0.030784
vn 0.924840 0.379110 0.030785
vn 0.385015 0.919882 0.074696
vn -0.384804 0.912323 -0.139973
vn -0.924757 0.376158 -0.057711
vn -0.924755 -0.376161 0.057713
vn -0.384811 -0.912320 0.139975
vn 0.384810 -0.912320 0.139975
vn 0.924755 -0.376161 0.057713
vn 0.924757 0.376158 -0.057711
vn 0.384804 0.912323 -0.139973
vn -0.384621 0.858883 -0.338212
vn -0.924681 0.354264 -0.139503
vn -0.924680 -0.354267 0.139503
vn -0.384625 -0.858882 0.338210
vn 0.384625 -0.858882 0.338210
vn 0.924680 -0.354267 0.139504
vn 0.924681 0.354264 -0.139503
vn 0.384621 0.858883 -0.338212
vn -0.384683 0.764656 -0.517031
vn -0.924703 0.315363 -0.213237
vn -0.924703 -0.315365 0.213238
vn -0.384679 -0.764657 0.517031
vn 0.384679 -0.764657 0.517031
vn 0.924703 -0.315365 0.213238
vn 0.924703 0.315363 -0.213237
vn 0.384683 0.764656 -0.517031
vn -0.384839 0.629892 -0.674637
vn -0.924767 0.259697 -0.278145
vn -0.924766 -0.259697 0.278145
vn -0.384835 -0.629891 0.674640
vn 0.384835 -0.629891 0.674640
vn 0.924766 -0.259697 0.278145
vn 0.924767 0.259697 -0.278145
vn 0.384839 0.629892 -0.674637
vn -0.385044 0.455786 -0.802497
vn -0.924849 0.187833 -0.330716
vn 0.924849 0.187833 -0.330716
vn 0.385043 0.455786 -0.802497
vn -0.384131 0.275181 -0.881316
vn -0.924476 0.113628 -0.363914
vn -0.924475 -0.113628 0.363915
vn -0.384137 -0.275178 0.881315
vn 0.384138 -0.275178 0.881315
vn 0.924475 -0.113628 0.363916
vn 0.924476 0.113628 -0.363914
vn 0.384131 0.275181 -0.881316
vn -0.383446 0.129180 -0.914484
vn -0.924196 0.053419 -0.378164
vn -0.924194 -0.053417 0.378168
vn -0.383458 -0.129171 0.914481
vn 0.383458 -0.129171 0.914481
vn 0.924194 -0.053417 0.378169
vn 0.924196 0.053419 -0.378163
vn 0.383446 0.129180 -0.914484
vn -0.382681 0.066440 -0.921488
vn -0.923881 0.027520 -0.381689
vn -0.923879 -0.027516 0.381695
vn -0.382693 -0.066429 0.921484
vn 0.382693 -0.066429 0.921484
vn 0.923879 -0.027516 0.381695
vn 0.923881 0.027520 -0.381689
vn 0.382681 0.066440 -0.921488
vn -1.000000 0.000000 0.000000
# 725 normals

vt 0.323619 0.855111 0.000000
vt 0.323619 0.853897 0.000000
vt 0.347750 0.853897 0.000000
vt 0.347750 0.855111 0.000000
vt 0.323619 0.851469 0.000000
vt 0.323619 0.850255 0.000000
vt 0.347750 0.850255 0.000000
vt 0.347750 0.851469 0.000000
vt 0.323619 0.852683 0.000000
vt 0.347750 0.852683 0.000000
vt 0.323619 0.849041 0.000000
vt 0.347750 0.849041 0.000000
vt 0.323619 0.847827 0.000000
vt 0.323619 0.846613 0.000000
vt 0.347750 0.846613 0.000000
vt 0.347750 0.847827 0.000000
vt 0.323619 0.856325 0.000000
vt 0.347750 0.856325 0.000000
vt 0.260036 0.788443 0.000000
vt 0.260036 0.787229 0.000000
vt 0.284167 0.787229 0.000000
vt 0.284167 0.788443 0.000000
vt 0.260036 0.784801 0.000000
vt 0.260036 0.783587 0.000000
vt 0.284167 0.783587 0.000000
vt 0.284167 0.784801 0.000000
vt 0.260036 0.786015 0.000000
vt 0.284167 0.786015 0.000000
vt 0.260036 0.782373 0.000000
vt 0.284167 0.782373 0.000000
vt 0.260036 0.781159 0.000000
vt 0.260036 0.779945 0.000000
vt 0.284167 0.779945 0.000000
vt 0.284167 0.781159 0.000000
vt 0.260036 0.789657 0.000000
vt 0.284167 0.789657 0.000000
vt 0.199163 0.335268 0.000000
vt 0.199163 0.334054 0.000000
vt 0.223294 0.334054 0.000000
vt 0.223294 0.335268 0.000000
vt 0.199163 0.331626 0.000000
vt 0.199163 0.330412 0.000000
vt 0.223294 0.330412 0.000000
vt 0.223294 0.331626 0.000000
vt 0.199163 0.332840 0.000000
vt 0.223294 0.332840 0.000000
vt 0.199163 0.329198 0.000000
vt 0.223294 0.329198 0.000000
vt 0.199163 0.327984 0.000000
vt 0.199163 0.326770 0.000000
vt 0.223294 0.326770 0.000000
vt 0.223294 0.327984 0.000000
vt 0.199163 0.336482 0.000000
vt 0.223294 0.336482 0.000000
vt 0.225599 0.747324 0.000000
vt 0.225599 0.746110 0.000000
vt 0.249729 0.746110 0.000000
vt 0.249729 0.747324 0.000000
vt 0.225599 0.743682 0.000000
vt 0.225599 0.742468 0.000000
vt 0.249729 0.742468 0.000000
vt 0.249729 0.743682 0.000000
vt 0.225599 0.744896 0.000000
vt 0.249729 0.744896 0.000000
vt 0.225599 0.741254 0.000000
vt 0.249729 0.741254 0.000000
vt 0.225599 0.740040 0.000000
vt 0.225599 0.738826 0.000000
vt 0.249729 0.738826 0.000000
vt 0.249729 0.740040 0.000000
vt 0.225599 0.748538 0.000000
vt 0.249729 0.748538 0.000000
vt 0.266400 0.217990 0.000000
vt 0.266400 0.216776 0.000000
vt 0.290531 0.216776 0.000000
vt 0.290531 0.217990 0.000000
vt 0.266400 0.214348 0.000000
vt 0.266400 0.213135 0.000000
vt 0.290531 0.213135 0.000000
vt 0.290531 0.214348 0.000000
vt 0.266400 0.215562 0.000000
vt 0.290531 0.215562 0.000000
vt 0.266400 0.211921 0.000000
vt 0.290531 0.211921 0.000000
vt 0.266400 0.210707 0.000000
vt 0.266400 0.209493 0.000000
vt 0.290531 0.209493 0.000000
vt 0.290531 0.210707 0.000000
vt 0.266400 0.219204 0.000000
vt 0.290531 0.219204 0.000000
vt 0.172180 0.465184 0.000000
vt 0.172180 0.463970 0.000000
vt 0.196310 0.463970 0.000000
vt 0.196310 0.465184 0.000000
vt 0.172180 0.461542 0.000000
vt 0.172180 0.460328 0.000000
vt 0.196310 0.460328 0.000000
vt 0.196310 0.461542 0.000000
vt 0.172180 0.462756 0.000000
vt 0.196310 0.462756 0.000000
vt 0.172180 0.459114 0.000000
vt 0.196310 0.459114 0.000000
vt 0.172180 0.457901 0.000000
vt 0.172180 0.456687 0.000000
vt 0.196310 0.456687 0.000000
vt 0.196310 0.457901 0.000000
vt 0.172180 0.466398 0.000000
vt 0.196310 0.466398 0.000000
vt 0.233601 0.257965 0.000000
vt 0.233601 0.256751 0.000000
vt 0.257731 0.256751 0.000000
vt 0.257731 0.257965 0.000000
vt 0.233601 0.254323 0.000000
vt 0.233601 0.253110 0.000000
vt 0.257731 0.253110 0.000000
vt 0.257731 0.254323 0.000000
vt 0.233601 0.255537 0.000000
vt 0.257731 0.255537 0.000000
vt 0.233601 0.251896 0.000000
vt 0.257731 0.251896 0.000000
vt 0.233601 0.250682 0.000000
vt 0.233601 0.249468 0.000000
vt 0.257731 0.249468 0.000000
vt 0.257731 0.250682 0.000000
vt 0.233601 0.259179 0.000000
vt 0.257731 0.259179 0.000000
vt 0.233601 0.268866 0.000000
vt 0.233601 0.267652 0.000000
vt 0.257731 0.267652 0.000000
vt 0.257731 0.268866 0.000000
vt 0.233601 0.265224 0.000000
vt 0.233601 0.264010 0.000000
vt 0.257731 0.264010 0.000000
vt 0.257731 0.265224 0.000000
vt 0.233601 0.266438 0.000000
vt 0.257731 0.266438 0.000000
vt 0.233601 0.262796 0.000000
vt 0.257731 0.262796 0.000000
vt 0.233601 0.261582 0.000000
vt 0.233601 0.260369 0.000000
vt 0.257731 0.260369 0.000000
vt 0.257731 0.261582 0.000000
vt 0.233601 0.270080 0.000000
vt 0.257731 0.270080 0.000000
vt 0.984350 0.508974 0.000000
vt 0.983238 0.508974 0.000000
vt 0.983242 0.506603 0.000000
vt 0.984350 0.506602 0.000000
vt 0.983250 0.504230 0.000000
vt 0.984350 0.504230 0.000000
vt 0.983259 0.501856 0.000000
vt 0.984350 0.501857 0.000000
vt 0.983263 0.499485 0.000000
vt 0.984350 0.499485 0.000000
vt 0.984350 0.518464 0.000000
vt 0.983263 0.518464 0.000000
vt 0.983259 0.516092 0.000000
vt 0.984350 0.516091 0.000000
vt 0.983250 0.513719 0.000000
vt 0.984350 0.513719 0.000000
vt 0.983242 0.511345 0.000000
vt 0.984350 0.511347 0.000000
vt 0.982383 0.508974 0.000000
vt 0.982403 0.506607 0.000000
vt 0.982451 0.504230 0.000000
vt 0.982500 0.501852 0.000000
vt 0.982521 0.499485 0.000000
vt 0.982521 0.518464 0.000000
vt 0.982500 0.516096 0.000000
vt 0.982451 0.513719 0.000000
vt 0.982403 0.511342 0.000000
vt 0.981720 0.508974 0.000000
vt 0.981764 0.506607 0.000000
vt 0.981870 0.504230 0.000000
vt 0.981977 0.501852 0.000000
vt 0.982021 0.499485 0.000000
vt 0.982021 0.518464 0.000000
vt 0.981977 0.516097 0.000000
vt 0.981870 0.513719 0.000000
vt 0.981764 0.511341 0.000000
vt 0.981080 0.508974 0.000000
vt 0.981148 0.506607 0.000000
vt 0.981313 0.504230 0.000000
vt 0.981479 0.501852 0.000000
vt 0.981549 0.499485 0.000000
vt 0.981549 0.518464 0.000000
vt 0.981479 0.516097 0.000000
vt 0.981313 0.513719 0.000000
vt 0.981148 0.511341 0.000000
vt 0.980437 0.508974 0.000000
vt 0.980529 0.506607 0.000000
vt 0.980752 0.504230 0.000000
vt 0.980978 0.501852 0.000000
vt 0.981072 0.499485 0.000000
vt 0.981072 0.518464 0.000000
vt 0.980978 0.516096 0.000000
vt 0.980752 0.513719 0.000000
vt 0.980529 0.511342 0.000000
vt 0.979771 0.508974 0.000000
vt 0.979884 0.506605 0.000000
vt 0.980160 0.504230 0.000000
vt 0.980439 0.501853 0.000000
vt 0.980555 0.499485 0.000000
vt 0.980555 0.518464 0.000000
vt 0.980439 0.516095 0.000000
vt 0.980160 0.513719 0.000000
vt 0.979884 0.511343 0.000000
vt 0.979076 0.508974 0.000000
vt 0.979203 0.506602 0.000000
vt 0.979513 0.504230 0.000000
vt 0.979825 0.501857 0.000000
vt 0.979956 0.499485 0.000000
vt 0.979956 0.518464 0.000000
vt 0.979825 0.516091 0.000000
vt 0.979513 0.513719 0.000000
vt 0.979203 0.511347 0.000000
vt 0.818609 0.508974 0.000000
vt 0.818419 0.506603 0.000000
vt 0.817958 0.504230 0.000000
vt 0.817492 0.501856 0.000000
vt 0.817298 0.499485 0.000000
vt 0.817298 0.518464 0.000000
vt 0.817492 0.516093 0.000000
vt 0.817958 0.513719 0.000000
vt 0.818419 0.511345 0.000000
vt 0.818118 0.508974 0.000000
vt 0.817947 0.506608 0.000000
vt 0.817533 0.504230 0.000000
vt 0.817114 0.501851 0.000000
vt 0.816939 0.499485 0.000000
vt 0.816939 0.518464 0.000000
vt 0.817114 0.516097 0.000000
vt 0.817533 0.513719 0.000000
vt 0.817947 0.511341 0.000000
vt 0.817519 0.508974 0.000000
vt 0.817374 0.506607 0.000000
vt 0.817021 0.504230 0.000000
vt 0.816665 0.501852 0.000000
vt 0.816516 0.499485 0.000000
vt 0.816516 0.518464 0.000000
vt 0.816665 0.516097 0.000000
vt 0.817021 0.513719 0.000000
vt 0.817374 0.511341 0.000000
vt 0.816916 0.508974 0.000000
vt 0.816795 0.506607 0.000000
vt 0.816500 0.504230 0.000000
vt 0.816203 0.501852 0.000000
vt 0.816079 0.499485 0.000000
vt 0.816079 0.518464 0.000000
vt 0.816203 0.516096 0.000000
vt 0.816500 0.513719 0.000000
vt 0.816795 0.511342 0.000000
vt 0.816217 0.508974 0.000000
vt 0.816119 0.506607 0.000000
vt 0.815882 0.504230 0.000000
vt 0.815643 0.501852 0.000000
vt 0.815543 0.499485 0.000000
vt 0.815543 0.518464 0.000000
vt 0.815643 0.516097 0.000000
vt 0.815882 0.513719 0.000000
vt 0.816119 0.511342 0.000000
vt 0.815515 0.508974 0.000000
vt 0.815441 0.506607 0.000000
vt 0.815263 0.504230 0.000000
vt 0.815083 0.501852 0.000000
vt 0.815008 0.499485 0.000000
vt 0.815008 0.518464 0.000000
vt 0.815083 0.516097 0.000000
vt 0.815263 0.513719 0.000000
vt 0.815441 0.511341 0.000000
vt 0.814817 0.508974 0.000000
vt 0.814769 0.506608 0.000000
vt 0.814653 0.504230 0.000000
vt 0.814535 0.501851 0.000000
vt 0.814485 0.499485 0.000000
vt 0.814485 0.518464 0.000000
vt 0.814535 0.516097 0.000000
vt 0.814653 0.513719 0.000000
vt 0.814769 0.511340 0.000000
vt 0.814225 0.508974 0.000000
vt 0.814200 0.506606 0.000000
vt 0.814140 0.504230 0.000000
vt 0.814079 0.501853 0.000000
vt 0.814053 0.499485 0.000000
vt 0.814053 0.518464 0.000000
vt 0.814079 0.516095 0.000000
vt 0.814140 0.513719 0.000000
vt 0.814200 0.511343 0.000000
vt 0.813910 0.508974 0.000000
vt 0.813902 0.506604 0.000000
vt 0.813885 0.504230 0.000000
vt 0.813867 0.501855 0.000000
vt 0.813860 0.499485 0.000000
vt 0.813860 0.518464 0.000000
vt 0.813867 0.516093 0.000000
vt 0.813885 0.513719 0.000000
vt 0.813902 0.511345 0.000000
vt 0.813629 0.508974 0.000000
vt 0.813629 0.506602 0.000000
vt 0.813629 0.504230 0.000000
vt 0.813629 0.501857 0.000000
vt 0.813629 0.499485 0.000000
vt 0.813629 0.518464 0.000000
vt 0.813629 0.516091 0.000000
vt 0.813629 0.513719 0.000000
vt 0.813629 0.511347 0.000000
vt 0.199163 0.346169 0.000000
vt 0.199163 0.344955 0.000000
vt 0.223294 0.344955 0.000000
vt 0.223294 0.346169 0.000000
vt 0.199163 0.342527 0.000000
vt 0.199163 0.341313 0.000000
vt 0.223294 0.341313 0.000000
vt 0.223294 0.342527 0.000000
vt 0.199163 0.343741 0.000000
vt 0.223294 0.343741 0.000000
vt 0.199163 0.340099 0.000000
vt 0.223294 0.340099 0.000000
vt 0.199163 0.338885 0.000000
vt 0.199163 0.337671 0.000000
vt 0.223294 0.337671 0.000000
vt 0.223294 0.338885 0.000000
vt 0.199163 0.347382 0.000000
vt 0.223294 0.347382 0.000000
vt 0.163712 0.552259 0.000000
vt 0.163712 0.551046 0.000000
vt 0.187843 0.551046 0.000000
vt 0.187843 0.552259 0.000000
vt 0.163712 0.548618 0.000000
vt 0.163712 0.547404 0.000000
vt 0.187843 0.547404 0.000000
vt 0.187843 0.548618 0.000000
vt 0.163712 0.549832 0.000000
vt 0.187843 0.549832 0.000000
vt 0.163712 0.546190 0.000000
vt 0.187843 0.546190 0.000000
vt 0.163712 0.544976 0.000000
vt 0.163712 0.543762 0.000000
vt 0.187843 0.543762 0.000000
vt 0.187843 0.544976 0.000000
vt 0.163712 0.553473 0.000000
vt 0.187843 0.553473 0.000000
vt 0.358875 0.877094 0.000000
vt 0.358875 0.875880 0.000000
vt 0.383006 0.875880 0.000000
vt 0.383006 0.877094 0.000000
vt 0.358875 0.873452 0.000000
vt 0.358875 0.872238 0.000000
vt 0.383006 0.872238 0.000000
vt 0.383006 0.873452 0.000000
vt 0.358875 0.874666 0.000000
vt 0.383006 0.874666 0.000000
vt 0.358875 0.871024 0.000000
vt 0.383006 0.871024 0.000000
vt 0.358875 0.869811 0.000000
vt 0.358875 0.868597 0.000000
vt 0.383006 0.868597 0.000000
vt 0.383006 0.869811 0.000000
vt 0.358875 0.878308 0.000000
vt 0.383006 0.878308 0.000000
vt 0.238072 0.247064 0.000000
vt 0.238072 0.245851 0.000000
vt 0.262203 0.245851 0.000000
vt 0.262203 0.247064 0.000000
vt 0.238072 0.243423 0.000000
vt 0.238072 0.242209 0.000000
vt 0.262203 0.242209 0.000000
vt 0.262203 0.243423 0.000000
vt 0.238072 0.244636 0.000000
vt 0.262203 0.244636 0.000000
vt 0.238072 0.240995 0.000000
vt 0.262203 0.240995 0.000000
vt 0.238072 0.239781 0.000000
vt 0.238072 0.238567 0.000000
vt 0.262203 0.238567 0.000000
vt 0.262203 0.239781 0.000000
vt 0.238072 0.248278 0.000000
vt 0.262203 0.248278 0.000000
vt 0.172477 0.454283 0.000000
vt 0.172477 0.453069 0.000000
vt 0.196608 0.453069 0.000000
vt 0.196608 0.454283 0.000000
vt 0.172477 0.450641 0.000000
vt 0.172477 0.449427 0.000000
vt 0.196608 0.449427 0.000000
vt 0.196608 0.450641 0.000000
vt 0.172477 0.451855 0.000000
vt 0.196608 0.451855 0.000000
vt 0.172477 0.448214 0.000000
vt 0.196608 0.448214 0.000000
vt 0.172477 0.447000 0.000000
vt 0.172477 0.445786 0.000000
vt 0.196608 0.445786 0.000000
vt 0.196608 0.447000 0.000000
vt 0.172477 0.455497 0.000000
vt 0.196608 0.455497 0.000000
vt 0.260036 0.777542 0.000000
vt 0.260036 0.776328 0.000000
vt 0.284167 0.776328 0.000000
vt 0.284167 0.777542 0.000000
vt 0.260036 0.773900 0.000000
vt 0.260036 0.772686 0.000000
vt 0.284167 0.772686 0.000000
vt 0.284167 0.773900 0.000000
vt 0.260036 0.775114 0.000000
vt 0.284167 0.775114 0.000000
vt 0.260036 0.771472 0.000000
vt 0.284167 0.771472 0.000000
vt 0.260036 0.770258 0.000000
vt 0.260036 0.769045 0.000000
vt 0.284167 0.769045 0.000000
vt 0.284167 0.770258 0.000000
vt 0.260036 0.778756 0.000000
vt 0.284167 0.778756 0.000000
vt 0.163712 0.563160 0.000000
vt 0.163712 0.561946 0.000000
vt 0.187843 0.561946 0.000000
vt 0.187843 0.563160 0.000000
vt 0.163712 0.559519 0.000000
vt 0.163712 0.558305 0.000000
vt 0.187843 0.558305 0.000000
vt 0.187843 0.559519 0.000000
vt 0.163712 0.560732 0.000000
vt 0.187843 0.560732 0.000000
vt 0.163712 0.557091 0.000000
vt 0.187843 0.557091 0.000000
vt 0.163712 0.555877 0.000000
vt 0.163712 0.554663 0.000000
vt 0.187843 0.554663 0.000000
vt 0.187843 0.555877 0.000000
vt 0.163712 0.564374 0.000000
vt 0.187843 0.564374 0.000000
vt 0.225598 0.725522 0.000000
vt 0.225598 0.724308 0.000000
vt 0.249729 0.724308 0.000000
vt 0.249729 0.725522 0.000000
vt 0.225598 0.721880 0.000000
vt 0.225598 0.720666 0.000000
vt 0.249729 0.720666 0.000000
vt 0.249729 0.721880 0.000000
vt 0.225598 0.723094 0.000000
vt 0.249729 0.723094 0.000000
vt 0.225598 0.719452 0.000000
vt 0.249729 0.719452 0.000000
vt 0.225598 0.718238 0.000000
vt 0.225598 0.717025 0.000000
vt 0.249729 0.717025 0.000000
vt 0.249729 0.718238 0.000000
vt 0.225598 0.726736 0.000000
vt 0.249729 0.726736 0.000000
vt 0.853920 0.549311 0.000000
vt 0.852808 0.549311 0.000000
vt 0.852812 0.546940 0.000000
vt 0.853920 0.546939 0.000000
vt 0.852820 0.544566 0.000000
vt 0.853920 0.544566 0.000000
vt 0.852829 0.542193 0.000000
vt 0.853920 0.542194 0.000000
vt 0.852832 0.539822 0.000000
vt 0.853920 0.539822 0.000000
vt 0.853920 0.558801 0.000000
vt 0.852832 0.558801 0.000000
vt 0.852829 0.556429 0.000000
vt 0.853920 0.556428 0.000000
vt 0.852820 0.554056 0.000000
vt 0.853920 0.554056 0.000000
vt 0.852812 0.551683 0.000000
vt 0.853920 0.551684 0.000000
vt 0.851953 0.549311 0.000000
vt 0.851973 0.546944 0.000000
vt 0.852021 0.544566 0.000000
vt 0.852070 0.542189 0.000000
vt 0.852091 0.539822 0.000000
vt 0.852091 0.558801 0.000000
vt 0.852070 0.556433 0.000000
vt 0.852021 0.554056 0.000000
vt 0.851973 0.551679 0.000000
vt 0.851290 0.549311 0.000000
vt 0.851334 0.546944 0.000000
vt 0.851439 0.544566 0.000000
vt 0.851546 0.542189 0.000000
vt 0.851591 0.539822 0.000000
vt 0.851591 0.558801 0.000000
vt 0.851546 0.556434 0.000000
vt 0.851439 0.554056 0.000000
vt 0.851334 0.551678 0.000000
vt 0.850650 0.549311 0.000000
vt 0.850717 0.546944 0.000000
vt 0.850883 0.544566 0.000000
vt 0.851049 0.542188 0.000000
vt 0.851119 0.539822 0.000000
vt 0.851119 0.558801 0.000000
vt 0.851049 0.556434 0.000000
vt 0.850883 0.554056 0.000000
vt 0.850717 0.551678 0.000000
vt 0.850007 0.549311 0.000000
vt 0.850099 0.546944 0.000000
vt 0.850322 0.544566 0.000000
vt 0.850548 0.542189 0.000000
vt 0.850642 0.539822 0.000000
vt 0.850642 0.558801 0.000000
vt 0.850548 0.556433 0.000000
vt 0.850322 0.554056 0.000000
vt 0.850099 0.551679 0.000000
vt 0.849341 0.549311 0.000000
vt 0.849454 0.546943 0.000000
vt 0.849730 0.544566 0.000000
vt 0.850009 0.542190 0.000000
vt 0.850125 0.539822 0.000000
vt 0.850125 0.558801 0.000000
vt 0.850009 0.556432 0.000000
vt 0.849730 0.554056 0.000000
vt 0.849454 0.551680 0.000000
vt 0.848646 0.549311 0.000000
vt 0.848773 0.546939 0.000000
vt 0.849083 0.544566 0.000000
vt 0.849395 0.542194 0.000000
vt 0.849526 0.539822 0.000000
vt 0.849526 0.558801 0.000000
vt 0.849395 0.556428 0.000000
vt 0.849083 0.554056 0.000000
vt 0.848773 0.551684 0.000000
vt 0.688178 0.549311 0.000000
vt 0.687988 0.546940 0.000000
vt 0.687527 0.544566 0.000000
vt 0.687062 0.542193 0.000000
vt 0.686867 0.539822 0.000000
vt 0.686867 0.558801 0.000000
vt 0.687062 0.556430 0.000000
vt 0.687527 0.554056 0.000000
vt 0.687988 0.551682 0.000000
vt 0.687687 0.549311 0.000000
vt 0.687516 0.546945 0.000000
vt 0.687102 0.544566 0.000000
vt 0.686683 0.542188 0.000000
vt 0.686509 0.539822 0.000000
vt 0.686509 0.558801 0.000000
vt 0.686683 0.556434 0.000000
vt 0.687102 0.554056 0.000000
vt 0.687516 0.551678 0.000000
vt 0.687089 0.549311 0.000000
vt 0.686943 0.546944 0.000000
vt 0.686591 0.544566 0.000000
vt 0.686234 0.542189 0.000000
vt 0.686085 0.539822 0.000000
vt 0.686085 0.558801 0.000000
vt 0.686234 0.556434 0.000000
vt 0.686591 0.554056 0.000000
vt 0.686943 0.551678 0.000000
vt 0.686485 0.549311 0.000000
vt 0.686364 0.546944 0.000000
vt 0.686070 0.544566 0.000000
vt 0.685772 0.542189 0.000000
vt 0.685648 0.539822 0.000000
vt 0.685648 0.558801 0.000000
vt 0.685772 0.556433 0.000000
vt 0.686070 0.554056 0.000000
vt 0.686364 0.551679 0.000000
vt 0.685786 0.549311 0.000000
vt 0.685689 0.546944 0.000000
vt 0.685452 0.544566 0.000000
vt 0.685212 0.542189 0.000000
vt 0.685112 0.539822 0.000000
vt 0.685112 0.558801 0.000000
vt 0.685212 0.556433 0.000000
vt 0.685452 0.554056 0.000000
vt 0.685689 0.551679 0.000000
vt 0.685084 0.549311 0.000000
vt 0.685010 0.546944 0.000000
vt 0.684832 0.544566 0.000000
vt 0.684652 0.542189 0.000000
vt 0.684577 0.539822 0.000000
vt 0.684577 0.558801 0.000000
vt 0.684652 0.556434 0.000000
vt 0.684832 0.554056 0.000000
vt 0.685010 0.551678 0.000000
vt 0.684387 0.549311 0.000000
vt 0.684339 0.546945 0.000000
vt 0.684222 0.544566 0.000000
vt 0.684104 0.542188 0.000000
vt 0.684055 0.539822 0.000000
vt 0.684055 0.558801 0.000000
vt 0.684104 0.556434 0.000000
vt 0.684222 0.554056 0.000000
vt 0.684339 0.551678 0.000000
vt 0.683795 0.549311 0.000000
vt 0.683770 0.546943 0.000000
vt 0.683709 0.544566 0.000000
vt 0.683648 0.542190 0.000000
vt 0.683622 0.539822 0.000000
vt 0.683622 0.558801 0.000000
vt 0.683648 0.556432 0.000000
vt 0.683709 0.554056 0.000000
vt 0.683770 0.551680 0.000000
vt 0.683479 0.549311 0.000000
vt 0.683472 0.546941 0.000000
vt 0.683454 0.544566 0.000000
vt 0.683437 0.542192 0.000000
vt 0.683429 0.539822 0.000000
vt 0.683429 0.558801 0.000000
vt 0.683437 0.556430 0.000000
vt 0.683454 0.554056 0.000000
vt 0.683472 0.551682 0.000000
vt 0.683198 0.549311 0.000000
vt 0.683198 0.546939 0.000000
vt 0.683198 0.544566 0.000000
vt 0.683198 0.542194 0.000000
vt 0.683198 0.539822 0.000000
vt 0.683198 0.558801 0.000000
vt 0.683198 0.556428 0.000000
vt 0.683198 0.554056 0.000000
vt 0.683198 0.551684 0.000000
vt 0.332459 0.407471 0.000000
vt 0.359596 0.407471 0.000000
vt 0.359596 0.429869 0.000000
vt 0.332459 0.429869 0.000000
vt 0.325418 0.494227 0.000000
vt 0.352556 0.494227 0.000000
vt 0.352556 0.517092 0.000000
vt 0.325418 0.517092 0.000000
vt 0.968419 0.522047 0.000000
vt 0.995557 0.522047 0.000000
vt 0.995557 0.545066 0.000000
vt 0.968419 0.545066 0.000000
vt 0.467055 0.493931 0.000000
vt 0.494193 0.493931 0.000000
vt 0.494193 0.517389 0.000000
vt 0.467055 0.517389 0.000000
vt 0.495382 0.493628 0.000000
vt 0.522520 0.493628 0.000000
vt 0.522520 0.517691 0.000000
vt 0.495382 0.517691 0.000000
vt 0.496648 0.435678 0.000000
vt 0.523786 0.435678 0.000000
vt 0.523786 0.459655 0.000000
vt 0.496648 0.459655 0.000000
vt 0.468321 0.435975 0.000000
vt 0.495458 0.435975 0.000000
vt 0.495458 0.459358 0.000000
vt 0.468321 0.459358 0.000000
vt 0.493658 0.580850 0.000000
vt 0.520796 0.580850 0.000000
vt 0.520796 0.604449 0.000000
vt 0.493658 0.604449 0.000000
vt 0.323694 0.523248 0.000000
vt 0.350832 0.523248 0.000000
vt 0.350832 0.546064 0.000000
vt 0.323694 0.546064 0.000000
vt 0.256133 0.370777 0.000000
vt 0.238236 0.370777 0.000000
vt 0.238236 0.342970 0.000000
vt 0.256133 0.342970 0.000000
vt 0.463615 0.519563 0.000000
vt 0.440978 0.519563 0.000000
vt 0.440978 0.491756 0.000000
vt 0.463615 0.491756 0.000000
vt 0.379205 0.194691 0.000000
vt 0.361308 0.194691 0.000000
vt 0.361308 0.166884 0.000000
vt 0.379205 0.166884 0.000000
vt 0.936652 0.567629 0.000000
vt 0.914014 0.567629 0.000000
vt 0.914014 0.539822 0.000000
vt 0.936652 0.539822 0.000000
vt 0.249243 0.577556 0.000000
vt 0.230878 0.577556 0.000000
vt 0.230878 0.549749 0.000000
vt 0.249243 0.549749 0.000000
vt 0.964979 0.547460 0.000000
vt 0.942342 0.547460 0.000000
vt 0.942342 0.519653 0.000000
vt 0.964979 0.519653 0.000000
vt 0.284694 0.337652 0.000000
vt 0.266329 0.337652 0.000000
vt 0.266329 0.309845 0.000000
vt 0.284694 0.309845 0.000000
vt 0.408226 0.461570 0.000000
vt 0.385589 0.461570 0.000000
vt 0.385589 0.433763 0.000000
vt 0.408226 0.433763 0.000000
vt 0.380081 0.814326 0.000000
vt 0.361562 0.814326 0.000000
vt 0.361562 0.786519 0.000000
vt 0.380081 0.786519 0.000000
vt 0.436554 0.461570 0.000000
vt 0.413916 0.461570 0.000000
vt 0.413916 0.433763 0.000000
vt 0.436554 0.433763 0.000000
vt 0.258084 0.430672 0.000000
vt 0.239566 0.430672 0.000000
vt 0.239566 0.402864 0.000000
vt 0.258084 0.402864 0.000000
vt 0.879997 0.567629 0.000000
vt 0.857360 0.567629 0.000000
vt 0.857360 0.539822 0.000000
vt 0.879997 0.539822 0.000000
vt 0.257374 0.519563 0.000000
vt 0.238416 0.519563 0.000000
vt 0.238416 0.491756 0.000000
vt 0.257374 0.491756 0.000000
vt 0.378633 0.519563 0.000000
vt 0.355996 0.519563 0.000000
vt 0.355996 0.491756 0.000000
vt 0.378633 0.491756 0.000000
vt 0.280521 0.399773 0.000000
vt 0.261564 0.399773 0.000000
vt 0.261564 0.371966 0.000000
vt 0.280521 0.371966 0.000000
vt 0.490218 0.606553 0.000000
vt 0.467581 0.606553 0.000000
vt 0.467581 0.578746 0.000000
vt 0.490218 0.578746 0.000000
vt 0.314440 0.366649 0.000000
vt 0.294877 0.366649 0.000000
vt 0.294877 0.338842 0.000000
vt 0.314440 0.338842 0.000000
vt 0.988932 0.498295 0.000000
vt 0.966295 0.498295 0.000000
vt 0.966295 0.470488 0.000000
vt 0.988932 0.470488 0.000000
vt 0.286004 0.519563 0.000000
vt 0.266441 0.519563 0.000000
vt 0.266441 0.491756 0.000000
vt 0.286004 0.491756 0.000000
vt 0.376909 0.606553 0.000000
vt 0.354272 0.606553 0.000000
vt 0.354272 0.578746 0.000000
vt 0.376909 0.578746 0.000000
vt 0.278126 0.548560 0.000000
vt 0.258650 0.548560 0.000000
vt 0.258650 0.520753 0.000000
vt 0.278126 0.520753 0.000000
vt 0.405236 0.577556 0.000000
vt 0.382599 0.577556 0.000000
vt 0.382599 0.549749 0.000000
vt 0.405236 0.549749 0.000000
vt 0.286891 0.428770 0.000000
vt 0.267414 0.428770 0.000000
vt 0.267414 0.400963 0.000000
vt 0.286891 0.400963 0.000000
vt 0.385673 0.432573 0.000000
vt 0.363036 0.432573 0.000000
vt 0.363036 0.404766 0.000000
vt 0.385673 0.404766 0.000000
vt 0.380517 0.224350 0.000000
vt 0.361634 0.224350 0.000000
vt 0.361634 0.196543 0.000000
vt 0.380517 0.196543 0.000000
vt 0.385674 0.403577 0.000000
vt 0.363036 0.403577 0.000000
vt 0.363036 0.375770 0.000000
vt 0.385674 0.375770 0.000000
vt 0.258602 0.459668 0.000000
vt 0.239719 0.459668 0.000000
vt 0.239719 0.431861 0.000000
vt 0.258602 0.431861 0.000000
vt 0.407593 0.490567 0.000000
vt 0.384956 0.490567 0.000000
vt 0.384956 0.462759 0.000000
vt 0.407593 0.462759 0.000000
vt 0.313388 0.337652 0.000000
vt 0.294290 0.337652 0.000000
vt 0.294290 0.309845 0.000000
vt 0.313388 0.309845 0.000000
vt 0.406961 0.519563 0.000000
vt 0.384323 0.519563 0.000000
vt 0.384323 0.491756 0.000000
vt 0.406961 0.491756 0.000000
vt 0.379552 0.785330 0.000000
vt 0.360454 0.785330 0.000000
vt 0.360454 0.757523 0.000000
vt 0.379552 0.757523 0.000000
vt 0.932278 0.498295 0.000000
vt 0.909640 0.498295 0.000000
vt 0.909640 0.470488 0.000000
vt 0.932278 0.470488 0.000000
vt 0.351906 0.223687 0.000000
vt 0.333590 0.223687 0.000000
vt 0.333590 0.195880 0.000000
vt 0.351906 0.195880 0.000000
vt 0.464248 0.490567 0.000000
vt 0.441611 0.490567 0.000000
vt 0.441611 0.462759 0.000000
vt 0.464248 0.462759 0.000000
vt 0.315578 0.755632 0.000000
vt 0.297262 0.755632 0.000000
vt 0.297262 0.727825 0.000000
vt 0.315578 0.727825 0.000000
vt 0.379266 0.490567 0.000000
vt 0.356629 0.490567 0.000000
vt 0.356629 0.462759 0.000000
vt 0.379266 0.462759 0.000000
vt 0.318597 0.311378 0.000000
vt 0.318597 0.282870 0.000000
vt 0.323903 0.288175 0.000000
vt 0.323903 0.306072 0.000000
vt 0.351845 0.282870 0.000000
vt 0.346540 0.288175 0.000000
vt 0.351845 0.311378 0.000000
vt 0.346540 0.306072 0.000000
vt 0.283146 0.610730 0.000000
vt 0.283146 0.581754 0.000000
vt 0.288451 0.587059 0.000000
vt 0.288451 0.605425 0.000000
vt 0.316394 0.581754 0.000000
vt 0.311089 0.587059 0.000000
vt 0.316394 0.610730 0.000000
vt 0.311089 0.605425 0.000000
vt 0.291911 0.427083 0.000000
vt 0.291911 0.397954 0.000000
vt 0.297216 0.403259 0.000000
vt 0.297216 0.421778 0.000000
vt 0.325159 0.397954 0.000000
vt 0.319854 0.403259 0.000000
vt 0.325159 0.427083 0.000000
vt 0.319854 0.421778 0.000000
vt 0.320238 0.372300 0.000000
vt 0.320238 0.342732 0.000000
vt 0.325543 0.348038 0.000000
vt 0.325543 0.366995 0.000000
vt 0.353486 0.342732 0.000000
vt 0.348181 0.348038 0.000000
vt 0.353486 0.372300 0.000000
vt 0.348181 0.366995 0.000000
vt 0.354676 0.345584 0.000000
vt 0.354676 0.315410 0.000000
vt 0.359981 0.320715 0.000000
vt 0.359981 0.340278 0.000000
vt 0.387924 0.315410 0.000000
vt 0.382618 0.320715 0.000000
vt 0.387924 0.345584 0.000000
vt 0.382618 0.340278 0.000000
vt 0.317584 0.611200 0.000000
vt 0.317584 0.581113 0.000000
vt 0.322889 0.586418 0.000000
vt 0.322889 0.605895 0.000000
vt 0.350832 0.581113 0.000000
vt 0.345527 0.586418 0.000000
vt 0.350832 0.611200 0.000000
vt 0.345527 0.605895 0.000000
vt 0.292246 0.457766 0.000000
vt 0.292246 0.428273 0.000000
vt 0.297552 0.433578 0.000000
vt 0.297552 0.452461 0.000000
vt 0.325494 0.428273 0.000000
vt 0.320189 0.433578 0.000000
vt 0.325494 0.457766 0.000000
vt 0.320189 0.452461 0.000000
vt 0.290981 0.519563 0.000000
vt 0.290981 0.489854 0.000000
vt 0.296286 0.495160 0.000000
vt 0.296286 0.514258 0.000000
vt 0.324229 0.489854 0.000000
vt 0.318924 0.495160 0.000000
vt 0.324229 0.519563 0.000000
vt 0.318924 0.514258 0.000000
vt 0.285801 0.396765 0.000000
vt 0.285801 0.367838 0.000000
vt 0.291106 0.373143 0.000000
vt 0.291106 0.391459 0.000000
vt 0.319049 0.367838 0.000000
vt 0.313744 0.373143 0.000000
vt 0.319049 0.396765 0.000000
vt 0.313744 0.391459 0.000000
vt 0.288864 0.196410 0.000000
vt 0.260356 0.196410 0.000000
vt 0.260356 0.188684 0.000000
vt 0.288864 0.188684 0.000000
vt 0.745273 0.538632 0.000000
vt 0.712024 0.538632 0.000000
vt 0.712024 0.530907 0.000000
vt 0.745273 0.530907 0.000000
vt 0.316373 0.167679 0.000000
vt 0.287865 0.167679 0.000000
vt 0.287865 0.159954 0.000000
vt 0.316373 0.159954 0.000000
vt 0.327990 0.219204 0.000000
vt 0.294742 0.219204 0.000000
vt 0.294742 0.211479 0.000000
vt 0.327990 0.211479 0.000000
vt 0.192920 0.378199 0.000000
vt 0.163944 0.378199 0.000000
vt 0.163944 0.370473 0.000000
vt 0.192920 0.370473 0.000000
vt 0.905010 0.726485 0.000000
vt 0.871762 0.726485 0.000000
vt 0.871762 0.718760 0.000000
vt 0.905010 0.718760 0.000000
vt 0.382408 0.122935 0.000000
vt 0.353432 0.122935 0.000000
vt 0.353432 0.115210 0.000000
vt 0.382408 0.115210 0.000000
vt 0.905010 0.717570 0.000000
vt 0.871762 0.717570 0.000000
vt 0.871762 0.709845 0.000000
vt 0.905010 0.709845 0.000000
vt 0.315812 0.836070 0.000000
vt 0.286683 0.836070 0.000000
vt 0.286683 0.828345 0.000000
vt 0.315812 0.828345 0.000000
vt 0.547621 0.616271 0.000000
vt 0.514373 0.616271 0.000000
vt 0.514373 0.608545 0.000000
vt 0.547621 0.608545 0.000000
vt 0.252228 0.758445 0.000000
vt 0.223099 0.758445 0.000000
vt 0.223099 0.750720 0.000000
vt 0.252228 0.750720 0.000000
vt 0.259091 0.715835 0.000000
vt 0.225843 0.715835 0.000000
vt 0.225843 0.708110 0.000000
vt 0.259091 0.708110 0.000000
vt 0.348267 0.152632 0.000000
vt 0.318699 0.152632 0.000000
vt 0.318699 0.144907 0.000000
vt 0.348267 0.144907 0.000000
vt 0.812434 0.688940 0.000000
vt 0.779186 0.688940 0.000000
vt 0.779186 0.681214 0.000000
vt 0.812434 0.681214 0.000000
vt 0.286885 0.799565 0.000000
vt 0.257317 0.799565 0.000000
vt 0.257317 0.791839 0.000000
vt 0.286885 0.791839 0.000000
vt 0.969464 0.469299 0.000000
vt 0.936216 0.469299 0.000000
vt 0.936216 0.461573 0.000000
vt 0.969464 0.461573 0.000000
vt 0.386027 0.866414 0.000000
vt 0.355853 0.866414 0.000000
vt 0.355853 0.858689 0.000000
vt 0.386027 0.858689 0.000000
vt 0.892017 0.576544 0.000000
vt 0.858769 0.576544 0.000000
vt 0.858769 0.568818 0.000000
vt 0.892017 0.568818 0.000000
vt 0.321626 0.814268 0.000000
vt 0.291452 0.814268 0.000000
vt 0.291452 0.806543 0.000000
vt 0.321626 0.806543 0.000000
vt 0.350772 0.834523 0.000000
vt 0.317524 0.834523 0.000000
vt 0.317524 0.826797 0.000000
vt 0.350772 0.826797 0.000000
vt 0.199289 0.487207 0.000000
vt 0.169201 0.487207 0.000000
vt 0.169201 0.479481 0.000000
vt 0.199289 0.479481 0.000000
vt 0.478746 0.615468 0.000000
vt 0.445498 0.615468 0.000000
vt 0.445498 0.607742 0.000000
vt 0.478746 0.607742 0.000000
vt 0.199289 0.476306 0.000000
vt 0.169202 0.476306 0.000000
vt 0.169202 0.468580 0.000000
vt 0.199289 0.468580 0.000000
vt 0.350772 0.825608 0.000000
vt 0.317524 0.825608 0.000000
vt 0.317524 0.817883 0.000000
vt 0.350772 0.817883 0.000000
vt 0.190524 0.606984 0.000000
vt 0.161030 0.606984 0.000000
vt 0.161030 0.599259 0.000000
vt 0.190524 0.599259 0.000000
vt 0.444308 0.615468 0.000000
vt 0.411060 0.615468 0.000000
vt 0.411060 0.607742 0.000000
vt 0.444308 0.607742 0.000000
vt 0.289357 0.207310 0.000000
vt 0.259863 0.207310 0.000000
vt 0.259863 0.199585 0.000000
vt 0.289357 0.199585 0.000000
vt 0.281957 0.615468 0.000000
vt 0.248709 0.615468 0.000000
vt 0.248709 0.607742 0.000000
vt 0.281957 0.607742 0.000000
vt 0.190632 0.596084 0.000000
vt 0.160923 0.596084 0.000000
vt 0.160923 0.588358 0.000000
vt 0.190632 0.588358 0.000000
vt 0.857580 0.576544 0.000000
vt 0.824332 0.576544 0.000000
vt 0.824332 0.568818 0.000000
vt 0.857580 0.568818 0.000000
vt 0.320828 0.178580 0.000000
vt 0.291119 0.178580 0.000000
vt 0.291119 0.170854 0.000000
vt 0.320828 0.170854 0.000000
vt 0.321626 0.795446 0.000000
vt 0.288378 0.795446 0.000000
vt 0.288378 0.787720 0.000000
vt 0.321626 0.787720 0.000000
vt 0.347946 0.141731 0.000000
vt 0.319019 0.141731 0.000000
vt 0.319019 0.134006 0.000000
vt 0.347946 0.134006 0.000000
vt 0.232426 0.356297 0.000000
vt 0.199178 0.356297 0.000000
vt 0.199178 0.348572 0.000000
vt 0.232426 0.348572 0.000000
vt 0.225692 0.291885 0.000000
vt 0.196765 0.291885 0.000000
vt 0.196765 0.284160 0.000000
vt 0.225692 0.284160 0.000000
vt 0.386027 0.856506 0.000000
vt 0.352779 0.856506 0.000000
vt 0.352779 0.848781 0.000000
vt 0.386027 0.848781 0.000000
vt 0.269469 0.223449 0.000000
vt 0.269469 0.245846 0.000000
vt 0.266414 0.248901 0.000000
vt 0.266414 0.220394 0.000000
vt 0.296607 0.245846 0.000000
vt 0.299663 0.248901 0.000000
vt 0.296607 0.223449 0.000000
vt 0.299663 0.220394 0.000000
vt 0.325306 0.168771 0.000000
vt 0.325306 0.191636 0.000000
vt 0.322250 0.194691 0.000000
vt 0.322250 0.165715 0.000000
vt 0.352443 0.191636 0.000000
vt 0.355498 0.194691 0.000000
vt 0.352443 0.168771 0.000000
vt 0.355498 0.165715 0.000000
vt 0.197764 0.399573 0.000000
vt 0.197764 0.422592 0.000000
vt 0.194709 0.425647 0.000000
vt 0.194709 0.396518 0.000000
vt 0.224902 0.422592 0.000000
vt 0.227957 0.425647 0.000000
vt 0.224902 0.399573 0.000000
vt 0.227957 0.396518 0.000000
vt 0.195109 0.523808 0.000000
vt 0.195109 0.547266 0.000000
vt 0.192054 0.550321 0.000000
vt 0.192054 0.520753 0.000000
vt 0.222247 0.547266 0.000000
vt 0.225302 0.550321 0.000000
vt 0.222247 0.523808 0.000000
vt 0.225302 0.520753 0.000000
vt 0.202943 0.492444 0.000000
vt 0.202943 0.516508 0.000000
vt 0.199888 0.519563 0.000000
vt 0.199888 0.489389 0.000000
vt 0.230081 0.516508 0.000000
vt 0.233137 0.519563 0.000000
vt 0.230081 0.492444 0.000000
vt 0.233137 0.489389 0.000000
vt 0.203577 0.461168 0.000000
vt 0.203577 0.485145 0.000000
vt 0.200522 0.488200 0.000000
vt 0.200522 0.458113 0.000000
vt 0.230714 0.485145 0.000000
vt 0.233770 0.488200 0.000000
vt 0.230714 0.461168 0.000000
vt 0.233770 0.458113 0.000000
vt 0.230560 0.315341 0.000000
vt 0.230560 0.338725 0.000000
vt 0.227505 0.341780 0.000000
vt 0.227505 0.312286 0.000000
vt 0.257698 0.338725 0.000000
vt 0.260753 0.341780 0.000000
vt 0.257698 0.315341 0.000000
vt 0.260753 0.312286 0.000000
vt 0.291433 0.759877 0.000000
vt 0.291433 0.783476 0.000000
vt 0.288378 0.786531 0.000000
vt 0.288378 0.756822 0.000000
vt 0.318571 0.783476 0.000000
vt 0.321626 0.786531 0.000000
vt 0.318571 0.759877 0.000000
vt 0.321626 0.756822 0.000000
vt 0.197764 0.369457 0.000000
vt 0.197764 0.392273 0.000000
vt 0.194709 0.395328 0.000000
vt 0.194709 0.366402 0.000000
vt 0.224902 0.392273 0.000000
vt 0.227957 0.395328 0.000000
vt 0.224902 0.369457 0.000000
vt 0.227957 0.366402 0.000000
vt 0.198175 0.767489 0.000000
vt 0.220573 0.767489 0.000000
vt 0.220573 0.771422 0.000000
vt 0.198175 0.771422 0.000000
vt 0.130845 0.535750 0.000000
vt 0.157983 0.535750 0.000000
vt 0.157983 0.539684 0.000000
vt 0.130845 0.539684 0.000000
vt 0.227321 0.807120 0.000000
vt 0.249719 0.807120 0.000000
vt 0.249719 0.811053 0.000000
vt 0.227321 0.811053 0.000000
vt 0.139312 0.459445 0.000000
vt 0.166450 0.459445 0.000000
vt 0.166450 0.463378 0.000000
vt 0.139312 0.463378 0.000000
vt 0.135636 0.383139 0.000000
vt 0.158501 0.383139 0.000000
vt 0.158501 0.387072 0.000000
vt 0.135636 0.387072 0.000000
vt 0.139312 0.481246 0.000000
vt 0.166450 0.481246 0.000000
vt 0.166450 0.485179 0.000000
vt 0.139312 0.485179 0.000000
vt 0.168432 0.292985 0.000000
vt 0.191298 0.292985 0.000000
vt 0.191298 0.296918 0.000000
vt 0.168432 0.296918 0.000000
vt 0.200733 0.263258 0.000000
vt 0.227871 0.263258 0.000000
vt 0.227871 0.267191 0.000000
vt 0.200733 0.267191 0.000000
vt 0.194791 0.756588 0.000000
vt 0.217810 0.756588 0.000000
vt 0.217810 0.760521 0.000000
vt 0.194791 0.760521 0.000000
vt 0.139609 0.448544 0.000000
vt 0.166748 0.448544 0.000000
vt 0.166748 0.452477 0.000000
vt 0.139609 0.452477 0.000000
vt 0.204229 0.230555 0.000000
vt 0.227247 0.230555 0.000000
vt 0.227247 0.234488 0.000000
vt 0.204229 0.234488 0.000000
vt 0.130845 0.546651 0.000000
vt 0.157982 0.546651 0.000000
vt 0.157982 0.550584 0.000000
vt 0.130845 0.550584 0.000000
vt 0.135339 0.404940 0.000000
vt 0.158797 0.404940 0.000000
vt 0.158797 0.408874 0.000000
vt 0.135339 0.408874 0.000000
vt 0.130845 0.524849 0.000000
vt 0.157983 0.524849 0.000000
vt 0.157983 0.528783 0.000000
vt 0.130845 0.528783 0.000000
vt 0.975924 0.451576 0.000000
vt 0.999381 0.451576 0.000000
vt 0.999381 0.455509 0.000000
vt 0.975924 0.455509 0.000000
vt 0.353533 0.106205 0.000000
vt 0.380671 0.106205 0.000000
vt 0.380671 0.110138 0.000000
vt 0.353533 0.110138 0.000000
vt 0.135036 0.426742 0.000000
vt 0.159100 0.426742 0.000000
vt 0.159100 0.430675 0.000000
vt 0.135036 0.430675 0.000000
vt 0.290752 0.852042 0.000000
vt 0.317890 0.852042 0.000000
vt 0.317890 0.855976 0.000000
vt 0.290752 0.855976 0.000000
vt 0.132382 0.557552 0.000000
vt 0.156446 0.557552 0.000000
vt 0.156446 0.561485 0.000000
vt 0.132382 0.561485 0.000000
vt 0.130845 0.513949 0.000000
vt 0.157983 0.513949 0.000000
vt 0.157983 0.517882 0.000000
vt 0.130845 0.517882 0.000000
vt 0.228749 0.796219 0.000000
vt 0.252726 0.796219 0.000000
vt 0.252726 0.800153 0.000000
vt 0.228749 0.800153 0.000000
vt 0.288550 0.150949 0.000000
vt 0.315688 0.150949 0.000000
vt 0.315688 0.154882 0.000000
vt 0.288550 0.154882 0.000000
vt 0.132425 0.568453 0.000000
vt 0.156402 0.568453 0.000000
vt 0.156402 0.572386 0.000000
vt 0.132425 0.572386 0.000000
vt 0.256314 0.815537 0.000000
vt 0.283452 0.815537 0.000000
vt 0.283452 0.819470 0.000000
vt 0.256314 0.819470 0.000000
vt 0.132722 0.590254 0.000000
vt 0.156106 0.590254 0.000000
vt 0.156106 0.594188 0.000000
vt 0.132722 0.594188 0.000000
vt 0.192731 0.723886 0.000000
vt 0.219869 0.723886 0.000000
vt 0.219869 0.727819 0.000000
vt 0.192731 0.727819 0.000000
vt 0.231555 0.197853 0.000000
vt 0.254938 0.197853 0.000000
vt 0.254938 0.201786 0.000000
vt 0.231555 0.201786 0.000000
vt 0.261041 0.179679 0.000000
vt 0.288179 0.179679 0.000000
vt 0.288179 0.183613 0.000000
vt 0.261041 0.183613 0.000000
vt 0.132614 0.579354 0.000000
vt 0.156213 0.579354 0.000000
vt 0.156213 0.583287 0.000000
vt 0.132614 0.583287 0.000000
vt 0.139312 0.470345 0.000000
vt 0.166450 0.470345 0.000000
vt 0.166450 0.474279 0.000000
vt 0.139312 0.474279 0.000000
vt 0.290320 0.140048 0.000000
vt 0.313918 0.140048 0.000000
vt 0.313918 0.143981 0.000000
vt 0.290320 0.143981 0.000000
vt 0.294644 0.862943 0.000000
vt 0.321782 0.862943 0.000000
vt 0.321782 0.866876 0.000000
vt 0.294644 0.866876 0.000000
vt 0.140130 0.361468 0.000000
vt 0.162946 0.361468 0.000000
vt 0.162946 0.365402 0.000000
vt 0.140130 0.365402 0.000000
vt 0.233533 0.219654 0.000000
vt 0.260671 0.219654 0.000000
vt 0.260671 0.223588 0.000000
vt 0.233533 0.223588 0.000000
vt 0.324330 0.103200 0.000000
vt 0.347147 0.103200 0.000000
vt 0.347147 0.107133 0.000000
vt 0.324330 0.107133 0.000000
vt 0.205205 0.241456 0.000000
vt 0.232343 0.241456 0.000000
vt 0.232343 0.245389 0.000000
vt 0.205205 0.245389 0.000000
vt 0.321417 0.163312 0.000000
vt 0.345548 0.163312 0.000000
vt 0.345548 0.162098 0.000000
vt 0.321417 0.162098 0.000000
vt 0.321417 0.159670 0.000000
vt 0.345548 0.159670 0.000000
vt 0.345548 0.158456 0.000000
vt 0.321417 0.158456 0.000000
vt 0.321417 0.160884 0.000000
vt 0.345548 0.160884 0.000000
vt 0.345548 0.157242 0.000000
vt 0.321417 0.157242 0.000000
vt 0.321417 0.156029 0.000000
vt 0.345548 0.156029 0.000000
vt 0.345548 0.154815 0.000000
vt 0.321417 0.154815 0.000000
vt 0.321417 0.164526 0.000000
vt 0.345548 0.164526 0.000000
vt 0.166367 0.421581 0.000000
vt 0.190497 0.421581 0.000000
vt 0.190497 0.420367 0.000000
vt 0.166367 0.420367 0.000000
vt 0.166367 0.417939 0.000000
vt 0.190497 0.417939 0.000000
vt 0.190497 0.416725 0.000000
vt 0.166367 0.416725 0.000000
vt 0.166367 0.419153 0.000000
vt 0.190497 0.419153 0.000000
vt 0.190497 0.415511 0.000000
vt 0.166367 0.415511 0.000000
vt 0.166367 0.414297 0.000000
vt 0.190497 0.414297 0.000000
vt 0.190497 0.413083 0.000000
vt 0.166367 0.413083 0.000000
vt 0.166367 0.422795 0.000000
vt 0.190497 0.422795 0.000000
vt 0.225599 0.736423 0.000000
vt 0.249729 0.736423 0.000000
vt 0.249729 0.735209 0.000000
vt 0.225599 0.735209 0.000000
vt 0.225599 0.732781 0.000000
vt 0.249729 0.732781 0.000000
vt 0.249729 0.731567 0.000000
vt 0.225599 0.731567 0.000000
vt 0.225599 0.733995 0.000000
vt 0.249729 0.733995 0.000000
vt 0.249729 0.730353 0.000000
vt 0.225599 0.730353 0.000000
vt 0.225599 0.729139 0.000000
vt 0.249729 0.729139 0.000000
vt 0.249729 0.727925 0.000000
vt 0.225599 0.727925 0.000000
vt 0.225599 0.737637 0.000000
vt 0.249729 0.737637 0.000000
vt 0.289182 0.824948 0.000000
vt 0.313312 0.824948 0.000000
vt 0.313312 0.823734 0.000000
vt 0.289182 0.823734 0.000000
vt 0.289182 0.821306 0.000000
vt 0.313312 0.821306 0.000000
vt 0.313312 0.820092 0.000000
vt 0.289182 0.820092 0.000000
vt 0.289182 0.822520 0.000000
vt 0.313312 0.822520 0.000000
vt 0.313312 0.818879 0.000000
vt 0.289182 0.818879 0.000000
vt 0.289182 0.817665 0.000000
vt 0.313312 0.817665 0.000000
vt 0.313312 0.816451 0.000000
vt 0.289182 0.816451 0.000000
vt 0.289182 0.826162 0.000000
vt 0.313312 0.826162 0.000000
vt 0.163712 0.574061 0.000000
vt 0.187843 0.574061 0.000000
vt 0.187843 0.572847 0.000000
vt 0.163712 0.572847 0.000000
vt 0.163712 0.570419 0.000000
vt 0.187843 0.570419 0.000000
vt 0.187843 0.569205 0.000000
vt 0.163712 0.569205 0.000000
vt 0.163712 0.571633 0.000000
vt 0.187843 0.571633 0.000000
vt 0.187843 0.567992 0.000000
vt 0.163712 0.567992 0.000000
vt 0.163712 0.566778 0.000000
vt 0.187843 0.566778 0.000000
vt 0.187843 0.565564 0.000000
vt 0.163712 0.565564 0.000000
vt 0.163712 0.575275 0.000000
vt 0.187843 0.575275 0.000000
vt 0.163712 0.584962 0.000000
vt 0.187843 0.584962 0.000000
vt 0.187843 0.583748 0.000000
vt 0.163712 0.583748 0.000000
vt 0.163712 0.581320 0.000000
vt 0.187843 0.581320 0.000000
vt 0.187843 0.580106 0.000000
vt 0.163712 0.580106 0.000000
vt 0.163712 0.582534 0.000000
vt 0.187843 0.582534 0.000000
vt 0.187843 0.578892 0.000000
vt 0.163712 0.578892 0.000000
vt 0.163712 0.577679 0.000000
vt 0.187843 0.577679 0.000000
vt 0.187843 0.576464 0.000000
vt 0.163712 0.576464 0.000000
vt 0.163712 0.586176 0.000000
vt 0.187843 0.586176 0.000000
vt 0.163712 0.530458 0.000000
vt 0.187843 0.530458 0.000000
vt 0.187843 0.529244 0.000000
vt 0.163712 0.529244 0.000000
vt 0.163712 0.526816 0.000000
vt 0.187843 0.526816 0.000000
vt 0.187843 0.525602 0.000000
vt 0.163712 0.525602 0.000000
vt 0.163712 0.528030 0.000000
vt 0.187843 0.528030 0.000000
vt 0.187843 0.524388 0.000000
vt 0.163712 0.524388 0.000000
vt 0.163712 0.523174 0.000000
vt 0.187843 0.523174 0.000000
vt 0.187843 0.521960 0.000000
vt 0.163712 0.521960 0.000000
vt 0.163712 0.531672 0.000000
vt 0.187843 0.531672 0.000000
vt 0.355855 0.133615 0.000000
vt 0.379985 0.133615 0.000000
vt 0.379985 0.132401 0.000000
vt 0.355855 0.132401 0.000000
vt 0.355855 0.129973 0.000000
vt 0.379985 0.129973 0.000000
vt 0.379985 0.128759 0.000000
vt 0.355855 0.128759 0.000000
vt 0.355855 0.131187 0.000000
vt 0.379985 0.131187 0.000000
vt 0.379985 0.127545 0.000000
vt 0.355855 0.127545 0.000000
vt 0.355855 0.126332 0.000000
vt 0.379985 0.126332 0.000000
vt 0.379985 0.125118 0.000000
vt 0.355855 0.125118 0.000000
vt 0.355855 0.134829 0.000000
vt 0.379985 0.134829 0.000000
vt 0.788705 0.569480 0.000000
vt 0.788705 0.567107 0.000000
vt 0.787597 0.567108 0.000000
vt 0.787593 0.569480 0.000000
vt 0.788705 0.564735 0.000000
vt 0.787605 0.564735 0.000000
vt 0.788705 0.562363 0.000000
vt 0.787614 0.562361 0.000000
vt 0.788705 0.559990 0.000000
vt 0.787617 0.559990 0.000000
vt 0.788705 0.578969 0.000000
vt 0.788705 0.576597 0.000000
vt 0.787614 0.576598 0.000000
vt 0.787617 0.578969 0.000000
vt 0.788705 0.574224 0.000000
vt 0.787605 0.574224 0.000000
vt 0.788705 0.571852 0.000000
vt 0.787597 0.571851 0.000000
vt 0.786758 0.567112 0.000000
vt 0.786738 0.569480 0.000000
vt 0.786806 0.564735 0.000000
vt 0.786855 0.562358 0.000000
vt 0.786875 0.559990 0.000000
vt 0.786855 0.576602 0.000000
vt 0.786875 0.578969 0.000000
vt 0.786806 0.574224 0.000000
vt 0.786758 0.571847 0.000000
vt 0.786118 0.567112 0.000000
vt 0.786075 0.569480 0.000000
vt 0.786224 0.564735 0.000000
vt 0.786331 0.562357 0.000000
vt 0.786376 0.559990 0.000000
vt 0.786331 0.576602 0.000000
vt 0.786376 0.578969 0.000000
vt 0.786224 0.574224 0.000000
vt 0.786118 0.571847 0.000000
vt 0.785502 0.567113 0.000000
vt 0.785435 0.569480 0.000000
vt 0.785667 0.564735 0.000000
vt 0.785834 0.562357 0.000000
vt 0.785904 0.559990 0.000000
vt 0.785834 0.576602 0.000000
vt 0.785904 0.578969 0.000000
vt 0.785667 0.574224 0.000000
vt 0.785502 0.571846 0.000000
vt 0.784883 0.567112 0.000000
vt 0.784791 0.569480 0.000000
vt 0.785107 0.564735 0.000000
vt 0.785333 0.562358 0.000000
vt 0.785427 0.559990 0.000000
vt 0.785333 0.576602 0.000000
vt 0.785427 0.578969 0.000000
vt 0.785107 0.574224 0.000000
vt 0.784883 0.571847 0.000000
vt 0.784239 0.567111 0.000000
vt 0.784126 0.569480 0.000000
vt 0.784515 0.564735 0.000000
vt 0.784794 0.562359 0.000000
vt 0.784910 0.559990 0.000000
vt 0.784794 0.576600 0.000000
vt 0.784910 0.578969 0.000000
vt 0.784515 0.574224 0.000000
vt 0.784239 0.571848 0.000000
vt 0.783558 0.567107 0.000000
vt 0.783431 0.569480 0.000000
vt 0.783868 0.564735 0.000000
vt 0.784180 0.562363 0.000000
vt 0.784311 0.559990 0.000000
vt 0.784180 0.576597 0.000000
vt 0.784311 0.578969 0.000000
vt 0.783868 0.574224 0.000000
vt 0.783558 0.571852 0.000000
vt 0.622773 0.567109 0.000000
vt 0.622963 0.569480 0.000000
vt 0.622312 0.564735 0.000000
vt 0.621846 0.562361 0.000000
vt 0.621652 0.559990 0.000000
vt 0.621846 0.576598 0.000000
vt 0.621652 0.578969 0.000000
vt 0.622312 0.574224 0.000000
vt 0.622773 0.571851 0.000000
vt 0.622301 0.567113 0.000000
vt 0.622472 0.569480 0.000000
vt 0.621887 0.564735 0.000000
vt 0.621468 0.562357 0.000000
vt 0.621294 0.559990 0.000000
vt 0.621468 0.576603 0.000000
vt 0.621294 0.578969 0.000000
vt 0.621887 0.574224 0.000000
vt 0.622301 0.571846 0.000000
vt 0.621728 0.567113 0.000000
vt 0.621873 0.569480 0.000000
vt 0.621375 0.564735 0.000000
vt 0.621019 0.562357 0.000000
vt 0.620870 0.559990 0.000000
vt 0.621019 0.576602 0.000000
vt 0.620870 0.578969 0.000000
vt 0.621375 0.574224 0.000000
vt 0.621728 0.571847 0.000000
vt 0.621149 0.567112 0.000000
vt 0.621270 0.569480 0.000000
vt 0.620854 0.564735 0.000000
vt 0.620557 0.562357 0.000000
vt 0.620433 0.559990 0.000000
vt 0.620557 0.576602 0.000000
vt 0.620433 0.578969 0.000000
vt 0.620854 0.574224 0.000000
vt 0.621149 0.571847 0.000000
vt 0.620474 0.567112 0.000000
vt 0.620571 0.569480 0.000000
vt 0.620237 0.564735 0.000000
vt 0.619997 0.562357 0.000000
vt 0.619897 0.559990 0.000000
vt 0.619997 0.576602 0.000000
vt 0.619897 0.578969 0.000000
vt 0.620237 0.574224 0.000000
vt 0.620474 0.571847 0.000000
vt 0.619795 0.567113 0.000000
vt 0.619869 0.569480 0.000000
vt 0.619617 0.564735 0.000000
vt 0.619437 0.562357 0.000000
vt 0.619362 0.559990 0.000000
vt 0.619437 0.576602 0.000000
vt 0.619362 0.578969 0.000000
vt 0.619617 0.574224 0.000000
vt 0.619795 0.571846 0.000000
vt 0.619124 0.567113 0.000000
vt 0.619172 0.569480 0.000000
vt 0.619007 0.564735 0.000000
vt 0.618889 0.562356 0.000000
vt 0.618839 0.559990 0.000000
vt 0.618889 0.576603 0.000000
vt 0.618839 0.578969 0.000000
vt 0.619007 0.574224 0.000000
vt 0.619124 0.571846 0.000000
vt 0.618555 0.567111 0.000000
vt 0.618580 0.569480 0.000000
vt 0.618494 0.564735 0.000000
vt 0.618433 0.562359 0.000000
vt 0.618407 0.559990 0.000000
vt 0.618433 0.576600 0.000000
vt 0.618407 0.578969 0.000000
vt 0.618494 0.574224 0.000000
vt 0.618555 0.571848 0.000000
vt 0.618257 0.567109 0.000000
vt 0.618264 0.569480 0.000000
vt 0.618239 0.564735 0.000000
vt 0.618221 0.562361 0.000000
vt 0.618214 0.559990 0.000000
vt 0.618221 0.576599 0.000000
vt 0.618214 0.578969 0.000000
vt 0.618239 0.574224 0.000000
vt 0.618257 0.571850 0.000000
vt 0.617983 0.567107 0.000000
vt 0.617983 0.569480 0.000000
vt 0.617983 0.564735 0.000000
vt 0.617983 0.562363 0.000000
vt 0.617983 0.559990 0.000000
vt 0.617983 0.576597 0.000000
vt 0.617983 0.578969 0.000000
vt 0.617983 0.574224 0.000000
vt 0.617983 0.571852 0.000000
vt 0.199163 0.313466 0.000000
vt 0.223294 0.313466 0.000000
vt 0.223294 0.312252 0.000000
vt 0.199163 0.312252 0.000000
vt 0.199163 0.309824 0.000000
vt 0.223294 0.309824 0.000000
vt 0.223294 0.308610 0.000000
vt 0.199163 0.308610 0.000000
vt 0.199163 0.311038 0.000000
vt 0.223294 0.311038 0.000000
vt 0.223294 0.307396 0.000000
vt 0.199163 0.307396 0.000000
vt 0.199163 0.306183 0.000000
vt 0.223294 0.306183 0.000000
vt 0.223294 0.304968 0.000000
vt 0.199163 0.304968 0.000000
vt 0.199163 0.314680 0.000000
vt 0.223294 0.314680 0.000000
vt 0.293909 0.189260 0.000000
vt 0.318039 0.189260 0.000000
vt 0.318039 0.188046 0.000000
vt 0.293909 0.188046 0.000000
vt 0.293909 0.185618 0.000000
vt 0.318039 0.185618 0.000000
vt 0.318039 0.184404 0.000000
vt 0.293909 0.184404 0.000000
vt 0.293909 0.186832 0.000000
vt 0.318039 0.186832 0.000000
vt 0.318039 0.183190 0.000000
vt 0.293909 0.183190 0.000000
vt 0.293909 0.181976 0.000000
vt 0.318039 0.181976 0.000000
vt 0.318039 0.180762 0.000000
vt 0.293909 0.180762 0.000000
vt 0.293909 0.190474 0.000000
vt 0.318039 0.190474 0.000000
vt 0.323619 0.844210 0.000000
vt 0.347750 0.844210 0.000000
vt 0.347750 0.842996 0.000000
vt 0.323619 0.842996 0.000000
vt 0.323619 0.840568 0.000000
vt 0.347750 0.840568 0.000000
vt 0.347750 0.839354 0.000000
vt 0.323619 0.839354 0.000000
vt 0.323619 0.841782 0.000000
vt 0.347750 0.841782 0.000000
vt 0.347750 0.838140 0.000000
vt 0.323619 0.838140 0.000000
vt 0.323619 0.836926 0.000000
vt 0.347750 0.836926 0.000000
vt 0.347750 0.835712 0.000000
vt 0.323619 0.835712 0.000000
vt 0.323619 0.845424 0.000000
vt 0.347750 0.845424 0.000000
vt 0.172477 0.443383 0.000000
vt 0.196607 0.443383 0.000000
vt 0.196607 0.442169 0.000000
vt 0.172477 0.442169 0.000000
vt 0.172477 0.439741 0.000000
vt 0.196607 0.439741 0.000000
vt 0.196607 0.438527 0.000000
vt 0.172477 0.438527 0.000000
vt 0.172477 0.440955 0.000000
vt 0.196607 0.440955 0.000000
vt 0.196607 0.437313 0.000000
vt 0.172477 0.437313 0.000000
vt 0.172477 0.436099 0.000000
vt 0.196607 0.436099 0.000000
vt 0.196607 0.434885 0.000000
vt 0.172477 0.434885 0.000000
vt 0.172477 0.444596 0.000000
vt 0.196607 0.444596 0.000000
vt 0.163712 0.519557 0.000000
vt 0.187843 0.519557 0.000000
vt 0.187843 0.518343 0.000000
vt 0.163712 0.518343 0.000000
vt 0.163712 0.515915 0.000000
vt 0.187843 0.515915 0.000000
vt 0.187843 0.514701 0.000000
vt 0.163712 0.514701 0.000000
vt 0.163712 0.517129 0.000000
vt 0.187843 0.517129 0.000000
vt 0.187843 0.513487 0.000000
vt 0.163712 0.513487 0.000000
vt 0.163712 0.512273 0.000000
vt 0.187843 0.512273 0.000000
vt 0.187843 0.511060 0.000000
vt 0.163712 0.511060 0.000000
vt 0.163712 0.520771 0.000000
vt 0.187843 0.520771 0.000000
vt 0.163712 0.541359 0.000000
vt 0.187843 0.541359 0.000000
vt 0.187843 0.540145 0.000000
vt 0.163712 0.540145 0.000000
vt 0.163712 0.537717 0.000000
vt 0.187843 0.537717 0.000000
vt 0.187843 0.536503 0.000000
vt 0.163712 0.536503 0.000000
vt 0.163712 0.538931 0.000000
vt 0.187843 0.538931 0.000000
vt 0.187843 0.535289 0.000000
vt 0.163712 0.535289 0.000000
vt 0.163712 0.534075 0.000000
vt 0.187843 0.534075 0.000000
vt 0.187843 0.532861 0.000000
vt 0.163712 0.532861 0.000000
vt 0.163712 0.542573 0.000000
vt 0.187843 0.542573 0.000000
vt 0.199163 0.324367 0.000000
vt 0.223294 0.324367 0.000000
vt 0.223294 0.323153 0.000000
vt 0.199163 0.323153 0.000000
vt 0.199163 0.320725 0.000000
vt 0.223294 0.320725 0.000000
vt 0.223294 0.319511 0.000000
vt 0.199163 0.319511 0.000000
vt 0.199163 0.321939 0.000000
vt 0.223294 0.321939 0.000000
vt 0.223294 0.318297 0.000000
vt 0.199163 0.318297 0.000000
vt 0.199163 0.317083 0.000000
vt 0.223294 0.317083 0.000000
vt 0.223294 0.315869 0.000000
vt 0.199163 0.315869 0.000000
vt 0.199163 0.325581 0.000000
vt 0.223294 0.325581 0.000000
vt 0.166367 0.432482 0.000000
vt 0.190497 0.432482 0.000000
vt 0.190497 0.431268 0.000000
vt 0.166367 0.431268 0.000000
vt 0.166367 0.428840 0.000000
vt 0.190497 0.428840 0.000000
vt 0.190497 0.427626 0.000000
vt 0.166367 0.427626 0.000000
vt 0.166367 0.430054 0.000000
vt 0.190497 0.430054 0.000000
vt 0.190497 0.426412 0.000000
vt 0.166367 0.426412 0.000000
vt 0.166367 0.425198 0.000000
vt 0.190497 0.425198 0.000000
vt 0.190497 0.423984 0.000000
vt 0.166367 0.423984 0.000000
vt 0.166367 0.433696 0.000000
vt 0.190497 0.433696 0.000000
vt 0.919135 0.529143 0.000000
vt 0.919135 0.526770 0.000000
vt 0.918027 0.526771 0.000000
vt 0.918023 0.529143 0.000000
vt 0.919135 0.524398 0.000000
vt 0.918036 0.524398 0.000000
vt 0.919135 0.522026 0.000000
vt 0.918044 0.522024 0.000000
vt 0.919135 0.519653 0.000000
vt 0.918048 0.519653 0.000000
vt 0.919135 0.538632 0.000000
vt 0.919135 0.536260 0.000000
vt 0.918044 0.536261 0.000000
vt 0.918048 0.538632 0.000000
vt 0.919135 0.533887 0.000000
vt 0.918036 0.533887 0.000000
vt 0.919135 0.531515 0.000000
vt 0.918027 0.531514 0.000000
vt 0.917188 0.526775 0.000000
vt 0.917168 0.529143 0.000000
vt 0.917236 0.524398 0.000000
vt 0.917285 0.522021 0.000000
vt 0.917306 0.519653 0.000000
vt 0.917285 0.536265 0.000000
vt 0.917306 0.538632 0.000000
vt 0.917236 0.533887 0.000000
vt 0.917188 0.531510 0.000000
vt 0.916549 0.526776 0.000000
vt 0.916505 0.529143 0.000000
vt 0.916655 0.524398 0.000000
vt 0.916762 0.522021 0.000000
vt 0.916806 0.519653 0.000000
vt 0.916762 0.536265 0.000000
vt 0.916806 0.538632 0.000000
vt 0.916655 0.533887 0.000000
vt 0.916549 0.531510 0.000000
vt 0.915933 0.526776 0.000000
vt 0.915865 0.529143 0.000000
vt 0.916098 0.524398 0.000000
vt 0.916265 0.522020 0.000000
vt 0.916334 0.519653 0.000000
vt 0.916265 0.536265 0.000000
vt 0.916334 0.538632 0.000000
vt 0.916098 0.533887 0.000000
vt 0.915933 0.531510 0.000000
vt 0.915314 0.526775 0.000000
vt 0.915222 0.529143 0.000000
vt 0.915537 0.524398 0.000000
vt 0.915763 0.522021 0.000000
vt 0.915857 0.519653 0.000000
vt 0.915763 0.536265 0.000000
vt 0.915857 0.538632 0.000000
vt 0.915537 0.533887 0.000000
vt 0.915314 0.531510 0.000000
vt 0.914669 0.526774 0.000000
vt 0.914556 0.529143 0.000000
vt 0.914945 0.524398 0.000000
vt 0.915224 0.522022 0.000000
vt 0.915340 0.519653 0.000000
vt 0.915224 0.536264 0.000000
vt 0.915340 0.538632 0.000000
vt 0.914945 0.533887 0.000000
vt 0.914669 0.531511 0.000000
vt 0.913989 0.526770 0.000000
vt 0.913861 0.529143 0.000000
vt 0.914298 0.524398 0.000000
vt 0.914611 0.522026 0.000000
vt 0.914741 0.519653 0.000000
vt 0.914611 0.536260 0.000000
vt 0.914741 0.538632 0.000000
vt 0.914298 0.533887 0.000000
vt 0.913989 0.531515 0.000000
vt 0.753204 0.526772 0.000000
vt 0.753393 0.529143 0.000000
vt 0.752743 0.524398 0.000000
vt 0.752277 0.522024 0.000000
vt 0.752083 0.519653 0.000000
vt 0.752277 0.536261 0.000000
vt 0.752083 0.538632 0.000000
vt 0.752743 0.533887 0.000000
vt 0.753204 0.531514 0.000000
vt 0.752732 0.526776 0.000000
vt 0.752902 0.529143 0.000000
vt 0.752317 0.524398 0.000000
vt 0.751899 0.522020 0.000000
vt 0.751724 0.519653 0.000000
vt 0.751899 0.536266 0.000000
vt 0.751724 0.538632 0.000000
vt 0.752317 0.533887 0.000000
vt 0.752732 0.531509 0.000000
vt 0.752159 0.526776 0.000000
vt 0.752304 0.529143 0.000000
vt 0.751806 0.524398 0.000000
vt 0.751449 0.522020 0.000000
vt 0.751301 0.519653 0.000000
vt 0.751449 0.536265 0.000000
vt 0.751301 0.538632 0.000000
vt 0.751806 0.533887 0.000000
vt 0.752159 0.531510 0.000000
vt 0.751579 0.526775 0.000000
vt 0.751700 0.529143 0.000000
vt 0.751285 0.524398 0.000000
vt 0.750988 0.522021 0.000000
vt 0.750864 0.519653 0.000000
vt 0.750988 0.536265 0.000000
vt 0.750864 0.538632 0.000000
vt 0.751285 0.533887 0.000000
vt 0.751579 0.531510 0.000000
vt 0.750904 0.526776 0.000000
vt 0.751002 0.529143 0.000000
vt 0.750667 0.524398 0.000000
vt 0.750428 0.522021 0.000000
vt 0.750328 0.519653 0.000000
vt 0.750428 0.536265 0.000000
vt 0.750328 0.538632 0.000000
vt 0.750667 0.533887 0.000000
vt 0.750904 0.531510 0.000000
vt 0.750226 0.526776 0.000000
vt 0.750299 0.529143 0.000000
vt 0.750047 0.524398 0.000000
vt 0.749867 0.522020 0.000000
vt 0.749792 0.519653 0.000000
vt 0.749867 0.536265 0.000000
vt 0.749792 0.538632 0.000000
vt 0.750047 0.533887 0.000000
vt 0.750226 0.531510 0.000000
vt 0.749554 0.526776 0.000000
vt 0.749602 0.529143 0.000000
vt 0.749437 0.524398 0.000000
vt 0.749319 0.522020 0.000000
vt 0.749270 0.519653 0.000000
vt 0.749319 0.536266 0.000000
vt 0.749270 0.538632 0.000000
vt 0.749437 0.533887 0.000000
vt 0.749554 0.531509 0.000000
vt 0.748985 0.526774 0.000000
vt 0.749010 0.529143 0.000000
vt 0.748924 0.524398 0.000000
vt 0.748863 0.522022 0.000000
vt 0.748838 0.519653 0.000000
vt 0.748863 0.536264 0.000000
vt 0.748838 0.538632 0.000000
vt 0.748924 0.533887 0.000000
vt 0.748985 0.531511 0.000000
vt 0.748687 0.526772 0.000000
vt 0.748694 0.529143 0.000000
vt 0.748670 0.524398 0.000000
vt 0.748652 0.522024 0.000000
vt 0.748645 0.519653 0.000000
vt 0.748652 0.536262 0.000000
vt 0.748645 0.538632 0.000000
vt 0.748670 0.533887 0.000000
vt 0.748687 0.531513 0.000000
vt 0.748414 0.526770 0.000000
vt 0.748414 0.529143 0.000000
vt 0.748414 0.524398 0.000000
vt 0.748414 0.522026 0.000000
vt 0.748414 0.519653 0.000000
vt 0.748414 0.536260 0.000000
vt 0.748414 0.538632 0.000000
vt 0.748414 0.533887 0.000000
vt 0.748414 0.531515 0.000000
vt 0.326684 0.436468 0.000000
vt 0.326684 0.458865 0.000000
vt 0.353822 0.458865 0.000000
vt 0.353822 0.436468 0.000000
vt 0.360786 0.349244 0.000000
vt 0.360786 0.372109 0.000000
vt 0.387924 0.372109 0.000000
vt 0.387924 0.349244 0.000000
vt 0.968419 0.551044 0.000000
vt 0.968419 0.574063 0.000000
vt 0.995557 0.574063 0.000000
vt 0.995557 0.551044 0.000000
vt 0.467688 0.464934 0.000000
vt 0.467688 0.488392 0.000000
vt 0.494826 0.488392 0.000000
vt 0.494826 0.464934 0.000000
vt 0.496015 0.464631 0.000000
vt 0.496015 0.488695 0.000000
vt 0.523153 0.488695 0.000000
vt 0.523153 0.464631 0.000000
vt 0.494749 0.522668 0.000000
vt 0.494749 0.546645 0.000000
vt 0.521887 0.546645 0.000000
vt 0.521887 0.522668 0.000000
vt 0.465789 0.522964 0.000000
vt 0.465789 0.546348 0.000000
vt 0.492927 0.546348 0.000000
vt 0.492927 0.522964 0.000000
vt 0.494116 0.551853 0.000000
vt 0.494116 0.575452 0.000000
vt 0.521254 0.575452 0.000000
vt 0.521254 0.551853 0.000000
vt 0.326051 0.465255 0.000000
vt 0.326051 0.488071 0.000000
vt 0.353189 0.488071 0.000000
vt 0.353189 0.465255 0.000000
vt 0.284460 0.308656 0.000000
vt 0.284460 0.280848 0.000000
vt 0.266563 0.280848 0.000000
vt 0.266563 0.308656 0.000000
vt 0.964979 0.576457 0.000000
vt 0.964979 0.548650 0.000000
vt 0.942342 0.548650 0.000000
vt 0.942342 0.576457 0.000000
vt 0.323369 0.250662 0.000000
vt 0.323369 0.222855 0.000000
vt 0.305472 0.222855 0.000000
vt 0.305472 0.250662 0.000000
vt 0.376909 0.577556 0.000000
vt 0.376909 0.549749 0.000000
vt 0.354272 0.549749 0.000000
vt 0.354272 0.577556 0.000000
vt 0.319132 0.279659 0.000000
vt 0.319132 0.251852 0.000000
vt 0.300767 0.251852 0.000000
vt 0.300767 0.279659 0.000000
vt 0.405236 0.606553 0.000000
vt 0.405236 0.578746 0.000000
vt 0.382599 0.578746 0.000000
vt 0.382599 0.606553 0.000000
vt 0.249243 0.548560 0.000000
vt 0.249243 0.520753 0.000000
vt 0.230878 0.520753 0.000000
vt 0.230878 0.548560 0.000000
vt 0.960605 0.498295 0.000000
vt 0.960605 0.470488 0.000000
vt 0.937968 0.470488 0.000000
vt 0.937968 0.498295 0.000000
vt 0.350935 0.785330 0.000000
vt 0.350935 0.757523 0.000000
vt 0.332417 0.757523 0.000000
vt 0.332417 0.785330 0.000000
vt 0.376909 0.548560 0.000000
vt 0.376909 0.520753 0.000000
vt 0.354272 0.520753 0.000000
vt 0.354272 0.548560 0.000000
vt 0.352007 0.252684 0.000000
vt 0.352007 0.224877 0.000000
vt 0.333489 0.224877 0.000000
vt 0.333489 0.252684 0.000000
vt 0.461891 0.548560 0.000000
vt 0.461891 0.520753 0.000000
vt 0.439254 0.520753 0.000000
vt 0.439254 0.548560 0.000000
vt 0.258007 0.490566 0.000000
vt 0.258007 0.462759 0.000000
vt 0.239049 0.462759 0.000000
vt 0.239049 0.490566 0.000000
vt 0.908324 0.567629 0.000000
vt 0.908324 0.539822 0.000000
vt 0.885687 0.539822 0.000000
vt 0.885687 0.567629 0.000000
vt 0.344226 0.755632 0.000000
vt 0.344226 0.727825 0.000000
vt 0.325268 0.727825 0.000000
vt 0.325268 0.755632 0.000000
vt 0.464881 0.461570 0.000000
vt 0.464881 0.433763 0.000000
vt 0.442243 0.433763 0.000000
vt 0.442243 0.461570 0.000000
vt 0.286637 0.488665 0.000000
vt 0.286637 0.460858 0.000000
vt 0.267073 0.460858 0.000000
vt 0.267073 0.488665 0.000000
vt 0.433564 0.548560 0.000000
vt 0.433564 0.520753 0.000000
vt 0.410926 0.520753 0.000000
vt 0.410926 0.548560 0.000000
vt 0.287270 0.457766 0.000000
vt 0.287270 0.429959 0.000000
vt 0.267706 0.429959 0.000000
vt 0.267706 0.457766 0.000000
vt 0.433564 0.606553 0.000000
vt 0.433564 0.578746 0.000000
vt 0.410926 0.578746 0.000000
vt 0.410926 0.606553 0.000000
vt 0.381633 0.253347 0.000000
vt 0.381633 0.225540 0.000000
vt 0.362156 0.225540 0.000000
vt 0.362156 0.253347 0.000000
vt 0.461891 0.577556 0.000000
vt 0.461891 0.549749 0.000000
vt 0.439254 0.549749 0.000000
vt 0.439254 0.577556 0.000000
vt 0.278126 0.577556 0.000000
vt 0.278126 0.549749 0.000000
vt 0.258650 0.549749 0.000000
vt 0.258650 0.577556 0.000000
vt 0.435921 0.490567 0.000000
vt 0.435921 0.462759 0.000000
vt 0.413283 0.462759 0.000000
vt 0.413283 0.490567 0.000000
vt 0.313281 0.308656 0.000000
vt 0.313281 0.280848 0.000000
vt 0.294397 0.280848 0.000000
vt 0.294397 0.308656 0.000000
vt 0.379899 0.461570 0.000000
vt 0.379899 0.433763 0.000000
vt 0.357261 0.433763 0.000000
vt 0.357261 0.461570 0.000000
vt 0.284953 0.366649 0.000000
vt 0.284953 0.338842 0.000000
vt 0.266070 0.338842 0.000000
vt 0.266070 0.366649 0.000000
vt 0.405236 0.548560 0.000000
vt 0.405236 0.520753 0.000000
vt 0.382599 0.520753 0.000000
vt 0.382599 0.548560 0.000000
vt 0.277937 0.606553 0.000000
vt 0.277937 0.578746 0.000000
vt 0.258839 0.578746 0.000000
vt 0.258839 0.606553 0.000000
vt 0.433564 0.577556 0.000000
vt 0.433564 0.549749 0.000000
vt 0.410926 0.549749 0.000000
vt 0.410926 0.577556 0.000000
vt 0.347826 0.281681 0.000000
vt 0.347826 0.253874 0.000000
vt 0.328727 0.253874 0.000000
vt 0.328727 0.281681 0.000000
vt 0.490218 0.577556 0.000000
vt 0.490218 0.549749 0.000000
vt 0.467581 0.549749 0.000000
vt 0.467581 0.577556 0.000000
vt 0.251873 0.401675 0.000000
vt 0.251873 0.373868 0.000000
vt 0.233557 0.373868 0.000000
vt 0.233557 0.401675 0.000000
vt 0.461891 0.606553 0.000000
vt 0.461891 0.578746 0.000000
vt 0.439254 0.578746 0.000000
vt 0.439254 0.606553 0.000000
vt 0.249219 0.606553 0.000000
vt 0.249219 0.578746 0.000000
vt 0.230902 0.578746 0.000000
vt 0.230902 0.606553 0.000000
vt 0.435288 0.519563 0.000000
vt 0.435288 0.491756 0.000000
vt 0.412650 0.491756 0.000000
vt 0.412650 0.519563 0.000000
vt 0.349505 0.756333 0.000000
vt 0.354811 0.751028 0.000000
vt 0.354811 0.733131 0.000000
vt 0.349505 0.727825 0.000000
vt 0.377448 0.733131 0.000000
vt 0.382754 0.727825 0.000000
vt 0.377448 0.751028 0.000000
vt 0.382754 0.756333 0.000000
vt 0.319417 0.341543 0.000000
vt 0.324722 0.336238 0.000000
vt 0.324722 0.317872 0.000000
vt 0.319417 0.312567 0.000000
vt 0.347360 0.317872 0.000000
vt 0.352665 0.312567 0.000000
vt 0.347360 0.336238 0.000000
vt 0.352665 0.341543 0.000000
vt 0.283146 0.580565 0.000000
vt 0.288451 0.575260 0.000000
vt 0.288451 0.556741 0.000000
vt 0.283146 0.551436 0.000000
vt 0.311089 0.556741 0.000000
vt 0.316394 0.551436 0.000000
vt 0.311089 0.575260 0.000000
vt 0.316394 0.580565 0.000000
vt 0.353854 0.314220 0.000000
vt 0.359160 0.308915 0.000000
vt 0.359160 0.289958 0.000000
vt 0.353854 0.284652 0.000000
vt 0.381797 0.289958 0.000000
vt 0.387103 0.284652 0.000000
vt 0.381797 0.308915 0.000000
vt 0.387103 0.314220 0.000000
vt 0.317584 0.579923 0.000000
vt 0.322889 0.574618 0.000000
vt 0.322889 0.555054 0.000000
vt 0.317584 0.549749 0.000000
vt 0.345527 0.555054 0.000000
vt 0.350832 0.549749 0.000000
vt 0.345527 0.574618 0.000000
vt 0.350832 0.579923 0.000000
vt 0.326348 0.403577 0.000000
vt 0.331654 0.398272 0.000000
vt 0.331654 0.378795 0.000000
vt 0.326348 0.373490 0.000000
vt 0.354291 0.378795 0.000000
vt 0.359596 0.373490 0.000000
vt 0.354291 0.398272 0.000000
vt 0.359596 0.403577 0.000000
vt 0.283146 0.550246 0.000000
vt 0.288452 0.544941 0.000000
vt 0.288452 0.526058 0.000000
vt 0.283146 0.520753 0.000000
vt 0.311089 0.526058 0.000000
vt 0.316394 0.520753 0.000000
vt 0.311089 0.544941 0.000000
vt 0.316394 0.550246 0.000000
vt 0.291614 0.488665 0.000000
vt 0.296919 0.483360 0.000000
vt 0.296919 0.464261 0.000000
vt 0.291614 0.458956 0.000000
vt 0.319556 0.464261 0.000000
vt 0.324862 0.458956 0.000000
vt 0.319556 0.483360 0.000000
vt 0.324862 0.488665 0.000000
vt 0.353035 0.283463 0.000000
vt 0.358340 0.278157 0.000000
vt 0.358340 0.259841 0.000000
vt 0.353035 0.254536 0.000000
vt 0.380978 0.259841 0.000000
vt 0.386283 0.254536 0.000000
vt 0.380978 0.278157 0.000000
vt 0.386283 0.283463 0.000000
vt 0.318575 0.846971 0.000000
vt 0.318575 0.839245 0.000000
vt 0.290067 0.839245 0.000000
vt 0.290067 0.846971 0.000000
vt 0.875703 0.498295 0.000000
vt 0.875703 0.490570 0.000000
vt 0.842455 0.490570 0.000000
vt 0.842455 0.498295 0.000000
vt 0.353830 0.877315 0.000000
vt 0.353830 0.869590 0.000000
vt 0.325323 0.869590 0.000000
vt 0.325323 0.877315 0.000000
vt 0.576083 0.607356 0.000000
vt 0.576083 0.599631 0.000000
vt 0.542835 0.599631 0.000000
vt 0.542835 0.607356 0.000000
vt 0.197389 0.364219 0.000000
vt 0.197389 0.356494 0.000000
vt 0.168414 0.356494 0.000000
vt 0.168414 0.364219 0.000000
vt 0.926455 0.576544 0.000000
vt 0.926455 0.568818 0.000000
vt 0.893207 0.568818 0.000000
vt 0.893207 0.576544 0.000000
vt 0.255226 0.769346 0.000000
vt 0.255226 0.761621 0.000000
vt 0.226250 0.761621 0.000000
vt 0.226250 0.769346 0.000000
vt 0.513183 0.615468 0.000000
vt 0.513183 0.607742 0.000000
vt 0.479935 0.607742 0.000000
vt 0.479935 0.615468 0.000000
vt 0.264702 0.236385 0.000000
vt 0.264702 0.228659 0.000000
vt 0.235573 0.228659 0.000000
vt 0.235573 0.236385 0.000000
vt 0.409871 0.615468 0.000000
vt 0.409871 0.607742 0.000000
vt 0.376623 0.607742 0.000000
vt 0.376623 0.615468 0.000000
vt 0.192997 0.389099 0.000000
vt 0.192997 0.381374 0.000000
vt 0.163868 0.381374 0.000000
vt 0.163868 0.389099 0.000000
vt 0.823142 0.567716 0.000000
vt 0.823142 0.559990 0.000000
vt 0.789894 0.559990 0.000000
vt 0.789894 0.567716 0.000000
vt 0.354361 0.866414 0.000000
vt 0.354361 0.858689 0.000000
vt 0.324793 0.858689 0.000000
vt 0.324793 0.866414 0.000000
vt 0.232426 0.365212 0.000000
vt 0.232426 0.357487 0.000000
vt 0.199178 0.357487 0.000000
vt 0.199178 0.365212 0.000000
vt 0.193216 0.400000 0.000000
vt 0.193216 0.392275 0.000000
vt 0.163648 0.392275 0.000000
vt 0.163648 0.400000 0.000000
vt 0.680057 0.558801 0.000000
vt 0.680057 0.551075 0.000000
vt 0.646809 0.551075 0.000000
vt 0.646809 0.558801 0.000000
vt 0.321061 0.200382 0.000000
vt 0.321061 0.192656 0.000000
vt 0.290887 0.192656 0.000000
vt 0.290887 0.200382 0.000000
vt 0.823142 0.576630 0.000000
vt 0.823142 0.568905 0.000000
vt 0.789894 0.568905 0.000000
vt 0.789894 0.576630 0.000000
vt 0.287188 0.766862 0.000000
vt 0.287188 0.759137 0.000000
vt 0.257014 0.759137 0.000000
vt 0.257014 0.766862 0.000000
vt 0.327990 0.210289 0.000000
vt 0.327990 0.202564 0.000000
vt 0.294742 0.202564 0.000000
vt 0.294742 0.210289 0.000000
vt 0.198655 0.508877 0.000000
vt 0.198655 0.501152 0.000000
vt 0.168568 0.501152 0.000000
vt 0.168568 0.508877 0.000000
vt 0.582059 0.617692 0.000000
vt 0.582059 0.609967 0.000000
vt 0.548810 0.609967 0.000000
vt 0.548810 0.617692 0.000000
vt 0.260710 0.279988 0.000000
vt 0.260710 0.272262 0.000000
vt 0.230622 0.272262 0.000000
vt 0.230622 0.279988 0.000000
vt 0.812434 0.697855 0.000000
vt 0.812434 0.690129 0.000000
vt 0.779186 0.690129 0.000000
vt 0.779186 0.697855 0.000000
vt 0.224313 0.707913 0.000000
vt 0.224313 0.700188 0.000000
vt 0.194820 0.700188 0.000000
vt 0.194820 0.707913 0.000000
vt 0.971376 0.460384 0.000000
vt 0.971376 0.452659 0.000000
vt 0.938128 0.452659 0.000000
vt 0.938128 0.460384 0.000000
vt 0.225975 0.302786 0.000000
vt 0.225975 0.295061 0.000000
vt 0.196482 0.295061 0.000000
vt 0.196482 0.302786 0.000000
vt 0.321626 0.804361 0.000000
vt 0.321626 0.796635 0.000000
vt 0.288378 0.796635 0.000000
vt 0.288378 0.804361 0.000000
vt 0.386612 0.888216 0.000000
vt 0.386612 0.880490 0.000000
vt 0.356903 0.880490 0.000000
vt 0.356903 0.888216 0.000000
vt 0.616794 0.578366 0.000000
vt 0.616794 0.570640 0.000000
vt 0.583545 0.570640 0.000000
vt 0.583545 0.578366 0.000000
vt 0.193287 0.410901 0.000000
vt 0.193287 0.403176 0.000000
vt 0.163578 0.403176 0.000000
vt 0.163578 0.410901 0.000000
vt 0.810488 0.518464 0.000000
vt 0.810488 0.510738 0.000000
vt 0.777240 0.510738 0.000000
vt 0.777240 0.518464 0.000000
vt 0.386221 0.899117 0.000000
vt 0.386221 0.891391 0.000000
vt 0.357295 0.891391 0.000000
vt 0.357295 0.899117 0.000000
vt 0.904530 0.489380 0.000000
vt 0.904530 0.481655 0.000000
vt 0.871281 0.481655 0.000000
vt 0.871281 0.489380 0.000000
vt 0.286565 0.810465 0.000000
vt 0.286565 0.802740 0.000000
vt 0.257638 0.802740 0.000000
vt 0.257638 0.810465 0.000000
vt 0.259091 0.706920 0.000000
vt 0.259091 0.699195 0.000000
vt 0.225843 0.699195 0.000000
vt 0.225843 0.706920 0.000000
vt 0.352814 0.139074 0.000000
vt 0.349759 0.136018 0.000000
vt 0.349759 0.164526 0.000000
vt 0.352814 0.161471 0.000000
vt 0.383007 0.164526 0.000000
vt 0.379952 0.161471 0.000000
vt 0.383007 0.136018 0.000000
vt 0.379952 0.139074 0.000000
vt 0.195109 0.585248 0.000000
vt 0.192054 0.582193 0.000000
vt 0.192054 0.611169 0.000000
vt 0.195109 0.608114 0.000000
vt 0.225302 0.611169 0.000000
vt 0.222247 0.608114 0.000000
vt 0.225302 0.582193 0.000000
vt 0.222247 0.585248 0.000000
vt 0.256996 0.730880 0.000000
vt 0.253940 0.727825 0.000000
vt 0.253940 0.756954 0.000000
vt 0.256996 0.753899 0.000000
vt 0.287188 0.756954 0.000000
vt 0.284133 0.753899 0.000000
vt 0.287188 0.727825 0.000000
vt 0.284133 0.730880 0.000000
vt 0.264998 0.253146 0.000000
vt 0.261943 0.250091 0.000000
vt 0.261943 0.279659 0.000000
vt 0.264998 0.276604 0.000000
vt 0.295191 0.279659 0.000000
vt 0.292136 0.276604 0.000000
vt 0.295191 0.250091 0.000000
vt 0.292136 0.253146 0.000000
vt 0.325870 0.789574 0.000000
vt 0.322815 0.786519 0.000000
vt 0.322815 0.816693 0.000000
vt 0.325870 0.813638 0.000000
vt 0.356063 0.816693 0.000000
vt 0.353008 0.813638 0.000000
vt 0.356063 0.786519 0.000000
vt 0.353008 0.789574 0.000000
vt 0.203874 0.429891 0.000000
vt 0.200819 0.426836 0.000000
vt 0.200819 0.456923 0.000000
vt 0.203874 0.453868 0.000000
vt 0.234067 0.456923 0.000000
vt 0.231012 0.453868 0.000000
vt 0.234067 0.426836 0.000000
vt 0.231012 0.429891 0.000000
vt 0.195109 0.554565 0.000000
vt 0.192054 0.551510 0.000000
vt 0.192054 0.581004 0.000000
vt 0.195109 0.577949 0.000000
vt 0.225302 0.581004 0.000000
vt 0.222247 0.577949 0.000000
vt 0.225302 0.551510 0.000000
vt 0.222247 0.554565 0.000000
vt 0.355016 0.820938 0.000000
vt 0.351961 0.817883 0.000000
vt 0.351961 0.847592 0.000000
vt 0.355016 0.844536 0.000000
vt 0.385209 0.847592 0.000000
vt 0.382154 0.844536 0.000000
vt 0.385209 0.817883 0.000000
vt 0.382154 0.820938 0.000000
vt 0.230560 0.285225 0.000000
vt 0.227505 0.282170 0.000000
vt 0.227505 0.311097 0.000000
vt 0.230560 0.308042 0.000000
vt 0.260753 0.311097 0.000000
vt 0.257698 0.308042 0.000000
vt 0.260753 0.282170 0.000000
vt 0.257698 0.285225 0.000000
vt 0.232048 0.186952 0.000000
vt 0.232048 0.190885 0.000000
vt 0.254445 0.190885 0.000000
vt 0.254445 0.186952 0.000000
vt 0.192731 0.734786 0.000000
vt 0.192731 0.738720 0.000000
vt 0.219869 0.738720 0.000000
vt 0.219869 0.734786 0.000000
vt 0.259556 0.157878 0.000000
vt 0.259556 0.161811 0.000000
vt 0.281954 0.161811 0.000000
vt 0.281954 0.157878 0.000000
vt 0.166296 0.314787 0.000000
vt 0.166296 0.318720 0.000000
vt 0.193434 0.318720 0.000000
vt 0.193434 0.314787 0.000000
vt 0.296780 0.873844 0.000000
vt 0.296780 0.877777 0.000000
vt 0.319646 0.877777 0.000000
vt 0.319646 0.873844 0.000000
vt 0.227169 0.785318 0.000000
vt 0.227169 0.789252 0.000000
vt 0.254306 0.789252 0.000000
vt 0.254306 0.785318 0.000000
vt 0.163504 0.702084 0.000000
vt 0.163504 0.706017 0.000000
vt 0.186369 0.706017 0.000000
vt 0.186369 0.702084 0.000000
vt 0.200733 0.274158 0.000000
vt 0.200733 0.278092 0.000000
vt 0.227872 0.278092 0.000000
vt 0.227872 0.274158 0.000000
vt 0.132904 0.601155 0.000000
vt 0.132904 0.605088 0.000000
vt 0.155923 0.605088 0.000000
vt 0.155923 0.601155 0.000000
vt 0.130845 0.503048 0.000000
vt 0.130845 0.506981 0.000000
vt 0.157983 0.506981 0.000000
vt 0.157983 0.503048 0.000000
vt 0.258374 0.837339 0.000000
vt 0.258374 0.841272 0.000000
vt 0.281393 0.841272 0.000000
vt 0.281393 0.837339 0.000000
vt 0.166296 0.336588 0.000000
vt 0.166296 0.340521 0.000000
vt 0.193434 0.340521 0.000000
vt 0.193434 0.336588 0.000000
vt 0.975924 0.462476 0.000000
vt 0.975924 0.466410 0.000000
vt 0.999382 0.466410 0.000000
vt 0.999382 0.462476 0.000000
vt 0.353533 0.095304 0.000000
vt 0.353533 0.099237 0.000000
vt 0.380671 0.099237 0.000000
vt 0.380671 0.095304 0.000000
vt 0.328665 0.893287 0.000000
vt 0.328665 0.897221 0.000000
vt 0.352123 0.897221 0.000000
vt 0.352123 0.893287 0.000000
vt 0.200733 0.252357 0.000000
vt 0.200733 0.256290 0.000000
vt 0.227871 0.256290 0.000000
vt 0.227871 0.252357 0.000000
vt 0.257851 0.826438 0.000000
vt 0.257851 0.830371 0.000000
vt 0.281915 0.830371 0.000000
vt 0.281915 0.826438 0.000000
vt 0.227169 0.774418 0.000000
vt 0.227169 0.778351 0.000000
vt 0.254306 0.778351 0.000000
vt 0.254306 0.774418 0.000000
vt 0.323706 0.114100 0.000000
vt 0.323706 0.118034 0.000000
vt 0.347770 0.118034 0.000000
vt 0.347770 0.114100 0.000000
vt 0.326825 0.882387 0.000000
vt 0.326825 0.886320 0.000000
vt 0.353963 0.886320 0.000000
vt 0.353963 0.882387 0.000000
vt 0.194312 0.745687 0.000000
vt 0.194312 0.749620 0.000000
vt 0.218289 0.749620 0.000000
vt 0.218289 0.745687 0.000000
vt 0.359006 0.904188 0.000000
vt 0.359006 0.908121 0.000000
vt 0.386144 0.908121 0.000000
vt 0.386144 0.904188 0.000000
vt 0.135080 0.415841 0.000000
vt 0.135080 0.419774 0.000000
vt 0.159057 0.419774 0.000000
vt 0.159057 0.415841 0.000000
vt 0.192731 0.712985 0.000000
vt 0.192731 0.716918 0.000000
vt 0.219869 0.716918 0.000000
vt 0.219869 0.712985 0.000000
vt 0.135377 0.394040 0.000000
vt 0.135377 0.397973 0.000000
vt 0.158760 0.397973 0.000000
vt 0.158760 0.394040 0.000000
vt 0.229678 0.208753 0.000000
vt 0.229678 0.212687 0.000000
vt 0.256815 0.212687 0.000000
vt 0.256815 0.208753 0.000000
vt 0.360883 0.915089 0.000000
vt 0.360883 0.919022 0.000000
vt 0.384267 0.919022 0.000000
vt 0.384267 0.915089 0.000000
vt 0.133500 0.437643 0.000000
vt 0.133500 0.441576 0.000000
vt 0.160637 0.441576 0.000000
vt 0.160637 0.437643 0.000000
vt 0.168066 0.303886 0.000000
vt 0.168066 0.307819 0.000000
vt 0.191664 0.307819 0.000000
vt 0.191664 0.303886 0.000000
vt 0.166296 0.347489 0.000000
vt 0.166296 0.351422 0.000000
vt 0.193434 0.351422 0.000000
vt 0.193434 0.347489 0.000000
vt 0.258956 0.168779 0.000000
vt 0.258956 0.172712 0.000000
vt 0.282555 0.172712 0.000000
vt 0.282555 0.168779 0.000000
vt 0.139312 0.492147 0.000000
vt 0.139312 0.496080 0.000000
vt 0.166450 0.496080 0.000000
vt 0.166450 0.492147 0.000000
vt 0.290711 0.129147 0.000000
vt 0.290711 0.133081 0.000000
vt 0.313527 0.133081 0.000000
vt 0.313527 0.129147 0.000000
vt 0.166296 0.325687 0.000000
vt 0.166296 0.329621 0.000000
vt 0.193434 0.329621 0.000000
vt 0.193434 0.325687 0.000000
vt 0.354876 0.084403 0.000000
vt 0.354876 0.088337 0.000000
vt 0.377693 0.088337 0.000000
vt 0.377693 0.084403 0.000000
vt 0.322987 0.125001 0.000000
vt 0.322987 0.128935 0.000000
vt 0.350125 0.128935 0.000000
vt 0.350125 0.125001 0.000000
vt 0.908871 0.700398 0.000000
vt 0.936505 0.708945 0.000000
vt 0.988582 0.579720 0.000000
vt 0.879944 0.579959 0.000000
vt 0.687798 0.632027 0.000000
vt 0.687998 0.641172 0.000000
vt 0.690785 0.641111 0.000000
vt 0.359768 0.816914 0.000000
vt 0.715433 0.640573 0.000000
vt 0.412064 0.815773 0.000000
vt 0.909071 0.709543 0.000000
vt 0.913264 0.709451 0.000000
vt 0.831800 0.961912 0.000000
vt 0.881237 0.691851 0.000000
vt 0.885353 0.700911 0.000000
vt 0.881111 0.960836 0.000000
vt 0.521985 0.580750 0.000000
vt 0.522185 0.589895 0.000000
vt 0.526441 0.589802 0.000000
vt 0.011082 0.708053 0.000000
vt 0.608616 0.580557 0.000000
vt 0.715632 0.649718 0.000000
vt 0.718445 0.649656 0.000000
vt 0.418455 0.835045 0.000000
vt 0.549623 0.589296 0.000000
vt 0.743067 0.649119 0.000000
vt 0.604896 0.606388 0.000000
vt 0.605095 0.615533 0.000000
vt 0.608352 0.615462 0.000000
vt 0.184873 0.762496 0.000000
vt 0.577259 0.597842 0.000000
vt 0.577459 0.606987 0.000000
vt 0.580725 0.606916 0.000000
vt 0.126255 0.744363 0.000000
vt 0.553254 0.598366 0.000000
vt 0.632531 0.614934 0.000000
vt 0.632730 0.624079 0.000000
vt 0.636268 0.624002 0.000000
vt 0.244101 0.780614 0.000000
vt 0.964139 0.717491 0.000000
vt 0.964338 0.726636 0.000000
vt 0.969124 0.726532 0.000000
vt 0.950318 0.998150 0.000000
vt 0.936704 0.718089 0.000000
vt 0.940661 0.718003 0.000000
vt 0.889928 0.980056 0.000000
vt 0.991773 0.726038 0.000000
vt 0.881437 0.700996 0.000000
vt 0.772581 0.943791 0.000000
vt 0.660165 0.623480 0.000000
vt 0.294803 0.779508 0.000000
vt 0.185431 0.688436 0.000000
vt 0.660365 0.632625 0.000000
vt 0.663469 0.632557 0.000000
vt 0.301813 0.798766 0.000000
vt 0.353432 0.797640 0.000000
vt 0.853603 0.683305 0.000000
vt 0.853803 0.692450 0.000000
vt 0.857802 0.692363 0.000000
vt 0.714127 0.925654 0.000000
vt 0.798335 0.666212 0.000000
vt 0.801978 0.675282 0.000000
vt 0.825969 0.674759 0.000000
vt 0.826169 0.683903 0.000000
vt 0.830007 0.683820 0.000000
vt 0.655156 0.907529 0.000000
vt 0.549822 0.598441 0.000000
vt 0.067970 0.726223 0.000000
vt 0.743267 0.658264 0.000000
vt 0.745943 0.658206 0.000000
vt 0.476798 0.853184 0.000000
vt 0.770701 0.657666 0.000000
vt 0.577709 0.561805 0.000000
vt 0.600950 0.562312 0.000000
vt 0.605343 0.553259 0.000000
vt 0.605809 0.432757 0.000000
vt 0.522440 0.578897 0.000000
vt 0.545090 0.579392 0.000000
vt 0.550075 0.570351 0.000000
vt 0.525634 0.432580 0.000000
vt 0.549875 0.579496 0.000000
vt 0.060260 0.978969 0.000000
vt 0.743514 0.510528 0.000000
vt 0.715880 0.519075 0.000000
vt 0.739559 0.519591 0.000000
vt 0.573553 0.570864 0.000000
vt 0.577509 0.570950 0.000000
vt 0.118891 0.960837 0.000000
vt 0.605143 0.562404 0.000000
vt 0.177522 0.942705 0.000000
vt 0.771148 0.501982 0.000000
vt 0.768272 0.511069 0.000000
vt 0.933490 0.459778 0.000000
vt 0.936756 0.459849 0.000000
vt 0.936955 0.450704 0.000000
vt 0.881105 0.725114 0.000000
vt 0.960960 0.451227 0.000000
vt 0.964590 0.442157 0.000000
vt 0.881543 0.433367 0.000000
vt 0.964391 0.451302 0.000000
vt 0.939739 0.706979 0.000000
vt 0.987771 0.442662 0.000000
vt 0.992225 0.433610 0.000000
vt 0.992026 0.442755 0.000000
vt 0.998372 0.688845 0.000000
vt 0.881686 0.467797 0.000000
vt 0.905864 0.468325 0.000000
vt 0.909320 0.459251 0.000000
vt 0.909121 0.468396 0.000000
vt 0.822472 0.743247 0.000000
vt 0.628862 0.553772 0.000000
vt 0.632778 0.553858 0.000000
vt 0.632977 0.544713 0.000000
vt 0.236154 0.924573 0.000000
vt 0.656413 0.545224 0.000000
vt 0.660412 0.545312 0.000000
vt 0.660611 0.536167 0.000000
vt 0.294785 0.906440 0.000000
vt 0.684207 0.536682 0.000000
vt 0.688046 0.536766 0.000000
vt 0.688245 0.527621 0.000000
vt 0.353417 0.888308 0.000000
vt 0.798783 0.493436 0.000000
vt 0.826417 0.484890 0.000000
vt 0.646575 0.797646 0.000000
vt 0.854051 0.476344 0.000000
vt 0.705207 0.779513 0.000000
vt 0.877948 0.476865 0.000000
vt 0.712237 0.528144 0.000000
vt 0.850747 0.485421 0.000000
vt 0.853851 0.485489 0.000000
vt 0.823430 0.493974 0.000000
vt 0.826217 0.494035 0.000000
vt 0.881486 0.476942 0.000000
vt 0.763839 0.761381 0.000000
vt 0.715680 0.528219 0.000000
vt 0.412049 0.870176 0.000000
vt 0.743314 0.519673 0.000000
vt 0.470680 0.852043 0.000000
vt 0.167705 0.670564 0.000000
vt 0.167705 0.693219 0.000000
vt 0.777997 0.693219 0.000000
vt 0.777997 0.670564 0.000000
vt 0.610884 0.628029 0.000000
vt 0.610884 0.618882 0.000000
vt 0.000595 0.618882 0.000000
vt 0.000595 0.628029 0.000000
vt 0.383943 0.727825 0.000000
vt 0.383943 0.751309 0.000000
vt 0.994236 0.751309 0.000000
vt 0.994236 0.727825 0.000000
vt 0.991091 0.947723 0.000000
vt 0.991091 0.938576 0.000000
vt 0.380796 0.938576 0.000000
vt 0.380796 0.947723 0.000000
vt 0.386398 0.813717 0.000000
vt 0.386398 0.836964 0.000000
vt 0.996691 0.836964 0.000000
vt 0.996691 0.813717 0.000000
vt 0.983857 0.978732 0.000000
vt 0.983857 0.969585 0.000000
vt 0.373563 0.969585 0.000000
vt 0.373563 0.978732 0.000000
vt 0.260280 0.699195 0.000000
vt 0.260280 0.722719 0.000000
vt 0.870573 0.722719 0.000000
vt 0.870573 0.699195 0.000000
vt 0.980700 0.034130 0.000000
vt 0.980700 0.024983 0.000000
vt 0.370408 0.024983 0.000000
vt 0.370408 0.034130 0.000000
vt 0.383379 0.084623 0.000000
vt 0.383379 0.108065 0.000000
vt 0.993671 0.108065 0.000000
vt 0.993671 0.084623 0.000000
vt 0.984674 0.989069 0.000000
vt 0.984674 0.979922 0.000000
vt 0.374383 0.979922 0.000000
vt 0.374383 0.989069 0.000000
vt 0.388292 0.256407 0.000000
vt 0.388292 0.280008 0.000000
vt 0.998588 0.280008 0.000000
vt 0.998588 0.256407 0.000000
vt 0.979883 0.023794 0.000000
vt 0.979883 0.014647 0.000000
vt 0.369591 0.014647 0.000000
vt 0.369591 0.023794 0.000000
vt 0.385834 0.170515 0.000000
vt 0.385834 0.194512 0.000000
vt 0.996127 0.194512 0.000000
vt 0.996127 0.170515 0.000000
vt 0.677729 0.648702 0.000000
vt 0.677729 0.639555 0.000000
vt 0.067435 0.639555 0.000000
vt 0.067435 0.648702 0.000000
vt 0.995308 0.165570 0.000000
vt 0.995308 0.141884 0.000000
vt 0.385015 0.141884 0.000000
vt 0.385015 0.165570 0.000000
vt 0.979066 0.013458 0.000000
vt 0.979066 0.004310 0.000000
vt 0.368776 0.004310 0.000000
vt 0.368776 0.013458 0.000000
vt 0.388034 0.870978 0.000000
vt 0.388034 0.895742 0.000000
vt 0.998326 0.895742 0.000000
vt 0.998326 0.870978 0.000000
vt 0.744574 0.669375 0.000000
vt 0.744574 0.660228 0.000000
vt 0.134277 0.660228 0.000000
vt 0.134277 0.669375 0.000000
vt 0.995873 0.809714 0.000000
vt 0.995873 0.785087 0.000000
vt 0.385580 0.785087 0.000000
vt 0.385580 0.809714 0.000000
vt 0.992036 0.054803 0.000000
vt 0.992036 0.045656 0.000000
vt 0.381740 0.045656 0.000000
vt 0.381740 0.054803 0.000000
vt 0.386653 0.199146 0.000000
vt 0.386653 0.223799 0.000000
vt 0.996947 0.223799 0.000000
vt 0.996947 0.199146 0.000000
vt 0.991911 0.958059 0.000000
vt 0.991911 0.948912 0.000000
vt 0.381616 0.948912 0.000000
vt 0.381616 0.958059 0.000000
vt 0.997509 0.866683 0.000000
vt 0.997509 0.842348 0.000000
vt 0.387217 0.842348 0.000000
vt 0.387217 0.866683 0.000000
vt 0.711152 0.659038 0.000000
vt 0.711152 0.649891 0.000000
vt 0.100857 0.649891 0.000000
vt 0.100857 0.659038 0.000000
vt 0.388851 0.899609 0.000000
vt 0.388851 0.923512 0.000000
vt 0.999142 0.923512 0.000000
vt 0.999142 0.899609 0.000000
vt 0.983038 0.968396 0.000000
vt 0.983038 0.959249 0.000000
vt 0.372744 0.959249 0.000000
vt 0.372744 0.968396 0.000000
vt 0.384196 0.113254 0.000000
vt 0.384196 0.137437 0.000000
vt 0.994490 0.137437 0.000000
vt 0.994490 0.113254 0.000000
vt 0.644307 0.638365 0.000000
vt 0.644307 0.629218 0.000000
vt 0.034015 0.629218 0.000000
vt 0.034015 0.638365 0.000000
vt 0.382561 0.055993 0.000000
vt 0.382561 0.080168 0.000000
vt 0.992853 0.080168 0.000000
vt 0.992853 0.055993 0.000000
vt 0.991214 0.044467 0.000000
vt 0.991214 0.035320 0.000000
vt 0.380918 0.035320 0.000000
vt 0.380918 0.044467 0.000000
vt 0.387472 0.227776 0.000000
vt 0.387472 0.251786 0.000000
vt 0.997767 0.251786 0.000000
vt 0.997767 0.227776 0.000000
vt 0.975797 0.999405 0.000000
vt 0.975797 0.990258 0.000000
vt 0.365507 0.990258 0.000000
vt 0.365507 0.999405 0.000000
vt 0.384762 0.756456 0.000000
vt 0.384762 0.779641 0.000000
vt 0.995055 0.779641 0.000000
vt 0.995055 0.756456 0.000000
vt 0.990270 0.937387 0.000000
vt 0.990270 0.928240 0.000000
vt 0.379975 0.928240 0.000000
vt 0.379975 0.937387 0.000000
vt 0.389113 0.285037 0.000000
vt 0.389113 0.431390 0.000000
vt 0.999405 0.431390 0.000000
vt 0.999405 0.285037 0.000000
vt 0.384762 0.783897 0.000000
vt 0.995055 0.783897 0.000000
vt 0.387472 0.255217 0.000000
vt 0.997767 0.255217 0.000000
vt 0.382561 0.083434 0.000000
vt 0.992853 0.083434 0.000000
vt 0.384196 0.140695 0.000000
vt 0.994490 0.140695 0.000000
vt 0.388851 0.927050 0.000000
vt 0.999142 0.927050 0.000000
vt 0.387217 0.869789 0.000000
vt 0.997509 0.869789 0.000000
vt 0.386653 0.226587 0.000000
vt 0.996947 0.226587 0.000000
vt 0.385580 0.812528 0.000000
vt 0.995873 0.812528 0.000000
vt 0.388034 0.898420 0.000000
vt 0.998326 0.898420 0.000000
vt 0.385015 0.169326 0.000000
vt 0.995308 0.169326 0.000000
vt 0.385834 0.197956 0.000000
vt 0.996127 0.197956 0.000000
vt 0.388292 0.283848 0.000000
vt 0.998588 0.283848 0.000000
vt 0.993671 0.112064 0.000000
vt 0.383379 0.112064 0.000000
vt 0.260280 0.726636 0.000000
vt 0.870573 0.726636 0.000000
vt 0.386398 0.841158 0.000000
vt 0.996691 0.841158 0.000000
vt 0.383943 0.755267 0.000000
vt 0.994236 0.755267 0.000000
vt 0.167705 0.698005 0.000000
vt 0.777997 0.698005 0.000000
vt 0.770901 0.666811 0.000000
vt 0.774656 0.666729 0.000000
vt 0.537717 0.871267 0.000000
vt 0.798535 0.675357 0.000000
vt 0.595687 0.889414 0.000000
vt 0.770949 0.511127 0.000000
vt 0.529312 0.833910 0.000000
vt 0.795770 0.502519 0.000000
vt 0.587944 0.815778 0.000000
vt 0.798583 0.502581 0.000000
# 2771 texture coordinates

o Symmetry
usemtl default
f 14/4/1 16/3/1 15/2/1 13/1/1
f 4/8/2 6/7/2 5/6/2 3/5/2
f 1/10/3 4/8/3 3/5/3 2/9/3
f 16/3/4 1/10/4 2/9/4 15/2/4
f 6/7/5 8/12/5 7/11/5 5/6/5
f 10/16/6 12/15/6 11/14/6 9/13/6
f 12/18/7 14/4/7 13/1/7 11/17/7
f 8/12/8 10/16/8 9/13/8 7/11/8
f 30/22/1 32/21/1 31/20/1 29/19/1
f 20/26/9 22/25/9 21/24/9 19/23/9
f 17/28/3 20/26/3 19/23/3 18/27/3
f 32/21/4 17/28/4 18/27/4 31/20/4
f 22/25/10 24/30/10 23/29/10 21/24/10
f 26/34/11 28/33/11 27/32/11 25/31/11
f 28/36/7 30/22/7 29/19/7 27/35/7
f 24/30/12 26/34/12 25/31/12 23/29/12
f 46/40/13 48/39/13 47/38/13 45/37/13
f 36/44/14 38/43/14 37/42/14 35/41/14
f 33/46/15 36/44/15 35/41/15 34/45/15
f 48/39/16 33/46/16 34/45/16 47/38/16
f 38/43/17 40/48/17 39/47/17 37/42/17
f 42/52/18 44/51/18 43/50/18 41/49/18
f 44/54/19 46/40/19 45/37/19 43/53/19
f 40/48/20 42/52/20 41/49/20 39/47/20
f 62/58/21 64/57/21 63/56/21 61/55/21
f 52/62/22 54/61/22 53/60/22 51/59/22
f 49/64/23 52/62/23 51/59/23 50/63/23
f 64/57/24 49/64/24 50/63/24 63/56/24
f 54/61/25 56/66/25 55/65/25 53/60/25
f 58/70/26 60/69/26 59/68/26 57/67/26
f 60/72/27 62/58/27 61/55/27 59/71/27
f 56/66/28 58/70/28 57/67/28 55/65/28
f 78/76/21 80/75/21 79/74/21 77/73/21
f 68/80/29 70/79/29 69/78/29 67/77/29
f 65/82/23 68/80/23 67/77/23 66/81/23
f 80/75/24 65/82/24 66/81/24 79/74/24
f 70/79/30 72/84/30 71/83/30 69/78/30
f 74/88/31 76/87/31 75/86/31 73/85/31
f 76/90/27 78/76/27 77/73/27 75/89/27
f 72/84/32 74/88/32 73/85/32 71/83/32
f 94/94/33 96/93/33 95/92/33 93/91/33
f 84/98/34 86/97/34 85/96/34 83/95/34
f 81/100/35 84/98/35 83/95/35 82/99/35
f 96/93/16 81/100/16 82/99/16 95/92/16
f 86/97/36 88/102/36 87/101/36 85/96/36
f 90/106/37 92/105/37 91/104/37 89/103/37
f 92/108/38 94/94/38 93/91/38 91/107/38
f 88/102/20 90/106/20 89/103/20 87/101/20
f 110/112/39 112/111/39 111/110/39 109/109/39
f 100/116/40 102/115/40 101/114/40 99/113/40
f 97/118/3 100/116/3 99/113/3 98/117/3
f 112/111/4 97/118/4 98/117/4 111/110/4
f 102/115/10 104/120/10 103/119/10 101/114/10
f 106/124/41 108/123/41 107/122/41 105/121/41
f 108/126/42 110/112/42 109/109/42 107/125/42
f 104/120/43 106/124/43 105/121/43 103/119/43
f 126/130/39 128/129/39 127/128/39 125/127/39
f 116/134/40 118/133/40 117/132/40 115/131/40
f 113/136/3 116/134/3 115/131/3 114/135/3
f 128/129/4 113/136/4 114/135/4 127/128/4
f 118/133/10 120/138/10 119/137/10 117/132/10
f 122/142/41 124/141/41 123/140/41 121/139/41
f 124/144/42 126/130/42 125/127/42 123/143/42
f 120/138/43 122/142/43 121/139/43 119/137/43
f 130/148/44 138/147/45 137/146/45 129/145/44
f 131/150/46 139/149/47 138/147/47 130/148/46
f 132/152/48 140/151/49 139/149/49 131/150/48
f 133/154/50 141/153/51 140/151/51 132/152/50
f 134/158/52 142/157/53 141/156/53 133/155/52
f 135/160/54 143/159/55 142/157/55 134/158/54
f 136/162/56 144/161/57 143/159/57 135/160/56
f 129/145/58 137/146/59 144/161/59 136/162/58
f 138/147/45 146/164/60 145/163/60 137/146/45
f 139/149/47 147/165/61 146/164/61 138/147/47
f 140/151/49 148/166/62 147/165/62 139/149/49
f 141/153/51 149/167/63 148/166/63 140/151/51
f 142/157/53 150/169/64 149/168/64 141/156/53
f 143/159/55 151/170/65 150/169/65 142/157/55
f 144/161/57 152/171/66 151/170/66 143/159/57
f 137/146/59 145/163/67 152/171/67 144/161/59
f 146/164/60 154/173/68 153/172/68 145/163/60
f 147/165/61 155/174/69 154/173/69 146/164/61
f 148/166/62 156/175/70 155/174/70 147/165/62
f 149/167/63 157/176/71 156/175/71 148/166/63
f 150/169/64 158/178/72 157/177/72 149/168/64
f 151/170/65 159/179/73 158/178/73 150/169/65
f 152/171/66 160/180/74 159/179/74 151/170/66
f 145/163/67 153/172/75 160/180/75 152/171/67
f 154/173/68 162/182/76 161/181/76 153/172/68
f 155/174/69 163/183/77 162/182/77 154/173/69
f 156/175/70 164/184/78 163/183/78 155/174/70
f 157/176/71 165/185/79 164/184/79 156/175/71
f 158/178/72 166/187/80 165/186/80 157/177/72
f 159/179/73 167/188/81 166/187/81 158/178/73
f 160/180/74 168/189/82 167/188/82 159/179/74
f 153/172/75 161/181/83 168/189/83 160/180/75
f 162/182/76 170/191/84 169/190/84 161/181/76
f 163/183/77 171/192/85 170/191/85 162/182/77
f 164/184/78 172/193/86 171/192/86 163/183/78
f 165/185/79 173/194/87 172/193/87 164/184/79
f 166/187/80 174/196/88 173/195/88 165/186/80
f 167/188/81 175/197/89 174/196/89 166/187/81
f 168/189/82 176/198/90 175/197/90 167/188/82
f 161/181/83 169/190/91 176/198/91 168/189/83
f 170/191/84 178/200/92 177/199/92 169/190/84
f 171/192/85 179/201/93 178/200/93 170/191/85
f 172/193/86 180/202/94 179/201/94 171/192/86
f 173/194/87 181/203/95 180/202/95 172/193/87
f 174/196/88 182/205/96 181/204/96 173/195/88
f 175/197/89 183/206/97 182/205/97 174/196/89
f 176/198/90 184/207/98 183/206/98 175/197/90
f 169/190/91 177/199/99 184/207/99 176/198/91
f 178/200/92 186/209/100 185/208/100 177/199/92
f 179/201/93 187/210/101 186/209/101 178/200/93
f 180/202/94 188/211/102 187/210/102 179/201/94
f 181/203/95 189/212/103 188/211/103 180/202/95
f 182/205/96 190/214/104 189/213/104 181/204/96
f 183/206/97 191/215/105 190/214/105 182/205/97
f 184/207/98 192/216/106 191/215/106 183/206/98
f 177/199/99 185/208/107 192/216/107 184/207/99
f 186/209/100 194/218/108 193/217/108 185/208/100
f 187/210/101 195/219/109 194/218/109 186/209/101
f 188/211/102 196/220/110 195/219/110 187/210/102
f 189/212/103 197/221/111 196/220/111 188/211/103
f 190/214/104 198/223/112 197/222/112 189/213/104
f 191/215/105 199/224/113 198/223/113 190/214/105
f 192/216/106 200/225/114 199/224/114 191/215/106
f 185/208/107 193/217/115 200/225/115 192/216/107
f 194/218/108 202/227/116 201/226/116 193/217/108
f 195/219/109 203/228/117 202/227/117 194/218/109
f 196/220/110 204/229/118 203/228/118 195/219/110
f 197/221/111 205/230/119 204/229/119 196/220/111
f 198/223/112 206/232/120 205/231/120 197/222/112
f 199/224/113 207/233/121 206/232/121 198/223/113
f 200/225/114 208/234/122 207/233/122 199/224/114
f 193/217/115 201/226/123 208/234/123 200/225/115
f 202/227/116 210/236/124 209/235/124 201/226/116
f 203/228/117 211/237/125 210/236/125 202/227/117
f 204/229/118 212/238/126 211/237/126 203/228/118
f 205/230/119 213/239/127 212/238/127 204/229/119
f 206/232/120 214/241/128 213/240/128 205/231/120
f 207/233/121 215/242/129 214/241/129 206/232/121
f 208/234/122 216/243/130 215/242/130 207/233/122
f 201/226/123 209/235/131 216/243/131 208/234/123
f 210/236/124 218/245/132 217/244/132 209/235/124
f 211/237/125 219/246/133 218/245/133 210/236/125
f 212/238/126 220/247/134 219/246/134 211/237/126
f 213/239/127 221/248/135 220/247/135 212/238/127
f 214/241/128 222/250/136 221/249/136 213/240/128
f 215/242/129 223/251/137 222/250/137 214/241/129
f 216/243/130 224/252/138 223/251/138 215/242/130
f 209/235/131 217/244/139 224/252/139 216/243/131
f 218/245/132 226/254/140 225/253/140 217/244/132
f 219/246/133 227/255/141 226/254/141 218/245/133
f 220/247/134 228/256/142 227/255/142 219/246/134
f 221/248/135 229/257/143 228/256/143 220/247/135
f 222/250/136 230/259/144 229/258/144 221/249/136
f 223/251/137 231/260/145 230/259/145 222/250/137
f 224/252/138 232/261/146 231/260/146 223/251/138
f 217/244/139 225/253/147 232/261/147 224/252/139
f 226/254/140 234/263/148 233/262/148 225/253/140
f 227/255/141 235/264/149 234/263/149 226/254/141
f 228/256/142 236/265/150 235/264/150 227/255/142
f 229/257/143 237/266/151 236/265/151 228/256/143
f 230/259/144 238/268/152 237/267/152 229/258/144
f 231/260/145 239/269/153 238/268/153 230/259/145
f 232/261/146 240/270/154 239/269/154 231/260/146
f 225/253/147 233/262/155 240/270/155 232/261/147
f 234/263/148 242/272/156 241/271/156 233/262/148
f 235/264/149 243/273/157 242/272/157 234/263/149
f 236/265/150 244/274/158 243/273/158 235/264/150
f 237/266/151 245/275/159 244/274/159 236/265/151
f 238/268/152 246/277/160 245/276/160 237/267/152
f 239/269/153 247/278/161 246/277/161 238/268/153
f 240/270/154 248/279/162 247/278/162 239/269/154
f 233/262/155 241/271/163 248/279/163 240/270/155
f 242/272/156 250/281/164 249/280/164 241/271/156
f 243/273/157 251/282/165 250/281/165 242/272/157
f 244/274/158 252/283/166 251/282/166 243/273/158
f 245/275/159 253/284/167 252/283/167 244/274/159
f 246/277/160 254/286/168 253/285/168 245/276/160
f 247/278/161 255/287/169 254/286/169 246/277/161
f 248/279/162 256/288/170 255/287/170 247/278/162
f 241/271/163 249/280/171 256/288/171 248/279/163
f 250/281/164 258/290/172 257/289/172 249/280/164
f 251/282/165 259/291/173 258/290/173 250/281/165
f 252/283/166 260/292/174 259/291/174 251/282/166
f 253/284/167 261/293/175 260/292/175 252/283/167
f 254/286/168 262/295/176 261/294/176 253/285/168
f 255/287/169 263/296/177 262/295/177 254/286/169
f 256/288/170 264/297/178 263/296/178 255/287/170
f 249/280/171 257/289/179 264/297/179 256/288/171
f 258/290/172 266/299/180 265/298/180 257/289/172
f 259/291/173 267/300/181 266/299/181 258/290/173
f 260/292/174 268/301/182 267/300/182 259/291/174
f 261/293/175 269/302/183 268/301/183 260/292/175
f 262/295/176 270/304/184 269/303/184 261/294/176
f 263/296/177 271/305/185 270/304/185 262/295/177
f 264/297/178 272/306/186 271/305/186 263/296/178
f 257/289/179 265/298/187 272/306/187 264/297/179
f 286/310/188 288/309/188 287/308/188 285/307/188
f 276/314/189 278/313/189 277/312/189 275/311/189
f 273/316/190 276/314/190 275/311/190 274/315/190
f 288/309/191 273/316/191 274/315/191 287/308/191
f 278/313/192 280/318/192 279/317/192 277/312/192
f 282/322/193 284/321/193 283/320/193 281/319/193
f 284/324/194 286/310/194 285/307/194 283/323/194
f 280/318/195 282/322/195 281/319/195 279/317/195
f 302/328/188 304/327/188 303/326/188 301/325/188
f 292/332/196 294/331/196 293/330/196 291/329/196
f 289/334/190 292/332/190 291/329/190 290/333/190
f 304/327/191 289/334/191 290/333/191 303/326/191
f 294/331/197 296/336/197 295/335/197 293/330/197
f 298/340/198 300/339/198 299/338/198 297/337/198
f 300/342/194 302/328/194 301/325/194 299/341/194
f 296/336/199 298/340/199 297/337/199 295/335/199
f 318/346/200 320/345/200 319/344/200 317/343/200
f 308/350/201 310/349/201 309/348/201 307/347/201
f 305/352/202 308/350/202 307/347/202 306/351/202
f 320/345/203 305/352/203 306/351/203 319/344/203
f 310/349/204 312/354/204 311/353/204 309/348/204
f 314/358/205 316/357/205 315/356/205 313/355/205
f 316/360/206 318/346/206 317/343/206 315/359/206
f 312/354/207 314/358/207 313/355/207 311/353/207
f 334/364/208 336/363/208 335/362/208 333/361/208
f 324/368/209 326/367/209 325/366/209 323/365/209
f 321/370/210 324/368/210 323/365/210 322/369/210
f 336/363/211 321/370/211 322/369/211 335/362/211
f 326/367/212 328/372/212 327/371/212 325/366/212
f 330/376/213 332/375/213 331/374/213 329/373/213
f 332/378/214 334/364/214 333/361/214 331/377/214
f 328/372/215 330/376/215 329/373/215 327/371/215
f 350/382/208 352/381/208 351/380/208 349/379/208
f 340/386/216 342/385/216 341/384/216 339/383/216
f 337/388/210 340/386/210 339/383/210 338/387/210
f 352/381/211 337/388/211 338/387/211 351/380/211
f 342/385/217 344/390/217 343/389/217 341/384/217
f 346/394/218 348/393/218 347/392/218 345/391/218
f 348/396/214 350/382/214 349/379/214 347/395/214
f 344/390/219 346/394/219 345/391/219 343/389/219
f 366/400/220 368/399/220 367/398/220 365/397/220
f 356/404/201 358/403/201 357/402/201 355/401/201
f 353/406/202 356/404/202 355/401/202 354/405/202
f 368/399/221 353/406/221 354/405/221 367/398/221
f 358/403/222 360/408/222 359/407/222 357/402/222
f 362/412/205 364/411/205 363/410/205 361/409/205
f 364/414/206 366/400/206 365/397/206 363/413/206
f 360/408/207 362/412/207 361/409/207 359/407/207
f 382/418/223 384/417/223 383/416/223 381/415/223
f 372/422/196 374/421/196 373/420/196 371/419/196
f 369/424/224 372/422/224 371/419/224 370/423/224
f 384/417/225 369/424/225 370/423/225 383/416/225
f 374/421/226 376/426/226 375/425/226 373/420/226
f 378/430/198 380/429/198 379/428/198 377/427/198
f 380/432/227 382/418/227 381/415/227 379/431/227
f 376/426/228 378/430/228 377/427/228 375/425/228
f 398/436/223 400/435/223 399/434/223 397/433/223
f 388/440/196 390/439/196 389/438/196 387/437/196
f 385/442/224 388/440/224 387/437/224 386/441/224
f 400/435/225 385/442/225 386/441/225 399/434/225
f 390/439/226 392/444/226 391/443/226 389/438/226
f 394/448/198 396/447/198 395/446/198 393/445/198
f 396/450/227 398/436/227 397/433/227 395/449/227
f 392/444/228 394/448/228 393/445/228 391/443/228
f 402/454/229 410/453/230 409/452/230 401/451/229
f 403/456/231 411/455/232 410/453/232 402/454/231
f 404/458/233 412/457/234 411/455/234 403/456/233
f 405/460/235 413/459/236 412/457/236 404/458/235
f 406/464/237 414/463/238 413/462/238 405/461/237
f 407/466/239 415/465/240 414/463/240 406/464/239
f 408/468/241 416/467/242 415/465/242 407/466/241
f 401/451/243 409/452/244 416/467/244 408/468/243
f 410/453/230 418/470/245 417/469/245 409/452/230
f 411/455/232 419/471/246 418/470/246 410/453/232
f 412/457/234 420/472/247 419/471/247 411/455/234
f 413/459/236 421/473/248 420/472/248 412/457/236
f 414/463/238 422/475/249 421/474/249 413/462/238
f 415/465/240 423/476/250 422/475/250 414/463/240
f 416/467/242 424/477/251 423/476/251 415/465/242
f 409/452/244 417/469/252 424/477/252 416/467/244
f 418/470/245 426/479/253 425/478/253 417/469/245
f 419/471/246 427/480/254 426/479/254 418/470/246
f 420/472/247 428/481/255 427/480/255 419/471/247
f 421/473/248 429/482/256 428/481/256 420/472/248
f 422/475/249 430/484/257 429/483/257 421/474/249
f 423/476/250 431/485/258 430/484/258 422/475/250
f 424/477/251 432/486/259 431/485/259 423/476/251
f 417/469/252 425/478/260 432/486/260 424/477/252
f 426/479/253 434/488/261 433/487/261 425/478/253
f 427/480/254 435/489/262 434/488/262 426/479/254
f 428/481/255 436/490/263 435/489/263 427/480/255
f 429/482/256 437/491/264 436/490/264 428/481/256
f 430/484/257 438/493/265 437/492/265 429/483/257
f 431/485/258 439/494/266 438/493/266 430/484/258
f 432/486/259 440/495/267 439/494/267 431/485/259
f 425/478/260 433/487/268 440/495/268 432/486/260
f 434/488/261 442/497/269 441/496/269 433/487/261
f 435/489/262 443/498/270 442/497/270 434/488/262
f 436/490/263 444/499/271 443/498/271 435/489/263
f 437/491/264 445/500/272 444/499/272 436/490/264
f 438/493/265 446/502/273 445/501/273 437/492/265
f 439/494/266 447/503/274 446/502/274 438/493/266
f 440/495/267 448/504/275 447/503/275 439/494/267
f 433/487/268 441/496/276 448/504/276 440/495/268
f 442/497/269 450/506/277 449/505/277 441/496/269
f 443/498/270 451/507/278 450/506/278 442/497/270
f 444/499/271 452/508/279 451/507/279 443/498/271
f 445/500/272 453/509/280 452/508/280 444/499/272
f 446/502/273 454/511/281 453/510/281 445/501/273
f 447/503/274 455/512/282 454/511/282 446/502/274
f 448/504/275 456/513/283 455/512/283 447/503/275
f 441/496/276 449/505/284 456/513/284 448/504/276
f 450/506/277 458/515/285 457/514/285 449/505/277
f 451/507/278 459/516/286 458/515/286 450/506/278
f 452/508/279 460/517/287 459/516/287 451/507/279
f 453/509/280 461/518/288 460/517/288 452/508/280
f 454/511/281 462/520/289 461/519/289 453/510/281
f 455/512/282 463/521/290 462/520/290 454/511/282
f 456/513/283 464/522/291 463/521/291 455/512/283
f 449/505/284 457/514/292 464/522/292 456/513/284
f 458/515/285 466/524/293 465/523/293 457/514/285
f 459/516/286 467/525/294 466/524/294 458/515/286
f 460/517/287 468/526/295 467/525/295 459/516/287
f 461/518/288 469/527/296 468/526/296 460/517/288
f 462/520/289 470/529/297 469/528/297 461/519/289
f 463/521/290 471/530/298 470/529/298 462/520/290
f 464/522/291 472/531/299 471/530/299 463/521/291
f 457/514/292 465/523/300 472/531/300 464/522/292
f 466/524/293 474/533/301 473/532/301 465/523/293
f 467/525/294 475/534/302 474/533/302 466/524/294
f 468/526/295 476/535/303 475/534/303 467/525/295
f 469/527/296 477/536/304 476/535/304 468/526/296
f 470/529/297 478/538/305 477/537/305 469/528/297
f 471/530/298 479/539/306 478/538/306 470/529/298
f 472/531/299 480/540/307 479/539/307 471/530/299
f 465/523/300 473/532/308 480/540/308 472/531/300
f 474/533/301 482/542/309 481/541/309 473/532/301
f 475/534/302 483/543/310 482/542/310 474/533/302
f 476/535/303 484/544/311 483/543/311 475/534/303
f 477/536/304 485/545/312 484/544/312 476/535/304
f 478/538/305 486/547/313 485/546/313 477/537/305
f 479/539/306 487/548/314 486/547/314 478/538/306
f 480/540/307 488/549/315 487/548/315 479/539/307
f 473/532/308 481/541/316 488/549/316 480/540/308
f 482/542/309 490/551/317 489/550/317 481/541/309
f 483/543/310 491/552/318 490/551/318 482/542/310
f 484/544/311 492/553/319 491/552/319 483/543/311
f 485/545/312 493/554/320 492/553/320 484/544/312
f 486/547/313 494/556/321 493/555/321 485/546/313
f 487/548/314 495/557/322 494/556/322 486/547/314
f 488/549/315 496/558/323 495/557/323 487/548/315
f 481/541/316 489/550/324 496/558/324 488/549/316
f 490/551/317 498/560/325 497/559/325 489/550/317
f 491/552/318 499/561/326 498/560/326 490/551/318
f 492/553/319 500/562/327 499/561/327 491/552/319
f 493/554/320 501/563/328 500/562/328 492/553/320
f 494/556/321 502/565/329 501/564/329 493/555/321
f 495/557/322 503/566/330 502/565/330 494/556/322
f 496/558/323 504/567/331 503/566/331 495/557/323
f 489/550/324 497/559/332 504/567/332 496/558/324
f 498/560/325 506/569/333 505/568/333 497/559/325
f 499/561/326 507/570/334 506/569/334 498/560/326
f 500/562/327 508/571/335 507/570/335 499/561/327
f 501/563/328 509/572/336 508/571/336 500/562/328
f 502/565/329 510/574/337 509/573/337 501/564/329
f 503/566/330 511/575/338 510/574/338 502/565/330
f 504/567/331 512/576/339 511/575/339 503/566/331
f 497/559/332 505/568/340 512/576/340 504/567/332
f 506/569/333 514/578/341 513/577/341 505/568/333
f 507/570/334 515/579/342 514/578/342 506/569/334
f 508/571/335 516/580/343 515/579/343 507/570/335
f 509/572/336 517/581/344 516/580/344 508/571/336
f 510/574/337 518/583/345 517/582/345 509/573/337
f 511/575/338 519/584/346 518/583/346 510/574/338
f 512/576/339 520/585/347 519/584/347 511/575/339
f 505/568/340 513/577/348 520/585/348 512/576/340
f 514/578/341 522/587/349 521/586/349 513/577/341
f 515/579/342 523/588/350 522/587/350 514/578/342
f 516/580/343 524/589/351 523/588/351 515/579/343
f 517/581/344 525/590/352 524/589/352 516/580/344
f 518/583/345 526/592/353 525/591/353 517/582/345
f 519/584/346 527/593/354 526/592/354 518/583/346
f 520/585/347 528/594/355 527/593/355 519/584/347
f 513/577/348 521/586/356 528/594/356 520/585/348
f 522/587/349 530/596/357 529/595/357 521/586/349
f 523/588/350 531/597/358 530/596/358 522/587/350
f 524/589/351 532/598/359 531/597/359 523/588/351
f 525/590/352 533/599/360 532/598/360 524/589/352
f 526/592/353 534/601/361 533/600/361 525/591/353
f 527/593/354 535/602/362 534/601/362 526/592/354
f 528/594/355 536/603/363 535/602/363 527/593/355
f 521/586/356 529/595/364 536/603/364 528/594/356
f 530/596/357 538/605/365 537/604/365 529/595/357
f 531/597/358 539/606/366 538/605/366 530/596/358
f 532/598/359 540/607/367 539/606/367 531/597/359
f 533/599/360 541/608/368 540/607/368 532/598/360
f 534/601/361 542/610/369 541/609/369 533/600/361
f 535/602/362 543/611/370 542/610/370 534/601/362
f 536/603/363 544/612/371 543/611/371 535/602/363
f 529/595/364 537/604/372 544/612/372 536/603/364
f 728/616/373 727/615/373 726/614/373 725/613/373
f 731/620/373 732/619/373 730/618/373 729/617/373
f 735/624/373 736/623/373 734/622/373 733/621/373
f 739/628/373 740/627/373 738/626/373 737/625/373
f 743/632/373 744/631/373 742/630/373 741/629/373
f 747/636/373 748/635/373 746/634/373 745/633/373
f 751/640/373 752/639/373 750/638/373 749/637/373
f 755/644/373 756/643/373 754/642/373 753/641/373
f 759/648/373 760/647/373 758/646/373 757/645/373
f 545/652/374 580/651/374 584/650/374 581/649/374
f 580/656/375 579/655/375 583/654/375 584/653/375
f 579/660/376 554/659/376 582/658/376 583/657/376
f 554/664/377 545/663/377 581/662/377 582/661/377
f 546/668/374 577/667/374 587/666/374 585/665/374
f 577/672/375 578/671/375 588/670/375 587/669/375
f 578/676/376 555/675/376 586/674/376 588/673/376
f 555/680/377 546/679/377 585/678/377 586/677/377
f 547/684/374 575/683/374 591/682/374 589/681/374
f 575/688/375 576/687/375 592/686/375 591/685/375
f 576/692/376 556/691/376 590/690/376 592/689/376
f 556/696/377 547/695/377 589/694/377 590/693/377
f 548/700/374 573/699/374 595/698/374 593/697/374
f 573/704/375 574/703/375 596/702/375 595/701/375
f 574/708/376 557/707/376 594/706/376 596/705/376
f 557/712/377 548/711/377 593/710/377 594/709/377
f 549/716/374 571/715/374 599/714/374 597/713/374
f 571/720/375 572/719/375 600/718/375 599/717/375
f 572/724/376 558/723/376 598/722/376 600/721/376
f 558/728/377 549/727/377 597/726/377 598/725/377
f 550/732/374 569/731/374 603/730/374 601/729/374
f 569/736/375 570/735/375 604/734/375 603/733/375
f 570/740/376 559/739/376 602/738/376 604/737/376
f 559/744/377 550/743/377 601/742/377 602/741/377
f 551/748/374 567/747/374 607/746/374 605/745/374
f 567/752/375 568/751/375 608/750/375 607/749/375
f 568/756/376 560/755/376 606/754/376 608/753/376
f 560/760/377 551/759/377 605/758/377 606/757/377
f 552/764/374 565/763/374 611/762/374 609/761/374
f 565/768/375 566/767/375 612/766/375 611/765/375
f 566/772/376 561/771/376 610/770/376 612/769/376
f 561/776/377 552/775/377 609/774/377 610/773/377
f 553/780/374 563/779/374 615/778/374 613/777/374
f 563/784/375 564/783/375 616/782/375 615/781/375
f 564/788/376 562/787/376 614/786/376 616/785/376
f 562/792/377 553/791/377 613/790/377 614/789/377
f 581/796/378 584/795/378 620/794/378 617/793/378
f 584/795/378 583/798/378 619/797/378 620/794/378
f 583/798/378 582/800/378 618/799/378 619/797/378
f 582/800/378 581/796/378 617/793/378 618/799/378
f 585/804/378 587/803/378 623/802/378 621/801/378
f 587/803/378 588/806/378 624/805/378 623/802/378
f 588/806/378 586/808/378 622/807/378 624/805/378
f 586/808/378 585/804/378 621/801/378 622/807/378
f 589/812/378 591/811/378 627/810/378 625/809/378
f 591/811/378 592/814/378 628/813/378 627/810/378
f 592/814/378 590/816/378 626/815/378 628/813/378
f 590/816/378 589/812/378 625/809/378 626/815/378
f 593/820/378 595/819/378 631/818/378 629/817/378
f 595/819/378 596/822/378 632/821/378 631/818/378
f 596/822/378 594/824/378 630/823/378 632/821/378
f 594/824/378 593/820/378 629/817/378 630/823/378
f 597/828/378 599/827/378 635/826/378 633/825/378
f 599/827/378 600/830/378 636/829/378 635/826/378
f 600/830/378 598/832/378 634/831/378 636/829/378
f 598/832/378 597/828/378 633/825/378 634/831/378
f 601/836/378 603/835/378 639/834/378 637/833/378
f 603/835/378 604/838/378 640/837/378 639/834/378
f 604/838/378 602/840/378 638/839/378 640/837/378
f 602/840/378 601/836/378 637/833/378 638/839/378
f 605/844/378 607/843/378 643/842/378 641/841/378
f 607/843/378 608/846/378 644/845/378 643/842/378
f 608/846/378 606/848/378 642/847/378 644/845/378
f 606/848/378 605/844/378 641/841/378 642/847/378
f 609/852/378 611/851/378 647/850/378 645/849/378
f 611/851/378 612/854/378 648/853/378 647/850/378
f 612/854/378 610/856/378 646/855/378 648/853/378
f 610/856/378 609/852/378 645/849/378 646/855/378
f 613/860/378 615/859/378 651/858/378 649/857/378
f 615/859/378 616/862/378 652/861/378 651/858/378
f 616/862/378 614/864/378 650/863/378 652/861/378
f 614/864/378 613/860/378 649/857/378 650/863/378
f 617/868/374 620/867/374 656/866/374 653/865/374
f 620/872/375 619/871/375 655/870/375 656/869/375
f 619/876/376 618/875/376 654/874/376 655/873/376
f 618/880/377 617/879/377 653/878/377 654/877/377
f 621/884/374 623/883/374 659/882/374 657/881/374
f 623/888/375 624/887/375 660/886/375 659/885/375
f 624/892/376 622/891/376 658/890/376 660/889/376
f 622/896/377 621/895/377 657/894/377 658/893/377
f 625/900/374 627/899/374 663/898/374 661/897/374
f 627/904/375 628/903/375 664/902/375 663/901/375
f 628/908/376 626/907/376 662/906/376 664/905/376
f 626/912/377 625/911/377 661/910/377 662/909/377
f 629/916/374 631/915/374 667/914/374 665/913/374
f 631/920/375 632/919/375 668/918/375 667/917/375
f 632/924/376 630/923/376 666/922/376 668/921/376
f 630/928/377 629/927/377 665/926/377 666/925/377
f 633/932/374 635/931/374 671/930/374 669/929/374
f 635/936/375 636/935/375 672/934/375 671/933/375
f 636/940/376 634/939/376 670/938/376 672/937/376
f 634/944/377 633/943/377 669/942/377 670/941/377
f 637/948/374 639/947/374 675/946/374 673/945/374
f 639/952/375 640/951/375 676/950/375 675/949/375
f 640/956/376 638/955/376 674/954/376 676/953/376
f 638/960/377 637/959/377 673/958/377 674/957/377
f 641/964/374 643/963/374 679/962/374 677/961/374
f 643/968/375 644/967/375 680/966/375 679/965/375
f 644/972/376 642/971/376 678/970/376 680/969/376
f 642/976/377 641/975/377 677/974/377 678/973/377
f 645/980/374 647/979/374 683/978/374 681/977/374
f 647/984/375 648/983/375 684/982/375 683/981/375
f 648/988/376 646/987/376 682/986/376 684/985/376
f 646/992/377 645/991/377 681/990/377 682/989/377
f 649/996/374 651/995/374 687/994/374 685/993/374
f 651/1000/375 652/999/375 688/998/375 687/997/375
f 652/1004/376 650/1003/376 686/1002/376 688/1001/376
f 650/1008/377 649/1007/377 685/1006/377 686/1005/377
f 653/1012/373 656/1011/373 692/1010/373 689/1009/373
f 656/1011/373 655/1014/373 691/1013/373 692/1010/373
f 655/1014/373 654/1016/373 690/1015/373 691/1013/373
f 654/1016/373 653/1012/373 689/1009/373 690/1015/373
f 657/1020/373 659/1019/373 695/1018/373 693/1017/373
f 659/1019/373 660/1022/373 696/1021/373 695/1018/373
f 660/1022/373 658/1024/373 694/1023/373 696/1021/373
f 658/1024/373 657/1020/373 693/1017/373 694/1023/373
f 661/1028/373 663/1027/373 699/1026/373 697/1025/373
f 663/1027/373 664/1030/373 700/1029/373 699/1026/373
f 664/1030/373 662/1032/373 698/1031/373 700/1029/373
f 662/1032/373 661/1028/373 697/1025/373 698/1031/373
f 665/1036/373 667/1035/373 703/1034/373 701/1033/373
f 667/1035/373 668/1038/373 704/1037/373 703/1034/373
f 668/1038/373 666/1040/373 702/1039/373 704/1037/373
f 666/1040/373 665/1036/373 701/1033/373 702/1039/373
f 669/1044/373 671/1043/373 707/1042/373 705/1041/373
f 671/1043/373 672/1046/373 708/1045/373 707/1042/373
f 672/1046/373 670/1048/373 706/1047/373 708/1045/373
f 670/1048/373 669/1044/373 705/1041/373 706/1047/373
f 673/1052/373 675/1051/373 711/1050/373 709/1049/373
f 675/1051/373 676/1054/373 712/1053/373 711/1050/373
f 676/1054/373 674/1056/373 710/1055/373 712/1053/373
f 674/1056/373 673/1052/373 709/1049/373 710/1055/373
f 677/1060/373 679/1059/373 715/1058/373 713/1057/373
f 679/1059/373 680/1062/373 716/1061/373 715/1058/373
f 680/1062/373 678/1064/373 714/1063/373 716/1061/373
f 678/1064/373 677/1060/373 713/1057/373 714/1063/373
f 681/1068/373 683/1067/373 719/1066/373 717/1065/373
f 683/1067/373 684/1070/373 720/1069/373 719/1066/373
f 684/1070/373 682/1072/373 718/1071/373 720/1069/373
f 682/1072/373 681/1068/373 717/1065/373 718/1071/373
f 685/1076/373 687/1075/373 723/1074/373 721/1073/373
f 687/1075/373 688/1078/373 724/1077/373 723/1074/373
f 688/1078/373 686/1080/373 722/1079/373 724/1077/373
f 686/1080/373 685/1076/373 721/1073/373 722/1079/373
f 689/1084/376 692/1083/376 728/1082/376 725/1081/376
f 692/1088/377 691/1087/377 727/1086/377 728/1085/377
f 691/1092/374 690/1091/374 726/1090/374 727/1089/374
f 690/1096/375 689/1095/375 725/1094/375 726/1093/375
f 693/1100/376 695/1099/376 731/1098/376 729/1097/376
f 695/1104/377 696/1103/377 732/1102/377 731/1101/377
f 696/1108/374 694/1107/374 730/1106/374 732/1105/374
f 694/1112/375 693/1111/375 729/1110/375 730/1109/375
f 697/1116/376 699/1115/376 735/1114/376 733/1113/376
f 699/1120/377 700/1119/377 736/1118/377 735/1117/377
f 700/1124/374 698/1123/374 734/1122/374 736/1121/374
f 698/1128/375 697/1127/375 733/1126/375 734/1125/375
f 701/1132/376 703/1131/376 739/1130/376 737/1129/376
f 703/1136/377 704/1135/377 740/1134/377 739/1133/377
f 704/1140/374 702/1139/374 738/1138/374 740/1137/374
f 702/1144/375 701/1143/375 737/1142/375 738/1141/375
f 705/1148/376 707/1147/376 743/1146/376 741/1145/376
f 707/1152/377 708/1151/377 744/1150/377 743/1149/377
f 708/1156/374 706/1155/374 742/1154/374 744/1153/374
f 706/1160/375 705/1159/375 741/1158/375 742/1157/375
f 709/1164/376 711/1163/376 747/1162/376 745/1161/376
f 711/1168/377 712/1167/377 748/1166/377 747/1165/377
f 712/1172/374 710/1171/374 746/1170/374 748/1169/374
f 710/1176/375 709/1175/375 745/1174/375 746/1173/375
f 713/1180/376 715/1179/376 751/1178/376 749/1177/376
f 715/1184/377 716/1183/377 752/1182/377 751/1181/377
f 716/1188/374 714/1187/374 750/1186/374 752/1185/374
f 714/1192/375 713/1191/375 749/1190/375 750/1189/375
f 717/1196/376 719/1195/376 755/1194/376 753/1193/376
f 719/1200/377 720/1199/377 756/1198/377 755/1197/377
f 720/1204/374 718/1203/374 754/1202/374 756/1201/374
f 718/1208/375 717/1207/375 753/1206/375 754/1205/375
f 721/1212/376 723/1211/376 759/1210/376 757/1209/376
f 723/1216/377 724/1215/377 760/1214/377 759/1213/377
f 724/1220/374 722/1219/374 758/1218/374 760/1217/374
f 722/1224/375 721/1223/375 757/1222/375 758/1221/375
f 775/1228/379 776/1227/379 774/1226/379 773/1225/379
f 765/1232/380 766/1231/380 764/1230/380 763/1229/380
f 763/1229/381 764/1230/381 761/1234/381 762/1233/381
f 762/1233/382 761/1234/382 776/1227/382 775/1228/382
f 767/1236/383 768/1235/383 766/1231/383 765/1232/383
f 771/1240/384 772/1239/384 770/1238/384 769/1237/384
f 773/1225/385 774/1226/385 772/1242/385 771/1241/385
f 769/1237/386 770/1238/386 768/1235/386 767/1236/386
f 791/1246/379 792/1245/379 790/1244/379 789/1243/379
f 781/1250/387 782/1249/387 780/1248/387 779/1247/387
f 779/1247/381 780/1248/381 777/1252/381 778/1251/381
f 778/1251/382 777/1252/382 792/1245/382 791/1246/382
f 783/1254/388 784/1253/388 782/1249/388 781/1250/388
f 787/1258/389 788/1257/389 786/1256/389 785/1255/389
f 789/1243/385 790/1244/385 788/1260/385 787/1259/385
f 785/1255/390 786/1256/390 784/1253/390 783/1254/390
f 807/1264/391 808/1263/391 806/1262/391 805/1261/391
f 797/1268/392 798/1267/392 796/1266/392 795/1265/392
f 795/1265/393 796/1266/393 793/1270/393 794/1269/393
f 794/1269/394 793/1270/394 808/1263/394 807/1264/394
f 799/1272/395 800/1271/395 798/1267/395 797/1268/395
f 803/1276/396 804/1275/396 802/1274/396 801/1273/396
f 805/1261/397 806/1262/397 804/1278/397 803/1277/397
f 801/1273/398 802/1274/398 800/1271/398 799/1272/398
f 823/1282/399 824/1281/399 822/1280/399 821/1279/399
f 813/1286/400 814/1285/400 812/1284/400 811/1283/400
f 811/1283/401 812/1284/401 809/1288/401 810/1287/401
f 810/1287/402 809/1288/402 824/1281/402 823/1282/402
f 815/1290/403 816/1289/403 814/1285/403 813/1286/403
f 819/1294/404 820/1293/404 818/1292/404 817/1291/404
f 821/1279/405 822/1280/405 820/1296/405 819/1295/405
f 817/1291/406 818/1292/406 816/1289/406 815/1290/406
f 839/1300/399 840/1299/399 838/1298/399 837/1297/399
f 829/1304/407 830/1303/407 828/1302/407 827/1301/407
f 827/1301/401 828/1302/401 825/1306/401 826/1305/401
f 826/1305/402 825/1306/402 840/1299/402 839/1300/402
f 831/1308/408 832/1307/408 830/1303/408 829/1304/408
f 835/1312/409 836/1311/409 834/1310/409 833/1309/409
f 837/1297/405 838/1298/405 836/1314/405 835/1313/405
f 833/1309/410 834/1310/410 832/1307/410 831/1308/410
f 855/1318/411 856/1317/411 854/1316/411 853/1315/411
f 845/1322/412 846/1321/412 844/1320/412 843/1319/412
f 843/1319/413 844/1320/413 841/1324/413 842/1323/413
f 842/1323/394 841/1324/394 856/1317/394 855/1318/394
f 847/1326/414 848/1325/414 846/1321/414 845/1322/414
f 851/1330/415 852/1329/415 850/1328/415 849/1327/415
f 853/1315/416 854/1316/416 852/1332/416 851/1331/416
f 849/1327/398 850/1328/398 848/1325/398 847/1326/398
f 871/1336/417 872/1335/417 870/1334/417 869/1333/417
f 861/1340/418 862/1339/418 860/1338/418 859/1337/418
f 859/1337/381 860/1338/381 857/1342/381 858/1341/381
f 858/1341/382 857/1342/382 872/1335/382 871/1336/382
f 863/1344/388 864/1343/388 862/1339/388 861/1340/388
f 867/1348/419 868/1347/419 866/1346/419 865/1345/419
f 869/1333/420 870/1334/420 868/1350/420 867/1349/420
f 865/1345/421 866/1346/421 864/1343/421 863/1344/421
f 887/1354/417 888/1353/417 886/1352/417 885/1351/417
f 877/1358/418 878/1357/418 876/1356/418 875/1355/418
f 875/1355/381 876/1356/381 873/1360/381 874/1359/381
f 874/1359/382 873/1360/382 888/1353/382 887/1354/382
f 879/1362/388 880/1361/388 878/1357/388 877/1358/388
f 883/1366/419 884/1365/419 882/1364/419 881/1363/419
f 885/1351/420 886/1352/420 884/1368/420 883/1367/420
f 881/1363/421 882/1364/421 880/1361/421 879/1362/421
f 897/1372/423 898/1371/423 890/1370/422 889/1369/422
f 898/1371/425 899/1374/425 891/1373/424 890/1370/424
f 899/1374/427 900/1376/427 892/1375/426 891/1373/426
f 900/1376/429 901/1378/429 893/1377/428 892/1375/428
f 901/1382/431 902/1381/431 894/1380/430 893/1379/430
f 902/1381/433 903/1384/433 895/1383/432 894/1380/432
f 903/1384/435 904/1386/435 896/1385/434 895/1383/434
f 904/1386/437 897/1372/437 889/1369/436 896/1385/436
f 905/1388/438 906/1387/438 898/1371/423 897/1372/423
f 906/1387/439 907/1389/439 899/1374/425 898/1371/425
f 907/1389/440 908/1390/440 900/1376/427 899/1374/427
f 908/1390/441 909/1391/441 901/1378/429 900/1376/429
f 909/1393/442 910/1392/442 902/1381/431 901/1382/431
f 910/1392/443 911/1394/443 903/1384/433 902/1381/433
f 911/1394/444 912/1395/444 904/1386/435 903/1384/435
f 912/1395/445 905/1388/445 897/1372/437 904/1386/437
f 913/1397/446 914/1396/446 906/1387/438 905/1388/438
f 914/1396/447 915/1398/447 907/1389/439 906/1387/439
f 915/1398/448 916/1399/448 908/1390/440 907/1389/440
f 916/1399/449 917/1400/449 909/1391/441 908/1390/441
f 917/1402/450 918/1401/450 910/1392/442 909/1393/442
f 918/1401/451 919/1403/451 911/1394/443 910/1392/443
f 919/1403/452 920/1404/452 912/1395/444 911/1394/444
f 920/1404/453 913/1397/453 905/1388/445 912/1395/445
f 921/1406/454 922/1405/454 914/1396/446 913/1397/446
f 922/1405/455 923/1407/455 915/1398/447 914/1396/447
f 923/1407/456 924/1408/456 916/1399/448 915/1398/448
f 924/1408/457 925/1409/457 917/1400/449 916/1399/449
f 925/1411/458 926/1410/458 918/1401/450 917/1402/450
f 926/1410/459 927/1412/459 919/1403/451 918/1401/451
f 927/1412/460 928/1413/460 920/1404/452 919/1403/452
f 928/1413/461 921/1406/461 913/1397/453 920/1404/453
f 929/1415/462 930/1414/462 922/1405/454 921/1406/454
f 930/1414/463 931/1416/463 923/1407/455 922/1405/455
f 931/1416/89 932/1417/89 924/1408/456 923/1407/456
f 932/1417/88 933/1418/88 925/1409/457 924/1408/457
f 933/1420/87 934/1419/87 926/1410/458 925/1411/458
f 934/1419/86 935/1421/86 927/1412/459 926/1410/459
f 935/1421/464 936/1422/464 928/1413/460 927/1412/460
f 936/1422/465 929/1415/465 921/1406/461 928/1413/461
f 937/1424/466 938/1423/466 930/1414/462 929/1415/462
f 938/1423/467 939/1425/467 931/1416/463 930/1414/463
f 939/1425/468 940/1426/468 932/1417/89 931/1416/89
f 940/1426/469 941/1427/469 933/1418/88 932/1417/88
f 941/1429/470 942/1428/470 934/1419/87 933/1420/87
f 942/1428/471 943/1430/471 935/1421/86 934/1419/86
f 943/1430/472 944/1431/472 936/1422/464 935/1421/464
f 944/1431/473 937/1424/473 929/1415/465 936/1422/465
f 945/1433/474 946/1432/474 938/1423/466 937/1424/466
f 946/1432/475 947/1434/475 939/1425/467 938/1423/467
f 947/1434/476 948/1435/476 940/1426/468 939/1425/468
f 948/1435/477 949/1436/477 941/1427/469 940/1426/469
f 949/1438/478 950/1437/478 942/1428/470 941/1429/470
f 950/1437/479 951/1439/479 943/1430/471 942/1428/471
f 951/1439/480 952/1440/480 944/1431/472 943/1430/472
f 952/1440/481 945/1433/481 937/1424/473 944/1431/473
f 953/1442/482 954/1441/482 946/1432/474 945/1433/474
f 954/1441/483 955/1443/483 947/1434/475 946/1432/475
f 955/1443/484 956/1444/484 948/1435/476 947/1434/476
f 956/1444/485 957/1445/485 949/1436/477 948/1435/477
f 957/1447/486 958/1446/486 950/1437/478 949/1438/478
f 958/1446/487 959/1448/487 951/1439/479 950/1437/479
f 959/1448/488 960/1449/488 952/1440/480 951/1439/480
f 960/1449/489 953/1442/489 945/1433/481 952/1440/481
f 961/1451/490 962/1450/490 954/1441/482 953/1442/482
f 962/1450/491 963/1452/491 955/1443/483 954/1441/483
f 963/1452/492 964/1453/492 956/1444/484 955/1443/484
f 964/1453/493 965/1454/493 957/1445/485 956/1444/485
f 965/1456/494 966/1455/494 958/1446/486 957/1447/486
f 966/1455/495 967/1457/495 959/1448/487 958/1446/487
f 967/1457/496 968/1458/496 960/1449/488 959/1448/488
f 968/1458/497 961/1451/497 953/1442/489 960/1449/489
f 969/1460/498 970/1459/498 962/1450/490 961/1451/490
f 970/1459/499 971/1461/499 963/1452/491 962/1450/491
f 971/1461/500 972/1462/500 964/1453/492 963/1452/492
f 972/1462/501 973/1463/501 965/1454/493 964/1453/493
f 973/1465/502 974/1464/502 966/1455/494 965/1456/494
f 974/1464/503 975/1466/503 967/1457/495 966/1455/495
f 975/1466/504 976/1467/504 968/1458/496 967/1457/496
f 976/1467/505 969/1460/505 961/1451/497 968/1458/497
f 977/1469/506 978/1468/506 970/1459/498 969/1460/498
f 978/1468/507 979/1470/507 971/1461/499 970/1459/499
f 979/1470/508 980/1471/508 972/1462/500 971/1461/500
f 980/1471/509 981/1472/509 973/1463/501 972/1462/501
f 981/1474/510 982/1473/510 974/1464/502 973/1465/502
f 982/1473/511 983/1475/511 975/1466/503 974/1464/503
f 983/1475/512 984/1476/512 976/1467/504 975/1466/504
f 984/1476/513 977/1469/513 969/1460/505 976/1467/505
f 985/1478/514 986/1477/514 978/1468/506 977/1469/506
f 986/1477/515 987/1479/515 979/1470/507 978/1468/507
f 987/1479/516 988/1480/516 980/1471/508 979/1470/508
f 988/1480/517 989/1481/517 981/1472/509 980/1471/509
f 989/1483/518 990/1482/518 982/1473/510 981/1474/510
f 990/1482/519 991/1484/519 983/1475/511 982/1473/511
f 991/1484/520 992/1485/520 984/1476/512 983/1475/512
f 992/1485/521 985/1478/521 977/1469/513 984/1476/513
f 993/1487/522 994/1486/522 986/1477/514 985/1478/514
f 994/1486/523 995/1488/523 987/1479/515 986/1477/515
f 995/1488/524 996/1489/524 988/1480/516 987/1479/516
f 996/1489/525 997/1490/525 989/1481/517 988/1480/517
f 997/1492/526 998/1491/526 990/1482/518 989/1483/518
f 998/1491/527 999/1493/527 991/1484/519 990/1482/519
f 999/1493/528 1000/1494/528 992/1485/520 991/1484/520
f 1000/1494/529 993/1487/529 985/1478/521 992/1485/521
f 1001/1496/530 1002/1495/530 994/1486/522 993/1487/522
f 1002/1495/531 1003/1497/531 995/1488/523 994/1486/523
f 1003/1497/532 1004/1498/532 996/1489/524 995/1488/524
f 1004/1498/533 1005/1499/533 997/1490/525 996/1489/525
f 1005/1501/534 1006/1500/534 998/1491/526 997/1492/526
f 1006/1500/535 1007/1502/535 999/1493/527 998/1491/527
f 1007/1502/536 1008/1503/536 1000/1494/528 999/1493/528
f 1008/1503/537 1001/1496/537 993/1487/529 1000/1494/529
f 1009/1505/538 1010/1504/538 1002/1495/530 1001/1496/530
f 1010/1504/539 1011/1506/539 1003/1497/531 1002/1495/531
f 1011/1506/540 1012/1507/540 1004/1498/532 1003/1497/532
f 1012/1507/541 1013/1508/541 1005/1499/533 1004/1498/533
f 1013/1510/542 1014/1509/542 1006/1500/534 1005/1501/534
f 1014/1509/543 1015/1511/543 1007/1502/535 1006/1500/535
f 1015/1511/544 1016/1512/544 1008/1503/536 1007/1502/536
f 1016/1512/545 1009/1505/545 1001/1496/537 1008/1503/537
f 1017/1514/546 1018/1513/546 1010/1504/538 1009/1505/538
f 1018/1513/547 1019/1515/547 1011/1506/539 1010/1504/539
f 1019/1515/548 1020/1516/548 1012/1507/540 1011/1506/540
f 1020/1516/549 1021/1517/549 1013/1508/541 1012/1507/541
f 1021/1519/550 1022/1518/550 1014/1509/542 1013/1510/542
f 1022/1518/551 1023/1520/551 1015/1511/543 1014/1509/543
f 1023/1520/552 1024/1521/552 1016/1512/544 1015/1511/544
f 1024/1521/553 1017/1514/553 1009/1505/545 1016/1512/545
f 1025/1523/554 1026/1522/554 1018/1513/546 1017/1514/546
f 1026/1522/555 1027/1524/555 1019/1515/547 1018/1513/547
f 1027/1524/556 1028/1525/556 1020/1516/548 1019/1515/548
f 1028/1525/557 1029/1526/557 1021/1517/549 1020/1516/549
f 1029/1528/558 1030/1527/558 1022/1518/550 1021/1519/550
f 1030/1527/559 1031/1529/559 1023/1520/551 1022/1518/551
f 1031/1529/560 1032/1530/560 1024/1521/552 1023/1520/552
f 1032/1530/561 1025/1523/561 1017/1514/553 1024/1521/553
f 1047/1534/562 1048/1533/562 1046/1532/562 1045/1531/562
f 1037/1538/193 1038/1537/193 1036/1536/193 1035/1535/193
f 1035/1535/194 1036/1536/194 1033/1540/194 1034/1539/194
f 1034/1539/563 1033/1540/563 1048/1533/563 1047/1534/563
f 1039/1542/564 1040/1541/564 1038/1537/564 1037/1538/564
f 1043/1546/189 1044/1545/189 1042/1544/189 1041/1543/189
f 1045/1531/190 1046/1532/190 1044/1548/190 1043/1547/190
f 1041/1543/565 1042/1544/565 1040/1541/565 1039/1542/565
f 1063/1552/562 1064/1551/562 1062/1550/562 1061/1549/562
f 1053/1556/198 1054/1555/198 1052/1554/198 1051/1553/198
f 1051/1553/194 1052/1554/194 1049/1558/194 1050/1557/194
f 1050/1557/563 1049/1558/563 1064/1551/563 1063/1552/563
f 1055/1560/566 1056/1559/566 1054/1555/566 1053/1556/566
f 1059/1564/196 1060/1563/196 1058/1562/196 1057/1561/196
f 1061/1549/190 1062/1550/190 1060/1566/190 1059/1565/190
f 1057/1561/567 1058/1562/567 1056/1559/567 1055/1560/567
f 1079/1570/568 1080/1569/568 1078/1568/568 1077/1567/568
f 1069/1574/205 1070/1573/205 1068/1572/205 1067/1571/205
f 1067/1571/206 1068/1572/206 1065/1576/206 1066/1575/206
f 1066/1575/569 1065/1576/569 1080/1569/569 1079/1570/569
f 1071/1578/570 1072/1577/570 1070/1573/570 1069/1574/570
f 1075/1582/201 1076/1581/201 1074/1580/201 1073/1579/201
f 1077/1567/202 1078/1568/202 1076/1584/202 1075/1583/202
f 1073/1579/571 1074/1580/571 1072/1577/571 1071/1578/571
f 1095/1588/572 1096/1587/572 1094/1586/572 1093/1585/572
f 1085/1592/213 1086/1591/213 1084/1590/213 1083/1589/213
f 1083/1589/214 1084/1590/214 1081/1594/214 1082/1593/214
f 1082/1593/573 1081/1594/573 1096/1587/573 1095/1588/573
f 1087/1596/574 1088/1595/574 1086/1591/574 1085/1592/574
f 1091/1600/209 1092/1599/209 1090/1598/209 1089/1597/209
f 1093/1585/210 1094/1586/210 1092/1602/210 1091/1601/210
f 1089/1597/575 1090/1598/575 1088/1595/575 1087/1596/575
f 1111/1606/572 1112/1605/572 1110/1604/572 1109/1603/572
f 1101/1610/218 1102/1609/218 1100/1608/218 1099/1607/218
f 1099/1607/214 1100/1608/214 1097/1612/214 1098/1611/214
f 1098/1611/573 1097/1612/573 1112/1605/573 1111/1606/573
f 1103/1614/576 1104/1613/576 1102/1609/576 1101/1610/576
f 1107/1618/216 1108/1617/216 1106/1616/216 1105/1615/216
f 1109/1603/210 1110/1604/210 1108/1620/210 1107/1619/210
f 1105/1615/577 1106/1616/577 1104/1613/577 1103/1614/577
f 1127/1624/578 1128/1623/578 1126/1622/578 1125/1621/578
f 1117/1628/205 1118/1627/205 1116/1626/205 1115/1625/205
f 1115/1625/206 1116/1626/206 1113/1630/206 1114/1629/206
f 1114/1629/579 1113/1630/579 1128/1623/579 1127/1624/579
f 1119/1632/580 1120/1631/580 1118/1627/580 1117/1628/580
f 1123/1636/201 1124/1635/201 1122/1634/201 1121/1633/201
f 1125/1621/202 1126/1622/202 1124/1638/202 1123/1637/202
f 1121/1633/571 1122/1634/571 1120/1631/571 1119/1632/571
f 1143/1642/581 1144/1641/581 1142/1640/581 1141/1639/581
f 1133/1646/198 1134/1645/198 1132/1644/198 1131/1643/198
f 1131/1643/227 1132/1644/227 1129/1648/227 1130/1647/227
f 1130/1647/582 1129/1648/582 1144/1641/582 1143/1642/582
f 1135/1650/583 1136/1649/583 1134/1645/583 1133/1646/583
f 1139/1654/196 1140/1653/196 1138/1652/196 1137/1651/196
f 1141/1639/224 1142/1640/224 1140/1656/224 1139/1655/224
f 1137/1651/584 1138/1652/584 1136/1649/584 1135/1650/584
f 1159/1660/581 1160/1659/581 1158/1658/581 1157/1657/581
f 1149/1664/198 1150/1663/198 1148/1662/198 1147/1661/198
f 1147/1661/227 1148/1662/227 1145/1666/227 1146/1665/227
f 1146/1665/582 1145/1666/582 1160/1659/582 1159/1660/582
f 1151/1668/583 1152/1667/583 1150/1663/583 1149/1664/583
f 1155/1672/196 1156/1671/196 1154/1670/196 1153/1669/196
f 1157/1657/224 1158/1658/224 1156/1674/224 1155/1673/224
f 1153/1669/584 1154/1670/584 1152/1667/584 1151/1668/584
f 1169/1678/586 1170/1677/586 1162/1676/585 1161/1675/585
f 1170/1677/588 1171/1680/588 1163/1679/587 1162/1676/587
f 1171/1680/590 1172/1682/590 1164/1681/589 1163/1679/589
f 1172/1682/592 1173/1684/592 1165/1683/591 1164/1681/591
f 1173/1688/594 1174/1687/594 1166/1686/593 1165/1685/593
f 1174/1687/596 1175/1690/596 1167/1689/595 1166/1686/595
f 1175/1690/598 1176/1692/598 1168/1691/597 1167/1689/597
f 1176/1692/600 1169/1678/600 1161/1675/599 1168/1691/599
f 1177/1694/601 1178/1693/601 1170/1677/586 1169/1678/586
f 1178/1693/602 1179/1695/602 1171/1680/588 1170/1677/588
f 1179/1695/603 1180/1696/603 1172/1682/590 1171/1680/590
f 1180/1696/604 1181/1697/604 1173/1684/592 1172/1682/592
f 1181/1699/605 1182/1698/605 1174/1687/594 1173/1688/594
f 1182/1698/606 1183/1700/606 1175/1690/596 1174/1687/596
f 1183/1700/607 1184/1701/607 1176/1692/598 1175/1690/598
f 1184/1701/608 1177/1694/608 1169/1678/600 1176/1692/600
f 1185/1703/609 1186/1702/609 1178/1693/601 1177/1694/601
f 1186/1702/610 1187/1704/610 1179/1695/602 1178/1693/602
f 1187/1704/611 1188/1705/611 1180/1696/603 1179/1695/603
f 1188/1705/612 1189/1706/612 1181/1697/604 1180/1696/604
f 1189/1708/613 1190/1707/613 1182/1698/605 1181/1699/605
f 1190/1707/614 1191/1709/614 1183/1700/606 1182/1698/606
f 1191/1709/615 1192/1710/615 1184/1701/607 1183/1700/607
f 1192/1710/616 1185/1703/616 1177/1694/608 1184/1701/608
f 1193/1712/617 1194/1711/617 1186/1702/609 1185/1703/609
f 1194/1711/618 1195/1713/618 1187/1704/610 1186/1702/610
f 1195/1713/619 1196/1714/619 1188/1705/611 1187/1704/611
f 1196/1714/620 1197/1715/620 1189/1706/612 1188/1705/612
f 1197/1717/621 1198/1716/621 1190/1707/613 1189/1708/613
f 1198/1716/622 1199/1718/622 1191/1709/614 1190/1707/614
f 1199/1718/623 1200/1719/623 1192/1710/615 1191/1709/615
f 1200/1719/624 1193/1712/624 1185/1703/616 1192/1710/616
f 1201/1721/625 1202/1720/625 1194/1711/617 1193/1712/617
f 1202/1720/626 1203/1722/626 1195/1713/618 1194/1711/618
f 1203/1722/627 1204/1723/627 1196/1714/619 1195/1713/619
f 1204/1723/628 1205/1724/628 1197/1715/620 1196/1714/620
f 1205/1726/629 1206/1725/629 1198/1716/621 1197/1717/621
f 1206/1725/630 1207/1727/630 1199/1718/622 1198/1716/622
f 1207/1727/631 1208/1728/631 1200/1719/623 1199/1718/623
f 1208/1728/632 1201/1721/632 1193/1712/624 1200/1719/624
f 1209/1730/633 1210/1729/633 1202/1720/625 1201/1721/625
f 1210/1729/634 1211/1731/634 1203/1722/626 1202/1720/626
f 1211/1731/635 1212/1732/635 1204/1723/627 1203/1722/627
f 1212/1732/636 1213/1733/636 1205/1724/628 1204/1723/628
f 1213/1735/637 1214/1734/637 1206/1725/629 1205/1726/629
f 1214/1734/638 1215/1736/638 1207/1727/630 1206/1725/630
f 1215/1736/639 1216/1737/639 1208/1728/631 1207/1727/631
f 1216/1737/640 1209/1730/640 1201/1721/632 1208/1728/632
f 1217/1739/641 1218/1738/641 1210/1729/633 1209/1730/633
f 1218/1738/642 1219/1740/642 1211/1731/634 1210/1729/634
f 1219/1740/643 1220/1741/643 1212/1732/635 1211/1731/635
f 1220/1741/644 1221/1742/644 1213/1733/636 1212/1732/636
f 1221/1744/645 1222/1743/645 1214/1734/637 1213/1735/637
f 1222/1743/646 1223/1745/646 1215/1736/638 1214/1734/638
f 1223/1745/647 1224/1746/647 1216/1737/639 1215/1736/639
f 1224/1746/648 1217/1739/648 1209/1730/640 1216/1737/640
f 1225/1748/649 1226/1747/649 1218/1738/641 1217/1739/641
f 1226/1747/650 1227/1749/650 1219/1740/642 1218/1738/642
f 1227/1749/651 1228/1750/651 1220/1741/643 1219/1740/643
f 1228/1750/652 1229/1751/652 1221/1742/644 1220/1741/644
f 1229/1753/653 1230/1752/653 1222/1743/645 1221/1744/645
f 1230/1752/654 1231/1754/654 1223/1745/646 1222/1743/646
f 1231/1754/655 1232/1755/655 1224/1746/647 1223/1745/647
f 1232/1755/656 1225/1748/656 1217/1739/648 1224/1746/648
f 1233/1757/657 1234/1756/657 1226/1747/649 1225/1748/649
f 1234/1756/658 1235/1758/658 1227/1749/650 1226/1747/650
f 1235/1758/659 1236/1759/659 1228/1750/651 1227/1749/651
f 1236/1759/660 1237/1760/660 1229/1751/652 1228/1750/652
f 1237/1762/661 1238/1761/661 1230/1752/653 1229/1753/653
f 1238/1761/662 1239/1763/662 1231/1754/654 1230/1752/654
f 1239/1763/663 1240/1764/663 1232/1755/655 1231/1754/655
f 1240/1764/664 1233/1757/664 1225/1748/656 1232/1755/656
f 1241/1766/665 1242/1765/665 1234/1756/657 1233/1757/657
f 1242/1765/666 1243/1767/666 1235/1758/658 1234/1756/658
f 1243/1767/667 1244/1768/667 1236/1759/659 1235/1758/659
f 1244/1768/668 1245/1769/668 1237/1760/660 1236/1759/660
f 1245/1771/669 1246/1770/669 1238/1761/661 1237/1762/661
f 1246/1770/670 1247/1772/670 1239/1763/662 1238/1761/662
f 1247/1772/671 1248/1773/671 1240/1764/663 1239/1763/663
f 1248/1773/672 1241/1766/672 1233/1757/664 1240/1764/664
f 1249/1775/673 1250/1774/673 1242/1765/665 1241/1766/665
f 1250/1774/674 1251/1776/674 1243/1767/666 1242/1765/666
f 1251/1776/675 1252/1777/675 1244/1768/667 1243/1767/667
f 1252/1777/676 1253/1778/676 1245/1769/668 1244/1768/668
f 1253/1780/677 1254/1779/677 1246/1770/669 1245/1771/669
f 1254/1779/678 1255/1781/678 1247/1772/670 1246/1770/670
f 1255/1781/679 1256/1782/679 1248/1773/671 1247/1772/671
f 1256/1782/680 1249/1775/680 1241/1766/672 1248/1773/672
f 1257/1784/681 1258/1783/681 1250/1774/673 1249/1775/673
f 1258/1783/682 1259/1785/682 1251/1776/674 1250/1774/674
f 1259/1785/683 1260/1786/683 1252/1777/675 1251/1776/675
f 1260/1786/684 1261/1787/684 1253/1778/676 1252/1777/676
f 1261/1789/685 1262/1788/685 1254/1779/677 1253/1780/677
f 1262/1788/686 1263/1790/686 1255/1781/678 1254/1779/678
f 1263/1790/687 1264/1791/687 1256/1782/679 1255/1781/679
f 1264/1791/688 1257/1784/688 1249/1775/680 1256/1782/680
f 1265/1793/689 1266/1792/689 1258/1783/681 1257/1784/681
f 1266/1792/690 1267/1794/690 1259/1785/682 1258/1783/682
f 1267/1794/691 1268/1795/691 1260/1786/683 1259/1785/683
f 1268/1795/692 1269/1796/692 1261/1787/684 1260/1786/684
f 1269/1798/693 1270/1797/693 1262/1788/685 1261/1789/685
f 1270/1797/694 1271/1799/694 1263/1790/686 1262/1788/686
f 1271/1799/695 1272/1800/695 1264/1791/687 1263/1790/687
f 1272/1800/696 1265/1793/696 1257/1784/688 1264/1791/688
f 1273/1802/697 1274/1801/697 1266/1792/689 1265/1793/689
f 1274/1801/698 1275/1803/698 1267/1794/690 1266/1792/690
f 1275/1803/346 1276/1804/346 1268/1795/691 1267/1794/691
f 1276/1804/345 1277/1805/345 1269/1796/692 1268/1795/692
f 1277/1807/344 1278/1806/344 1270/1797/693 1269/1798/693
f 1278/1806/343 1279/1808/343 1271/1799/694 1270/1797/694
f 1279/1808/699 1280/1809/699 1272/1800/695 1271/1799/695
f 1280/1809/700 1273/1802/700 1265/1793/696 1272/1800/696
f 1281/1811/701 1282/1810/701 1274/1801/697 1273/1802/697
f 1282/1810/702 1283/1812/702 1275/1803/698 1274/1801/698
f 1283/1812/703 1284/1813/703 1276/1804/346 1275/1803/346
f 1284/1813/704 1285/1814/704 1277/1805/345 1276/1804/345
f 1285/1816/705 1286/1815/705 1278/1806/344 1277/1807/344
f 1286/1815/706 1287/1817/706 1279/1808/343 1278/1806/343
f 1287/1817/707 1288/1818/707 1280/1809/699 1279/1808/699
f 1288/1818/708 1281/1811/708 1273/1802/700 1280/1809/700
f 1289/1820/709 1290/1819/709 1282/1810/701 1281/1811/701
f 1290/1819/710 1291/1821/710 1283/1812/702 1282/1810/702
f 1291/1821/711 1292/1822/711 1284/1813/703 1283/1812/703
f 1292/1822/712 1293/1823/712 1285/1814/704 1284/1813/704
f 1293/1825/713 1294/1824/713 1286/1815/705 1285/1816/705
f 1294/1824/714 1295/1826/714 1287/1817/706 1286/1815/706
f 1295/1826/715 1296/1827/715 1288/1818/707 1287/1817/707
f 1296/1827/716 1289/1820/716 1281/1811/708 1288/1818/708
f 1297/1829/717 1298/1828/717 1290/1819/709 1289/1820/709
f 1298/1828/718 1299/1830/718 1291/1821/710 1290/1819/710
f 1299/1830/719 1300/1831/719 1292/1822/711 1291/1821/711
f 1300/1831/720 1301/1832/720 1293/1823/712 1292/1822/712
f 1301/1834/721 1302/1833/721 1294/1824/713 1293/1825/713
f 1302/1833/722 1303/1835/722 1295/1826/714 1294/1824/714
f 1303/1835/723 1304/1836/723 1296/1827/715 1295/1826/715
f 1304/1836/724 1297/1829/724 1289/1820/716 1296/1827/716
f 1486/1840/373 1487/1839/373 1488/1838/373 1485/1837/373
f 1490/1844/373 1492/1843/373 1491/1842/373 1489/1841/373
f 1494/1848/373 1496/1847/373 1495/1846/373 1493/1845/373
f 1498/1852/373 1500/1851/373 1499/1850/373 1497/1849/373
f 1502/1856/373 1504/1855/373 1503/1854/373 1501/1853/373
f 1506/1860/373 1508/1859/373 1507/1858/373 1505/1857/373
f 1510/1864/373 1512/1863/373 1511/1862/373 1509/1861/373
f 1514/1868/373 1516/1867/373 1515/1866/373 1513/1865/373
f 1518/1872/373 1520/1871/373 1519/1870/373 1517/1869/373
f 1344/1876/376 1340/1875/376 1305/1874/376 1341/1873/376
f 1343/1880/375 1339/1879/375 1340/1878/375 1344/1877/375
f 1342/1884/374 1314/1883/374 1339/1882/374 1343/1881/374
f 1341/1888/377 1305/1887/377 1314/1886/377 1342/1885/377
f 1347/1892/376 1337/1891/376 1306/1890/376 1345/1889/376
f 1348/1896/375 1338/1895/375 1337/1894/375 1347/1893/375
f 1346/1900/374 1315/1899/374 1338/1898/374 1348/1897/374
f 1345/1904/377 1306/1903/377 1315/1902/377 1346/1901/377
f 1351/1908/376 1335/1907/376 1307/1906/376 1349/1905/376
f 1352/1912/375 1336/1911/375 1335/1910/375 1351/1909/375
f 1350/1916/374 1316/1915/374 1336/1914/374 1352/1913/374
f 1349/1920/377 1307/1919/377 1316/1918/377 1350/1917/377
f 1355/1924/376 1333/1923/376 1308/1922/376 1353/1921/376
f 1356/1928/375 1334/1927/375 1333/1926/375 1355/1925/375
f 1354/1932/374 1317/1931/374 1334/1930/374 1356/1929/374
f 1353/1936/377 1308/1935/377 1317/1934/377 1354/1933/377
f 1359/1940/376 1331/1939/376 1309/1938/376 1357/1937/376
f 1360/1944/375 1332/1943/375 1331/1942/375 1359/1941/375
f 1358/1948/374 1318/1947/374 1332/1946/374 1360/1945/374
f 1357/1952/377 1309/1951/377 1318/1950/377 1358/1949/377
f 1363/1956/376 1329/1955/376 1310/1954/376 1361/1953/376
f 1364/1960/375 1330/1959/375 1329/1958/375 1363/1957/375
f 1362/1964/374 1319/1963/374 1330/1962/374 1364/1961/374
f 1361/1968/377 1310/1967/377 1319/1966/377 1362/1965/377
f 1367/1972/376 1327/1971/376 1311/1970/376 1365/1969/376
f 1368/1976/375 1328/1975/375 1327/1974/375 1367/1973/375
f 1366/1980/374 1320/1979/374 1328/1978/374 1368/1977/374
f 1365/1984/377 1311/1983/377 1320/1982/377 1366/1981/377
f 1371/1988/376 1325/1987/376 1312/1986/376 1369/1985/376
f 1372/1992/375 1326/1991/375 1325/1990/375 1371/1989/375
f 1370/1996/374 1321/1995/374 1326/1994/374 1372/1993/374
f 1369/2000/377 1312/1999/377 1321/1998/377 1370/1997/377
f 1375/2004/376 1323/2003/376 1313/2002/376 1373/2001/376
f 1376/2008/375 1324/2007/375 1323/2006/375 1375/2005/375
f 1374/2012/374 1322/2011/374 1324/2010/374 1376/2009/374
f 1373/2016/377 1313/2015/377 1322/2014/377 1374/2013/377
f 1380/2020/378 1344/2019/378 1341/2018/378 1377/2017/378
f 1379/2022/378 1343/2021/378 1344/2019/378 1380/2020/378
f 1378/2024/378 1342/2023/378 1343/2021/378 1379/2022/378
f 1377/2017/378 1341/2018/378 1342/2023/378 1378/2024/378
f 1383/2028/378 1347/2027/378 1345/2026/378 1381/2025/378
f 1384/2030/378 1348/2029/378 1347/2027/378 1383/2028/378
f 1382/2032/378 1346/2031/378 1348/2029/378 1384/2030/378
f 1381/2025/378 1345/2026/378 1346/2031/378 1382/2032/378
f 1387/2036/378 1351/2035/378 1349/2034/378 1385/2033/378
f 1388/2038/378 1352/2037/378 1351/2035/378 1387/2036/378
f 1386/2040/378 1350/2039/378 1352/2037/378 1388/2038/378
f 1385/2033/378 1349/2034/378 1350/2039/378 1386/2040/378
f 1391/2044/378 1355/2043/378 1353/2042/378 1389/2041/378
f 1392/2046/378 1356/2045/378 1355/2043/378 1391/2044/378
f 1390/2048/378 1354/2047/378 1356/2045/378 1392/2046/378
f 1389/2041/378 1353/2042/378 1354/2047/378 1390/2048/378
f 1395/2052/378 1359/2051/378 1357/2050/378 1393/2049/378
f 1396/2054/378 1360/2053/378 1359/2051/378 1395/2052/378
f 1394/2056/378 1358/2055/378 1360/2053/378 1396/2054/378
f 1393/2049/378 1357/2050/378 1358/2055/378 1394/2056/378
f 1399/2060/378 1363/2059/378 1361/2058/378 1397/2057/378
f 1400/2062/378 1364/2061/378 1363/2059/378 1399/2060/378
f 1398/2064/378 1362/2063/378 1364/2061/378 1400/2062/378
f 1397/2057/378 1361/2058/378 1362/2063/378 1398/2064/378
f 1403/2068/378 1367/2067/378 1365/2066/378 1401/2065/378
f 1404/2070/378 1368/2069/378 1367/2067/378 1403/2068/378
f 1402/2072/378 1366/2071/378 1368/2069/378 1404/2070/378
f 1401/2065/378 1365/2066/378 1366/2071/378 1402/2072/378
f 1407/2076/378 1371/2075/378 1369/2074/378 1405/2073/378
f 1408/2078/378 1372/2077/378 1371/2075/378 1407/2076/378
f 1406/2080/378 1370/2079/378 1372/2077/378 1408/2078/378
f 1405/2073/378 1369/2074/378 1370/2079/378 1406/2080/378
f 1411/2084/378 1375/2083/378 1373/2082/378 1409/2081/378
f 1412/2086/378 1376/2085/378 1375/2083/378 1411/2084/378
f 1410/2088/378 1374/2087/378 1376/2085/378 1412/2086/378
f 1409/2081/378 1373/2082/378 1374/2087/378 1410/2088/378
f 1416/2092/376 1380/2091/376 1377/2090/376 1413/2089/376
f 1415/2096/375 1379/2095/375 1380/2094/375 1416/2093/375
f 1414/2100/374 1378/2099/374 1379/2098/374 1415/2097/374
f 1413/2104/377 1377/2103/377 1378/2102/377 1414/2101/377
f 1419/2108/376 1383/2107/376 1381/2106/376 1417/2105/376
f 1420/2112/375 1384/2111/375 1383/2110/375 1419/2109/375
f 1418/2116/374 1382/2115/374 1384/2114/374 1420/2113/374
f 1417/2120/377 1381/2119/377 1382/2118/377 1418/2117/377
f 1423/2124/376 1387/2123/376 1385/2122/376 1421/2121/376
f 1424/2128/375 1388/2127/375 1387/2126/375 1423/2125/375
f 1422/2132/374 1386/2131/374 1388/2130/374 1424/2129/374
f 1421/2136/377 1385/2135/377 1386/2134/377 1422/2133/377
f 1427/2140/376 1391/2139/376 1389/2138/376 1425/2137/376
f 1428/2144/375 1392/2143/375 1391/2142/375 1427/2141/375
f 1426/2148/374 1390/2147/374 1392/2146/374 1428/2145/374
f 1425/2152/377 1389/2151/377 1390/2150/377 1426/2149/377
f 1431/2156/376 1395/2155/376 1393/2154/376 1429/2153/376
f 1432/2160/375 1396/2159/375 1395/2158/375 1431/2157/375
f 1430/2164/374 1394/2163/374 1396/2162/374 1432/2161/374
f 1429/2168/377 1393/2167/377 1394/2166/377 1430/2165/377
f 1435/2172/376 1399/2171/376 1397/2170/376 1433/2169/376
f 1436/2176/375 1400/2175/375 1399/2174/375 1435/2173/375
f 1434/2180/374 1398/2179/374 1400/2178/374 1436/2177/374
f 1433/2184/377 1397/2183/377 1398/2182/377 1434/2181/377
f 1439/2188/376 1403/2187/376 1401/2186/376 1437/2185/376
f 1440/2192/375 1404/2191/375 1403/2190/375 1439/2189/375
f 1438/2196/374 1402/2195/374 1404/2194/374 1440/2193/374
f 1437/2200/377 1401/2199/377 1402/2198/377 1438/2197/377
f 1443/2204/376 1407/2203/376 1405/2202/376 1441/2201/376
f 1444/2208/375 1408/2207/375 1407/2206/375 1443/2205/375
f 1442/2212/374 1406/2211/374 1408/2210/374 1444/2209/374
f 1441/2216/377 1405/2215/377 1406/2214/377 1442/2213/377
f 1447/2220/376 1411/2219/376 1409/2218/376 1445/2217/376
f 1448/2224/375 1412/2223/375 1411/2222/375 1447/2221/375
f 1446/2228/374 1410/2227/374 1412/2226/374 1448/2225/374
f 1445/2232/377 1409/2231/377 1410/2230/377 1446/2229/377
f 1452/2236/373 1416/2235/373 1413/2234/373 1449/2233/373
f 1451/2238/373 1415/2237/373 1416/2235/373 1452/2236/373
f 1450/2240/373 1414/2239/373 1415/2237/373 1451/2238/373
f 1449/2233/373 1413/2234/373 1414/2239/373 1450/2240/373
f 1455/2244/373 1419/2243/373 1417/2242/373 1453/2241/373
f 1456/2246/373 1420/2245/373 1419/2243/373 1455/2244/373
f 1454/2248/373 1418/2247/373 1420/2245/373 1456/2246/373
f 1453/2241/373 1417/2242/373 1418/2247/373 1454/2248/373
f 1459/2252/373 1423/2251/373 1421/2250/373 1457/2249/373
f 1460/2254/373 1424/2253/373 1423/2251/373 1459/2252/373
f 1458/2256/373 1422/2255/373 1424/2253/373 1460/2254/373
f 1457/2249/373 1421/2250/373 1422/2255/373 1458/2256/373
f 1463/2260/373 1427/2259/373 1425/2258/373 1461/2257/373
f 1464/2262/373 1428/2261/373 1427/2259/373 1463/2260/373
f 1462/2264/373 1426/2263/373 1428/2261/373 1464/2262/373
f 1461/2257/373 1425/2258/373 1426/2263/373 1462/2264/373
f 1467/2268/373 1431/2267/373 1429/2266/373 1465/2265/373
f 1468/2270/373 1432/2269/373 1431/2267/373 1467/2268/373
f 1466/2272/373 1430/2271/373 1432/2269/373 1468/2270/373
f 1465/2265/373 1429/2266/373 1430/2271/373 1466/2272/373
f 1471/2276/373 1435/2275/373 1433/2274/373 1469/2273/373
f 1472/2278/373 1436/2277/373 1435/2275/373 1471/2276/373
f 1470/2280/373 1434/2279/373 1436/2277/373 1472/2278/373
f 1469/2273/373 1433/2274/373 1434/2279/373 1470/2280/373
f 1475/2284/373 1439/2283/373 1437/2282/373 1473/2281/373
f 1476/2286/373 1440/2285/373 1439/2283/373 1475/2284/373
f 1474/2288/373 1438/2287/373 1440/2285/373 1476/2286/373
f 1473/2281/373 1437/2282/373 1438/2287/373 1474/2288/373
f 1479/2292/373 1443/2291/373 1441/2290/373 1477/2289/373
f 1480/2294/373 1444/2293/373 1443/2291/373 1479/2292/373
f 1478/2296/373 1442/2295/373 1444/2293/373 1480/2294/373
f 1477/2289/373 1441/2290/373 1442/2295/373 1478/2296/373
f 1483/2300/373 1447/2299/373 1445/2298/373 1481/2297/373
f 1484/2302/373 1448/2301/373 1447/2299/373 1483/2300/373
f 1482/2304/373 1446/2303/373 1448/2301/373 1484/2302/373
f 1481/2297/373 1445/2298/373 1446/2303/373 1482/2304/373
f 1488/2308/374 1452/2307/374 1449/2306/374 1485/2305/374
f 1487/2312/377 1451/2311/377 1452/2310/377 1488/2309/377
f 1486/2316/376 1450/2315/376 1451/2314/376 1487/2313/376
f 1485/2320/375 1449/2319/375 1450/2318/375 1486/2317/375
f 1491/2324/374 1455/2323/374 1453/2322/374 1489/2321/374
f 1492/2328/377 1456/2327/377 1455/2326/377 1491/2325/377
f 1490/2332/376 1454/2331/376 1456/2330/376 1492/2329/376
f 1489/2336/375 1453/2335/375 1454/2334/375 1490/2333/375
f 1495/2340/374 1459/2339/374 1457/2338/374 1493/2337/374
f 1496/2344/377 1460/2343/377 1459/2342/377 1495/2341/377
f 1494/2348/376 1458/2347/376 1460/2346/376 1496/2345/376
f 1493/2352/375 1457/2351/375 1458/2350/375 1494/2349/375
f 1499/2356/374 1463/2355/374 1461/2354/374 1497/2353/374
f 1500/2360/377 1464/2359/377 1463/2358/377 1499/2357/377
f 1498/2364/376 1462/2363/376 1464/2362/376 1500/2361/376
f 1497/2368/375 1461/2367/375 1462/2366/375 1498/2365/375
f 1503/2372/374 1467/2371/374 1465/2370/374 1501/2369/374
f 1504/2376/377 1468/2375/377 1467/2374/377 1503/2373/377
f 1502/2380/376 1466/2379/376 1468/2378/376 1504/2377/376
f 1501/2384/375 1465/2383/375 1466/2382/375 1502/2381/375
f 1507/2388/374 1471/2387/374 1469/2386/374 1505/2385/374
f 1508/2392/377 1472/2391/377 1471/2390/377 1507/2389/377
f 1506/2396/376 1470/2395/376 1472/2394/376 1508/2393/376
f 1505/2400/375 1469/2399/375 1470/2398/375 1506/2397/375
f 1511/2404/374 1475/2403/374 1473/2402/374 1509/2401/374
f 1512/2408/377 1476/2407/377 1475/2406/377 1511/2405/377
f 1510/2412/376 1474/2411/376 1476/2410/376 1512/2409/376
f 1509/2416/375 1473/2415/375 1474/2414/375 1510/2413/375
f 1515/2420/374 1479/2419/374 1477/2418/374 1513/2417/374
f 1516/2424/377 1480/2423/377 1479/2422/377 1515/2421/377
f 1514/2428/376 1478/2427/376 1480/2426/376 1516/2425/376
f 1513/2432/375 1477/2431/375 1478/2430/375 1514/2429/375
f 1519/2436/374 1483/2435/374 1481/2434/374 1517/2433/374
f 1520/2440/377 1484/2439/377 1483/2438/377 1519/2437/377
f 1518/2444/376 1482/2443/376 1484/2442/376 1520/2441/376
f 1517/2448/375 1481/2447/375 1482/2446/375 1518/2445/375
f 1521/2495/376 1626/2490/376 1522/2489/376 1523/2488/376 1623/2493/376 1524/2492/376 1525/2450/376 1621/2460/376 1526/2459/376 1527/2449/376 1619/2463/376 1528/2496/376 1529/2462/376 1628/2452/376 1556/2451/376
f 1629/2469/376 1628/2452/376 1529/2462/376 1617/2507/376 1530/2506/376 1531/2505/376 1616/2513/376 1532/2512/376 1533/2511/376 1613/2510/376 1534/2765/376 1535/2509/376 1611/2763/376 1536/2762/376 1537/2520/376 1609/2518/376 1538/2517/376 1539/2474/376 1607/2471/376 1540/2470/376 1541/2457/376 1605/2455/376 1542/2454/376 1543/2453/376 1603/2502/376 1544/2501/376 1545/2498/376 1601/2486/376 1546/2485/376 1547/2484/376 1599/2477/376 1548/2476/376 1549/2475/376
f 1549/2475/376 1597/2481/376 1550/2480/376 1551/2479/376 1596/2483/376 1552/2515/376 1553/2473/376 1593/2467/376 1554/2466/376 1555/2465/376 1629/2469/376
f 1592/2528/374 1627/2524/374 1563/2523/374 1562/2537/374 1622/2522/374 1561/2521/374 1560/2535/374 1624/2534/374 1559/2527/374 1558/2529/374 1625/2526/374 1557/2525/374
f 1583/2554/374 1582/2582/725 1602/2576/374 1581/2574/374 1580/2579/374 1604/2578/374 1579/2572/374 1578/2581/374 1606/2580/374 1577/2571/374 1576/2771/725 1608/2769/725 1575/2539/374 1574/2767/374 1610/2540/374 1573/2531/374 1572/2586/725 1612/2533/374 1571/2532/374 1570/2584/725 1614/2577/374 1569/2569/374 1568/2568/374 1615/2567/374 1567/2565/374 1566/2564/374 1618/2563/374 1565/2561/374 1564/2560/374 1620/2559/374 1563/2523/374 1627/2524/374 1630/2547/374
f 1630/2547/374 1591/2551/374 1590/2552/374 1594/2550/374 1589/2546/374 1588/2548/374 1595/2545/374 1587/2543/374 1586/2542/374 1598/2541/374 1585/2556/374 1584/2557/374 1600/2555/374 1583/2554/374
f 1557/2591/373 1625/2590/373 1626/2589/373 1521/2588/373
f 1558/2595/375 1559/2594/375 1523/2593/375 1522/2592/375
f 1559/2599/373 1624/2598/373 1623/2597/373 1523/2596/373
f 1560/2603/375 1561/2602/375 1525/2601/375 1524/2600/375
f 1561/2607/373 1622/2606/373 1621/2605/373 1525/2604/373
f 1562/2611/375 1563/2610/375 1527/2609/375 1526/2608/375
f 1563/2615/373 1620/2614/373 1619/2613/373 1527/2612/373
f 1564/2619/375 1565/2618/375 1529/2617/375 1528/2616/375
f 1565/2623/373 1618/2622/373 1617/2621/373 1529/2620/373
f 1566/2627/375 1567/2626/375 1531/2625/375 1530/2624/375
f 1567/2631/373 1615/2630/373 1616/2629/373 1531/2628/373
f 1568/2635/375 1569/2634/375 1533/2633/375 1532/2632/375
f 1569/2639/373 1614/2638/373 1613/2637/373 1533/2636/373
f 1570/2643/375 1571/2642/375 1535/2641/375 1534/2640/375
f 1611/2647/373 1535/2646/373 1571/2645/373 1612/2644/373
f 1572/2651/375 1573/2650/375 1537/2649/375 1536/2648/375
f 1573/2655/373 1610/2654/373 1609/2653/373 1537/2652/373
f 1574/2659/375 1575/2658/375 1539/2657/375 1538/2656/375
f 1607/2663/373 1539/2662/373 1575/2661/373 1608/2660/373
f 1576/2667/375 1577/2666/375 1541/2665/375 1540/2664/375
f 1577/2671/373 1606/2670/373 1605/2669/373 1541/2668/373
f 1578/2675/375 1579/2674/375 1543/2673/375 1542/2672/375
f 1603/2679/373 1543/2678/373 1579/2677/373 1604/2676/373
f 1580/2683/375 1581/2682/375 1545/2681/375 1544/2680/375
f 1581/2687/373 1602/2686/373 1601/2685/373 1545/2684/373
f 1582/2691/375 1583/2690/375 1547/2689/375 1546/2688/375
f 1583/2695/373 1600/2694/373 1599/2693/373 1547/2692/373
f 1584/2699/375 1585/2698/375 1549/2697/375 1548/2696/375
f 1585/2703/373 1598/2702/373 1597/2701/373 1549/2700/373
f 1586/2707/375 1587/2706/375 1551/2705/375 1550/2704/375
f 1587/2711/373 1595/2710/373 1596/2709/373 1551/2708/373
f 1588/2715/375 1589/2714/375 1553/2713/375 1552/2712/375
f 1589/2719/373 1594/2718/373 1593/2717/373 1553/2716/373
f 1590/2723/375 1591/2722/375 1555/2721/375 1554/2720/375
f 1592/2727/377 1557/2726/377 1521/2725/377 1556/2724/377
f 1594/2718/373 1590/2729/373 1554/2728/373 1593/2717/373
f 1595/2710/373 1588/2731/373 1552/2730/373 1596/2709/373
f 1598/2702/373 1586/2733/373 1550/2732/373 1597/2701/373
f 1600/2694/373 1584/2735/373 1548/2734/373 1599/2693/373
f 1602/2686/373 1582/2737/373 1546/2736/373 1601/2685/373
f 1604/2676/373 1580/2739/373 1544/2738/373 1603/2679/373
f 1606/2670/373 1578/2741/373 1542/2740/373 1605/2669/373
f 1608/2660/373 1576/2743/373 1540/2742/373 1607/2663/373
f 1610/2654/373 1574/2745/373 1538/2744/373 1609/2653/373
f 1612/2644/373 1572/2747/373 1536/2746/373 1611/2647/373
f 1614/2638/373 1570/2749/373 1534/2748/373 1613/2637/373
f 1615/2630/373 1568/2751/373 1532/2750/373 1616/2629/373
f 1530/2753/373 1617/2621/373 1618/2622/373 1566/2752/373
f 1620/2614/373 1564/2755/373 1528/2754/373 1619/2613/373
f 1622/2606/373 1562/2757/373 1526/2756/373 1621/2605/373
f 1624/2598/373 1560/2759/373 1524/2758/373 1623/2597/373
f 1625/2590/373 1558/2761/373 1522/2760/373 1626/2589/373

