# Blender 4.3.2
# www.blender.org
mtllib Bed.mtl
o Cube
v -0.859762 0.014652 -0.539116
v -0.872793 0.014652 -0.528264
v -0.861508 0.014652 -0.533690
v -0.866277 0.014652 -0.529718
v -0.872792 0.014652 0.528265
v -0.859761 0.014652 0.539117
v -0.866277 0.014652 0.529719
v -0.861507 0.014652 0.533691
v -0.886969 0.014652 -0.528264
v -0.900000 0.014652 -0.539116
v -0.893485 0.014652 -0.529718
v -0.898255 0.014652 -0.533690
v -0.900000 0.014652 0.539117
v -0.886969 0.014652 0.528265
v -0.898254 0.014652 0.533691
v -0.893484 0.014652 0.529719
v -0.900000 0.014652 -0.564147
v -0.886969 0.014652 -0.574999
v -0.898255 0.014652 -0.569573
v -0.893485 0.014652 -0.573545
v -0.886969 0.014652 0.575001
v -0.900000 0.014652 0.564148
v -0.893484 0.014652 0.573547
v -0.898254 0.014652 0.569574
v -0.872793 0.014652 -0.574999
v -0.859762 0.014652 -0.564147
v -0.866277 0.014652 -0.573545
v -0.861508 0.014652 -0.569573
v -0.859761 0.014652 0.564148
v -0.872792 0.014652 0.575001
v -0.861507 0.014652 0.569574
v -0.866277 0.014652 0.573547
v -0.859762 1.664600 -0.474641
v -0.872793 1.653930 -0.463792
v -0.861508 1.659265 -0.469217
v -0.866277 1.655359 -0.465246
v -0.872793 1.581833 -0.537095
v -0.859762 1.592598 -0.548040
v -0.866277 1.583275 -0.538561
v -0.861508 1.587215 -0.542567
v -0.872793 1.648442 -0.491844
v -0.859762 1.659028 -0.502607
v -0.866277 1.649860 -0.493286
v -0.861508 1.653735 -0.497225
v -0.872793 1.632813 -0.515625
v -0.859762 1.643371 -0.526360
v -0.866277 1.634228 -0.517063
v -0.861508 1.638092 -0.520992
v -0.872793 1.609423 -0.531515
v -0.859762 1.620047 -0.542316
v -0.866277 1.610846 -0.532962
v -0.861508 1.614735 -0.536915
v -0.859761 1.592598 0.548041
v -0.872792 1.581833 0.537096
v -0.861507 1.587215 0.542568
v -0.866277 1.583275 0.538562
v -0.872792 1.653930 0.463793
v -0.859761 1.664600 0.474642
v -0.866277 1.655359 0.465247
v -0.861507 1.659265 0.469218
v -0.859761 1.620047 0.542317
v -0.872792 1.609423 0.531516
v -0.861507 1.614735 0.536917
v -0.866277 1.610846 0.532963
v -0.859761 1.643371 0.526361
v -0.872792 1.632813 0.515626
v -0.861507 1.638092 0.520993
v -0.866277 1.634228 0.517064
v -0.859761 1.659028 0.502608
v -0.872792 1.648442 0.491845
v -0.861507 1.653735 0.497226
v -0.866277 1.649860 0.493287
v -0.900000 1.592598 -0.548039
v -0.886969 1.581833 -0.537095
v -0.898255 1.587215 -0.542567
v -0.893485 1.583275 -0.538561
v -0.886969 1.653930 -0.463792
v -0.900000 1.664600 -0.474641
v -0.893485 1.655359 -0.465246
v -0.898254 1.659265 -0.469217
v -0.900000 1.620047 -0.542316
v -0.886969 1.609423 -0.531515
v -0.898255 1.614735 -0.536915
v -0.893485 1.610846 -0.532962
v -0.900000 1.643371 -0.526360
v -0.886969 1.632813 -0.515625
v -0.898255 1.638092 -0.520992
v -0.893485 1.634228 -0.517063
v -0.900000 1.659028 -0.502607
v -0.886969 1.648442 -0.491844
v -0.898254 1.653735 -0.497225
v -0.893485 1.649860 -0.493286
v -0.900000 1.664600 0.474642
v -0.886969 1.653930 0.463793
v -0.898254 1.659265 0.469218
v -0.893484 1.655359 0.465247
v -0.886969 1.581833 0.537096
v -0.900000 1.592598 0.548041
v -0.893484 1.583275 0.538562
v -0.898254 1.587215 0.542568
v -0.886969 1.648442 0.491845
v -0.900000 1.659028 0.502608
v -0.893484 1.649860 0.493287
v -0.898254 1.653735 0.497226
v -0.886969 1.632813 0.515626
v -0.900000 1.643371 0.526361
v -0.893484 1.634228 0.517064
v -0.898254 1.638092 0.520993
v -0.886969 1.609423 0.531516
v -0.900000 1.620047 0.542317
v -0.893484 1.610846 0.532963
v -0.898254 1.614735 0.536917
v -0.872793 1.691284 -0.502902
v -0.859762 1.680614 -0.492232
v -0.866277 1.689855 -0.501473
v -0.861508 1.685949 -0.497567
v -0.859762 1.608422 -0.564234
v -0.872793 1.619187 -0.574999
v -0.861508 1.613805 -0.569617
v -0.866277 1.617745 -0.573557
v -0.859762 1.675211 -0.519907
v -0.872793 1.685796 -0.530493
v -0.861508 1.680503 -0.525200
v -0.866277 1.684378 -0.529074
v -0.859762 1.659609 -0.543324
v -0.872793 1.670168 -0.553883
v -0.861508 1.664889 -0.548603
v -0.866277 1.668753 -0.552468
v -0.859762 1.636154 -0.558888
v -0.872793 1.646778 -0.569511
v -0.861508 1.641466 -0.564199
v -0.866277 1.645354 -0.568088
v -0.886969 1.691284 0.502903
v -0.900000 1.680614 0.492233
v -0.893484 1.689855 0.501474
v -0.898254 1.685949 0.497568
v -0.900000 1.608422 0.564236
v -0.886969 1.619187 0.575001
v -0.898254 1.613805 0.569618
v -0.893484 1.617745 0.573558
v -0.900000 1.675211 0.519908
v -0.886969 1.685796 0.530494
v -0.898254 1.680503 0.525201
v -0.893484 1.684378 0.529076
v -0.900000 1.659609 0.543326
v -0.886969 1.670168 0.553884
v -0.898254 1.664889 0.548605
v -0.893484 1.668753 0.552469
v -0.900000 1.636154 0.558889
v -0.886969 1.646778 0.569512
v -0.898254 1.641466 0.564201
v -0.893484 1.645354 0.568089
v -0.872792 1.619187 0.575001
v -0.859761 1.608422 0.564236
v -0.866277 1.617745 0.573558
v -0.861507 1.613805 0.569618
v -0.859761 1.680614 0.492233
v -0.872792 1.691284 0.502903
v -0.861507 1.685949 0.497568
v -0.866277 1.689855 0.501474
v -0.872792 1.646778 0.569512
v -0.859761 1.636154 0.558889
v -0.866277 1.645354 0.568089
v -0.861507 1.641466 0.564201
v -0.872792 1.670168 0.553884
v -0.859761 1.659609 0.543325
v -0.866277 1.668753 0.552469
v -0.861507 1.664889 0.548605
v -0.872792 1.685796 0.530494
v -0.859761 1.675211 0.519908
v -0.866277 1.684378 0.529076
v -0.861507 1.680503 0.525201
v -0.886969 1.619187 -0.574999
v -0.900000 1.608422 -0.564234
v -0.893485 1.617745 -0.573557
v -0.898255 1.613805 -0.569617
v -0.900000 1.680614 -0.492232
v -0.886969 1.691284 -0.502902
v -0.898254 1.685949 -0.497567
v -0.893485 1.689855 -0.501473
v -0.886969 1.646778 -0.569511
v -0.900000 1.636154 -0.558888
v -0.893485 1.645354 -0.568088
v -0.898255 1.641466 -0.564199
v -0.886969 1.670168 -0.553883
v -0.900000 1.659609 -0.543324
v -0.893485 1.668753 -0.552468
v -0.898255 1.664889 -0.548603
v -0.886969 1.685796 -0.530493
v -0.900000 1.675211 -0.519907
v -0.893485 1.684378 -0.529074
v -0.898255 1.680503 -0.525200
v 0.859761 0.014652 -0.539117
v 0.872792 0.014652 -0.528265
v 0.861507 0.014652 -0.533691
v 0.866277 0.014652 -0.529719
v 0.872793 0.014652 0.528264
v 0.859762 0.014652 0.539116
v 0.866277 0.014652 0.529718
v 0.861508 0.014652 0.533690
v 0.886969 0.014652 -0.528265
v 0.900000 0.014652 -0.539117
v 0.893484 0.014652 -0.529719
v 0.898254 0.014652 -0.533691
v 0.900000 0.014652 0.539116
v 0.886969 0.014652 0.528264
v 0.898255 0.014652 0.533690
v 0.893485 0.014652 0.529718
v 0.900000 0.014652 -0.564148
v 0.886969 0.014652 -0.575001
v 0.898254 0.014652 -0.569574
v 0.893484 0.014652 -0.573547
v 0.886969 0.014652 0.574999
v 0.900000 0.014652 0.564147
v 0.893485 0.014652 0.573545
v 0.898255 0.014652 0.569573
v 0.872792 0.014652 -0.575001
v 0.859761 0.014652 -0.564148
v 0.866277 0.014652 -0.573547
v 0.861507 0.014652 -0.569574
v 0.859762 0.014652 0.564147
v 0.872793 0.014652 0.574999
v 0.861508 0.014652 0.569573
v 0.866277 0.014652 0.573545
v 0.859761 1.664600 -0.474642
v 0.872792 1.653930 -0.463793
v 0.861507 1.659265 -0.469218
v 0.866277 1.655359 -0.465247
v 0.872792 1.581833 -0.537096
v 0.859761 1.592598 -0.548041
v 0.866277 1.583275 -0.538562
v 0.861507 1.587215 -0.542568
v 0.872792 1.648442 -0.491845
v 0.859761 1.659028 -0.502608
v 0.866277 1.649860 -0.493287
v 0.861507 1.653735 -0.497226
v 0.872792 1.632813 -0.515626
v 0.859761 1.643371 -0.526361
v 0.866277 1.634228 -0.517064
v 0.861507 1.638092 -0.520993
v 0.872792 1.609423 -0.531516
v 0.859761 1.620047 -0.542317
v 0.866277 1.610846 -0.532963
v 0.861507 1.614735 -0.536916
v 0.859762 1.592598 0.548040
v 0.872793 1.581833 0.537095
v 0.861508 1.587215 0.542567
v 0.866277 1.583275 0.538561
v 0.872793 1.653930 0.463792
v 0.859762 1.664600 0.474641
v 0.866277 1.655359 0.465246
v 0.861508 1.659265 0.469217
v 0.859762 1.620047 0.542316
v 0.872793 1.609423 0.531515
v 0.861508 1.614735 0.536915
v 0.866277 1.610846 0.532962
v 0.859762 1.643371 0.526360
v 0.872793 1.632813 0.515625
v 0.861508 1.638092 0.520992
v 0.866277 1.634228 0.517063
v 0.859762 1.659028 0.502607
v 0.872793 1.648442 0.491844
v 0.861508 1.653735 0.497225
v 0.866277 1.649860 0.493286
v 0.900000 1.592598 -0.548041
v 0.886969 1.581833 -0.537096
v 0.898254 1.587215 -0.542568
v 0.893484 1.583275 -0.538562
v 0.886969 1.653930 -0.463793
v 0.900000 1.664600 -0.474642
v 0.893484 1.655359 -0.465247
v 0.898254 1.659265 -0.469218
v 0.900000 1.620047 -0.542317
v 0.886969 1.609423 -0.531516
v 0.898254 1.614735 -0.536917
v 0.893484 1.610846 -0.532963
v 0.900000 1.643371 -0.526361
v 0.886969 1.632813 -0.515626
v 0.898254 1.638092 -0.520993
v 0.893484 1.634228 -0.517064
v 0.900000 1.659028 -0.502608
v 0.886969 1.648442 -0.491845
v 0.898254 1.653735 -0.497226
v 0.893484 1.649860 -0.493287
v 0.900000 1.664600 0.474641
v 0.886969 1.653930 0.463792
v 0.898254 1.659265 0.469217
v 0.893485 1.655359 0.465246
v 0.886969 1.581833 0.537095
v 0.900000 1.592598 0.548039
v 0.893485 1.583275 0.538561
v 0.898255 1.587215 0.542567
v 0.886969 1.648442 0.491844
v 0.900000 1.659028 0.502607
v 0.893485 1.649860 0.493286
v 0.898254 1.653735 0.497225
v 0.886969 1.632813 0.515625
v 0.900000 1.643371 0.526360
v 0.893485 1.634228 0.517063
v 0.898255 1.638092 0.520992
v 0.886969 1.609423 0.531515
v 0.900000 1.620047 0.542316
v 0.893485 1.610846 0.532962
v 0.898255 1.614735 0.536915
v 0.872792 1.691284 -0.502903
v 0.859761 1.680614 -0.492233
v 0.866277 1.689855 -0.501474
v 0.861507 1.685949 -0.497568
v 0.859761 1.608422 -0.564236
v 0.872792 1.619187 -0.575001
v 0.861507 1.613805 -0.569618
v 0.866277 1.617745 -0.573558
v 0.859761 1.675211 -0.519908
v 0.872792 1.685796 -0.530494
v 0.861507 1.680503 -0.525201
v 0.866277 1.684378 -0.529075
v 0.859761 1.659609 -0.543325
v 0.872792 1.670168 -0.553884
v 0.861507 1.664889 -0.548605
v 0.866277 1.668753 -0.552469
v 0.859761 1.636154 -0.558889
v 0.872792 1.646778 -0.569512
v 0.861507 1.641466 -0.564201
v 0.866277 1.645354 -0.568089
v 0.886969 1.691284 0.502902
v 0.900000 1.680614 0.492232
v 0.893485 1.689855 0.501473
v 0.898254 1.685949 0.497567
v 0.900000 1.608422 0.564234
v 0.886969 1.619187 0.574999
v 0.898255 1.613805 0.569617
v 0.893485 1.617745 0.573557
v 0.900000 1.675211 0.519907
v 0.886969 1.685796 0.530493
v 0.898255 1.680503 0.525200
v 0.893485 1.684378 0.529074
v 0.900000 1.659609 0.543324
v 0.886969 1.670168 0.553883
v 0.898255 1.664889 0.548603
v 0.893485 1.668753 0.552468
v 0.900000 1.636154 0.558888
v 0.886969 1.646778 0.569511
v 0.898255 1.641466 0.564199
v 0.893485 1.645354 0.568088
v 0.872793 1.619187 0.574999
v 0.859762 1.608422 0.564234
v 0.866277 1.617745 0.573557
v 0.861508 1.613805 0.569617
v 0.859762 1.680614 0.492232
v 0.872793 1.691284 0.502902
v 0.861508 1.685949 0.497567
v 0.866277 1.689855 0.501473
v 0.872793 1.646778 0.569511
v 0.859762 1.636154 0.558888
v 0.866277 1.645354 0.568088
v 0.861508 1.641466 0.564200
v 0.872793 1.670168 0.553883
v 0.859762 1.659609 0.543324
v 0.866277 1.668753 0.552468
v 0.861508 1.664889 0.548604
v 0.872793 1.685796 0.530493
v 0.859762 1.675211 0.519907
v 0.866277 1.684378 0.529074
v 0.861508 1.680503 0.525200
v 0.886969 1.619187 -0.575001
v 0.900000 1.608422 -0.564236
v 0.893484 1.617745 -0.573558
v 0.898254 1.613805 -0.569618
v 0.900000 1.680614 -0.492233
v 0.886969 1.691284 -0.502903
v 0.898254 1.685949 -0.497568
v 0.893484 1.689855 -0.501474
v 0.886969 1.646778 -0.569512
v 0.900000 1.636154 -0.558889
v 0.893484 1.645354 -0.568089
v 0.898254 1.641466 -0.564201
v 0.886969 1.670168 -0.553884
v 0.900000 1.659609 -0.543326
v 0.893484 1.668753 -0.552469
v 0.898254 1.664889 -0.548605
v 0.886969 1.685796 -0.530494
v 0.900000 1.675211 -0.519908
v 0.893484 1.684378 -0.529076
v 0.898254 1.680503 -0.525201
v 0.859761 1.187738 -0.495870
v 0.872792 1.187738 -0.485018
v 0.861507 1.187738 -0.490444
v 0.866277 1.187738 -0.486472
v 0.872793 1.187738 0.489202
v 0.859762 1.187738 0.500054
v 0.866277 1.187738 0.490656
v 0.861508 1.187738 0.494628
v 0.886969 1.187738 -0.485018
v 0.900000 1.187738 -0.495870
v 0.893484 1.187738 -0.486472
v 0.898254 1.187738 -0.490444
v 0.900000 1.187738 0.500054
v 0.886969 1.187738 0.489202
v 0.898254 1.187738 0.494628
v 0.893485 1.187738 0.490656
v 0.900000 1.187738 -0.520901
v 0.886969 1.187738 -0.531753
v 0.898254 1.187738 -0.526327
v 0.893484 1.187738 -0.530299
v 0.886969 1.187738 0.535937
v 0.900000 1.187738 0.525085
v 0.893485 1.187738 0.534483
v 0.898255 1.187738 0.530511
v 0.872792 1.187738 -0.531753
v 0.859761 1.187738 -0.520901
v 0.866277 1.187738 -0.530299
v 0.861507 1.187738 -0.526327
v 0.859762 1.187738 0.525085
v 0.872793 1.187738 0.535937
v 0.861508 1.187738 0.530511
v 0.866277 1.187738 0.534483
v 0.859761 1.451529 -0.431395
v 0.872792 1.440858 -0.420546
v 0.861507 1.446193 -0.425971
v 0.866277 1.442288 -0.422000
v 0.872792 1.368761 -0.489375
v 0.859761 1.379526 -0.500320
v 0.866277 1.370203 -0.490841
v 0.861507 1.374144 -0.494847
v 0.872792 1.435370 -0.448598
v 0.859761 1.445956 -0.459360
v 0.866277 1.436788 -0.450040
v 0.861507 1.440663 -0.453979
v 0.872792 1.419742 -0.472379
v 0.859761 1.430300 -0.483113
v 0.866277 1.421156 -0.473817
v 0.861507 1.425021 -0.477746
v 0.872792 1.396352 -0.483795
v 0.859761 1.406975 -0.494596
v 0.866277 1.397775 -0.485242
v 0.861507 1.401663 -0.489196
v 0.859762 1.379526 0.504457
v 0.872793 1.368761 0.493512
v 0.861508 1.374144 0.498985
v 0.866277 1.370203 0.494979
v 0.872793 1.440858 0.424730
v 0.859762 1.451529 0.435579
v 0.866277 1.442288 0.426184
v 0.861508 1.446193 0.430155
v 0.859762 1.406975 0.498734
v 0.872793 1.396352 0.487932
v 0.861508 1.401663 0.493333
v 0.866277 1.397775 0.489379
v 0.859762 1.430300 0.487298
v 0.872793 1.419742 0.476563
v 0.861508 1.425021 0.481930
v 0.866277 1.421156 0.478001
v 0.859762 1.445956 0.463545
v 0.872793 1.435370 0.452782
v 0.861508 1.440663 0.458163
v 0.866277 1.436788 0.454224
v 0.900000 1.379526 -0.500320
v 0.886969 1.368761 -0.489375
v 0.898254 1.374144 -0.494847
v 0.893484 1.370203 -0.490841
v 0.886969 1.440858 -0.420546
v 0.900000 1.451529 -0.431395
v 0.893484 1.442288 -0.422000
v 0.898254 1.446193 -0.425971
v 0.900000 1.406975 -0.494596
v 0.886969 1.396352 -0.483795
v 0.898254 1.401663 -0.489196
v 0.893484 1.397775 -0.485242
v 0.900000 1.430300 -0.483114
v 0.886969 1.419742 -0.472379
v 0.898254 1.425021 -0.477746
v 0.893484 1.421156 -0.473817
v 0.900000 1.445956 -0.459360
v 0.886969 1.435370 -0.448598
v 0.898254 1.440663 -0.453979
v 0.893484 1.436788 -0.450040
v 0.900000 1.451529 0.435579
v 0.886969 1.440858 0.424730
v 0.898254 1.446193 0.430155
v 0.893485 1.442288 0.426184
v 0.886969 1.368761 0.493512
v 0.900000 1.379526 0.504457
v 0.893485 1.370203 0.494979
v 0.898255 1.374144 0.498985
v 0.886969 1.435370 0.452782
v 0.900000 1.445956 0.463545
v 0.893485 1.436788 0.454224
v 0.898254 1.440663 0.458163
v 0.886969 1.419742 0.476563
v 0.900000 1.430300 0.487298
v 0.893485 1.421156 0.478001
v 0.898254 1.425021 0.481930
v 0.886969 1.396352 0.487932
v 0.900000 1.406975 0.498734
v 0.893485 1.397775 0.489379
v 0.898254 1.401663 0.493333
v 0.872792 1.478213 -0.459656
v 0.859761 1.467542 -0.448986
v 0.866277 1.476783 -0.458227
v 0.861507 1.472878 -0.454321
v 0.859761 1.395351 -0.520988
v 0.872792 1.406116 -0.531753
v 0.861507 1.400733 -0.526371
v 0.866277 1.404673 -0.530311
v 0.859761 1.462139 -0.476661
v 0.872792 1.472725 -0.487247
v 0.861507 1.467432 -0.481954
v 0.866277 1.471306 -0.485828
v 0.859761 1.446538 -0.500078
v 0.872792 1.457096 -0.510637
v 0.861507 1.451817 -0.505357
v 0.866277 1.455681 -0.509222
v 0.859761 1.423082 -0.515641
v 0.872792 1.433706 -0.526265
v 0.861507 1.428394 -0.520953
v 0.866277 1.432283 -0.524842
v 0.886969 1.478213 0.463840
v 0.900000 1.467542 0.453170
v 0.893485 1.476783 0.462411
v 0.898254 1.472878 0.458505
v 0.900000 1.395351 0.525172
v 0.886969 1.406116 0.535937
v 0.898255 1.400733 0.530555
v 0.893485 1.404673 0.534495
v 0.900000 1.462139 0.480845
v 0.886969 1.472725 0.491431
v 0.898254 1.467432 0.486138
v 0.893485 1.471306 0.490012
v 0.900000 1.446538 0.504262
v 0.886969 1.457096 0.514821
v 0.898255 1.451817 0.509542
v 0.893485 1.455681 0.513406
v 0.900000 1.423082 0.519826
v 0.886969 1.433706 0.530449
v 0.898255 1.428394 0.525137
v 0.893485 1.432283 0.529026
v 0.872793 1.406116 0.535937
v 0.859762 1.395351 0.525172
v 0.866277 1.404673 0.534495
v 0.861508 1.400733 0.530555
v 0.859762 1.467542 0.453170
v 0.872793 1.478213 0.463840
v 0.861508 1.472878 0.458505
v 0.866277 1.476783 0.462411
v 0.872793 1.433706 0.530449
v 0.859762 1.423082 0.519826
v 0.866277 1.432283 0.529026
v 0.861508 1.428394 0.525137
v 0.872793 1.457096 0.514821
v 0.859762 1.446538 0.504262
v 0.866277 1.455681 0.513406
v 0.861508 1.451817 0.509542
v 0.872793 1.472725 0.491431
v 0.859762 1.462139 0.480845
v 0.866277 1.471306 0.490012
v 0.861508 1.467432 0.486138
v 0.886969 1.406116 -0.531753
v 0.900000 1.395351 -0.520988
v 0.893484 1.404673 -0.530311
v 0.898254 1.400733 -0.526371
v 0.900000 1.467542 -0.448986
v 0.886969 1.478213 -0.459656
v 0.898254 1.472878 -0.454321
v 0.893484 1.476783 -0.458227
v 0.886969 1.433706 -0.526265
v 0.900000 1.423082 -0.515642
v 0.893484 1.432283 -0.524842
v 0.898254 1.428394 -0.520953
v 0.886969 1.457096 -0.510637
v 0.900000 1.446538 -0.500078
v 0.893484 1.455681 -0.509222
v 0.898254 1.451817 -0.505357
v 0.886969 1.472725 -0.487247
v 0.900000 1.462139 -0.476661
v 0.893484 1.471306 -0.485828
v 0.898254 1.467432 -0.481954
v -0.859762 1.187738 -0.495869
v -0.872793 1.187738 -0.485016
v -0.861508 1.187738 -0.490443
v -0.866277 1.187738 -0.486470
v -0.872792 1.187738 0.489203
v -0.859761 1.187738 0.500055
v -0.866277 1.187738 0.490657
v -0.861507 1.187738 0.494629
v -0.886969 1.187738 -0.485016
v -0.900000 1.187738 -0.495869
v -0.893485 1.187738 -0.486470
v -0.898254 1.187738 -0.490443
v -0.900000 1.187738 0.500055
v -0.886969 1.187738 0.489203
v -0.898254 1.187738 0.494629
v -0.893484 1.187738 0.490657
v -0.900000 1.187738 -0.520900
v -0.886969 1.187738 -0.531752
v -0.898255 1.187738 -0.526326
v -0.893485 1.187738 -0.530298
v -0.886969 1.187738 0.535939
v -0.900000 1.187738 0.525086
v -0.893484 1.187738 0.534485
v -0.898254 1.187738 0.530512
v -0.872793 1.187738 -0.531752
v -0.859762 1.187738 -0.520900
v -0.866277 1.187738 -0.530298
v -0.861508 1.187738 -0.526326
v -0.859761 1.187738 0.525086
v -0.872792 1.187738 0.535939
v -0.861507 1.187738 0.530512
v -0.866277 1.187738 0.534485
v -0.859762 1.451529 -0.431394
v -0.872793 1.440858 -0.420545
v -0.861508 1.446193 -0.425969
v -0.866277 1.442288 -0.421998
v -0.872793 1.368761 -0.489374
v -0.859762 1.379526 -0.500319
v -0.866277 1.370203 -0.490840
v -0.861508 1.374144 -0.494846
v -0.872793 1.435370 -0.448597
v -0.859762 1.445956 -0.459359
v -0.866277 1.436788 -0.450039
v -0.861508 1.440663 -0.453978
v -0.872793 1.419742 -0.472378
v -0.859762 1.430300 -0.483112
v -0.866277 1.421156 -0.473816
v -0.861508 1.425021 -0.477745
v -0.872793 1.396352 -0.483794
v -0.859762 1.406975 -0.494595
v -0.866277 1.397775 -0.485241
v -0.861508 1.401663 -0.489194
v -0.859761 1.379526 0.504458
v -0.872792 1.368761 0.493513
v -0.861507 1.374144 0.498986
v -0.866277 1.370203 0.494980
v -0.872792 1.440858 0.424731
v -0.859761 1.451529 0.435580
v -0.866277 1.442288 0.426185
v -0.861507 1.446193 0.430156
v -0.859761 1.406975 0.498735
v -0.872792 1.396352 0.487934
v -0.861507 1.401663 0.493334
v -0.866277 1.397775 0.489381
v -0.859761 1.430300 0.487299
v -0.872792 1.419742 0.476564
v -0.861507 1.425021 0.481931
v -0.866277 1.421156 0.478002
v -0.859761 1.445956 0.463546
v -0.872792 1.435370 0.452783
v -0.861507 1.440663 0.458164
v -0.866277 1.436788 0.454225
v -0.900000 1.379526 -0.500319
v -0.886969 1.368761 -0.489374
v -0.898254 1.374144 -0.494846
v -0.893485 1.370203 -0.490840
v -0.886969 1.440858 -0.420545
v -0.900000 1.451529 -0.431394
v -0.893485 1.442288 -0.421998
v -0.898254 1.446193 -0.425969
v -0.900000 1.406975 -0.494595
v -0.886969 1.396352 -0.483794
v -0.898254 1.401663 -0.489194
v -0.893485 1.397775 -0.485241
v -0.900000 1.430300 -0.483112
v -0.886969 1.419742 -0.472378
v -0.898254 1.425021 -0.477745
v -0.893485 1.421156 -0.473816
v -0.900000 1.445956 -0.459359
v -0.886969 1.435370 -0.448597
v -0.898254 1.440663 -0.453978
v -0.893485 1.436788 -0.450038
v -0.900000 1.451529 0.435580
v -0.886969 1.440858 0.424731
v -0.898254 1.446193 0.430156
v -0.893484 1.442288 0.426185
v -0.886969 1.368761 0.493513
v -0.900000 1.379526 0.504458
v -0.893484 1.370203 0.494980
v -0.898254 1.374144 0.498986
v -0.886969 1.435370 0.452783
v -0.900000 1.445956 0.463546
v -0.893484 1.436788 0.454225
v -0.898254 1.440663 0.458164
v -0.886969 1.419742 0.476564
v -0.900000 1.430300 0.487299
v -0.893484 1.421156 0.478002
v -0.898254 1.425021 0.481931
v -0.886969 1.396352 0.487934
v -0.900000 1.406975 0.498735
v -0.893484 1.397775 0.489381
v -0.898254 1.401663 0.493334
v -0.872793 1.478213 -0.459655
v -0.859762 1.467542 -0.448985
v -0.866277 1.476783 -0.458225
v -0.861508 1.472878 -0.454320
v -0.859762 1.395351 -0.520987
v -0.872793 1.406116 -0.531752
v -0.861508 1.400733 -0.526370
v -0.866277 1.404673 -0.530310
v -0.859762 1.462139 -0.476660
v -0.872793 1.472725 -0.487245
v -0.861508 1.467432 -0.481952
v -0.866277 1.471306 -0.485827
v -0.859762 1.446538 -0.500077
v -0.872793 1.457096 -0.510635
v -0.861508 1.451817 -0.505356
v -0.866277 1.455681 -0.509221
v -0.859762 1.423082 -0.515640
v -0.872793 1.433706 -0.526264
v -0.861508 1.428394 -0.520952
v -0.866277 1.432283 -0.524841
v -0.886969 1.478213 0.463841
v -0.900000 1.467542 0.453171
v -0.893484 1.476783 0.462412
v -0.898254 1.472878 0.458506
v -0.900000 1.395351 0.525174
v -0.886969 1.406116 0.535939
v -0.898254 1.400733 0.530556
v -0.893484 1.404673 0.534496
v -0.900000 1.462139 0.480846
v -0.886969 1.472725 0.491432
v -0.898254 1.467432 0.486139
v -0.893484 1.471306 0.490014
v -0.900000 1.446538 0.504264
v -0.886969 1.457096 0.514822
v -0.898254 1.451817 0.509543
v -0.893484 1.455681 0.513407
v -0.900000 1.423082 0.519827
v -0.886969 1.433706 0.530450
v -0.898254 1.428394 0.525139
v -0.893484 1.432283 0.529027
v -0.872792 1.406116 0.535939
v -0.859761 1.395351 0.525173
v -0.866277 1.404673 0.534496
v -0.861507 1.400733 0.530556
v -0.859761 1.467542 0.453171
v -0.872792 1.478213 0.463841
v -0.861507 1.472878 0.458506
v -0.866277 1.476783 0.462412
v -0.872792 1.433706 0.530450
v -0.859761 1.423082 0.519827
v -0.866277 1.432283 0.529027
v -0.861507 1.428394 0.525139
v -0.872792 1.457096 0.514822
v -0.859761 1.446538 0.504263
v -0.866277 1.455681 0.513407
v -0.861507 1.451817 0.509543
v -0.872792 1.472725 0.491432
v -0.859761 1.462139 0.480846
v -0.866277 1.471306 0.490013
v -0.861507 1.467432 0.486139
v -0.886969 1.406116 -0.531752
v -0.900000 1.395351 -0.520987
v -0.893485 1.404673 -0.530310
v -0.898255 1.400733 -0.526370
v -0.900000 1.467542 -0.448985
v -0.886969 1.478213 -0.459655
v -0.898254 1.472878 -0.454320
v -0.893485 1.476783 -0.458225
v -0.886969 1.433706 -0.526264
v -0.900000 1.423082 -0.515640
v -0.893485 1.432283 -0.524841
v -0.898255 1.428394 -0.520952
v -0.886969 1.457096 -0.510635
v -0.900000 1.446538 -0.500077
v -0.893485 1.455681 -0.509221
v -0.898254 1.451817 -0.505356
v -0.886969 1.472725 -0.487245
v -0.900000 1.462139 -0.476660
v -0.893485 1.471306 -0.485827
v -0.898254 1.467432 -0.481952
v 0.798257 1.335855 -0.520960
v 0.798258 1.335855 0.520959
v -0.798258 1.335855 -0.520959
v -0.798257 1.335855 0.520960
v -0.798258 1.286425 -0.520959
v -0.798257 1.286425 0.520960
v 0.798257 1.286425 -0.520960
v 0.798258 1.286425 0.520959
v -0.798257 1.189203 0.520960
v 0.798258 1.189203 0.520959
v -0.798258 1.189203 -0.520959
v 0.798257 1.189203 -0.520960
v -0.854405 1.286425 0.572807
v -0.847625 1.286425 0.579587
v -0.852419 1.286425 0.577601
v -0.854405 1.329074 0.572807
v -0.847625 1.329074 0.579587
v -0.847625 1.335855 0.572807
v -0.852419 1.329074 0.577601
v -0.851539 1.332989 0.576722
v -0.847625 1.333869 0.577601
v -0.852419 1.333869 0.572807
v -0.847625 1.286425 -0.579586
v -0.854406 1.286425 -0.572806
v -0.852420 1.286425 -0.577600
v -0.847625 1.335855 -0.572806
v -0.847625 1.329074 -0.579586
v -0.854406 1.329074 -0.572806
v -0.847625 1.333869 -0.577600
v -0.851540 1.332989 -0.576721
v -0.852420 1.329074 -0.577600
v -0.852420 1.333869 -0.572806
v 0.847625 1.286425 0.579586
v 0.854406 1.286425 0.572806
v 0.852420 1.286425 0.577600
v 0.847625 1.335855 0.572806
v 0.847625 1.329074 0.579586
v 0.854406 1.329074 0.572806
v 0.847625 1.333869 0.577600
v 0.851540 1.332989 0.576721
v 0.852420 1.329074 0.577600
v 0.852420 1.333869 0.572806
v 0.854405 1.286425 -0.572807
v 0.847625 1.286425 -0.579587
v 0.852419 1.286425 -0.577601
v 0.847625 1.335855 -0.572807
v 0.854405 1.329074 -0.572807
v 0.847625 1.329074 -0.579587
v 0.852419 1.333869 -0.572807
v 0.851539 1.332989 -0.576722
v 0.852419 1.329074 -0.577601
v 0.847625 1.333869 -0.577601
v 0.805038 1.293206 -0.579587
v 0.798257 1.286425 -0.572807
v 0.800243 1.288411 -0.577601
v -0.798258 1.286425 -0.572806
v -0.805039 1.293206 -0.579586
v -0.800244 1.288411 -0.577600
v -0.798258 1.335855 -0.572806
v -0.798258 1.329074 -0.579586
v -0.798258 1.333869 -0.577600
v 0.798257 1.329074 -0.579587
v 0.798257 1.335855 -0.572807
v 0.798257 1.333869 -0.577601
v -0.805038 1.293206 0.579587
v -0.798257 1.286425 0.572807
v -0.800243 1.288411 0.577601
v 0.798258 1.286425 0.572806
v 0.805039 1.293206 0.579586
v 0.800244 1.288411 0.577600
v 0.798258 1.335855 0.572806
v 0.798258 1.329074 0.579586
v 0.798258 1.333869 0.577600
v -0.798257 1.329074 0.579587
v -0.798257 1.335855 0.572807
v -0.798257 1.333869 0.577601
v -0.854406 1.293206 -0.527740
v -0.847625 1.286425 -0.520959
v -0.852420 1.288411 -0.522945
v -0.847625 1.286425 0.520960
v -0.854405 1.293206 0.527741
v -0.852419 1.288411 0.522946
v -0.847625 1.335855 0.520960
v -0.854405 1.329074 0.520960
v -0.852419 1.333869 0.520960
v -0.854406 1.329074 -0.520959
v -0.847625 1.335855 -0.520959
v -0.852420 1.333869 -0.520959
v 0.854406 1.293206 0.527740
v 0.847625 1.286425 0.520959
v 0.852420 1.288411 0.522945
v 0.854405 1.293206 -0.514180
v 0.847625 1.286425 -0.520960
v 0.854405 1.286425 -0.527741
v 0.852419 1.288411 -0.517570
v 0.853264 1.287566 -0.520668
v 0.852419 1.286425 -0.522946
v 0.854405 1.288407 -0.520970
v 0.854405 1.329074 -0.527741
v 0.847625 1.335855 -0.520960
v 0.854405 1.329074 -0.514180
v 0.852419 1.333869 -0.524350
v 0.853195 1.332941 -0.520960
v 0.852419 1.333869 -0.517570
v 0.854405 1.329074 -0.520960
v 0.854406 1.329074 0.520959
v 0.847625 1.335855 0.520959
v 0.852420 1.333869 0.520959
v -0.854405 1.189203 0.527741
v -0.847625 1.189203 0.520960
v -0.852419 1.189203 0.522946
v -0.847625 1.189203 0.579587
v -0.854405 1.189203 0.572807
v -0.852419 1.189203 0.577601
v -0.805039 1.189203 -0.579586
v -0.798258 1.189203 -0.572806
v -0.800244 1.189203 -0.577600
v -0.854406 1.189203 -0.572806
v -0.847625 1.189203 -0.579586
v -0.852420 1.189203 -0.577600
v 0.854405 1.189203 -0.527741
v 0.847625 1.189203 -0.520960
v 0.852419 1.189203 -0.522946
v 0.847625 1.189203 -0.579587
v 0.854405 1.189203 -0.572807
v 0.852419 1.189203 -0.577601
v 0.805039 1.189203 0.579586
v 0.798258 1.189203 0.572806
v 0.800244 1.189203 0.577600
v 0.854406 1.189203 0.572806
v 0.847625 1.189203 0.579586
v 0.852420 1.189203 0.577600
v 0.798257 1.189203 -0.572807
v 0.805038 1.189203 -0.579587
v 0.800243 1.189203 -0.577601
v -0.798257 1.189203 0.572807
v -0.805038 1.189203 0.579587
v -0.800243 1.189203 0.577601
v -0.847625 1.189203 -0.520959
v -0.854406 1.189203 -0.527740
v -0.852420 1.189203 -0.522945
v 0.847625 1.189203 0.520959
v 0.854406 1.189203 0.527740
v 0.852420 1.189203 0.522945
v -0.800528 1.338031 0.507709
v -0.800528 1.392291 0.561969
v -0.854788 1.392291 0.507709
v -0.800528 1.345280 0.534803
v -0.827622 1.345280 0.507709
v -0.826476 1.352321 0.533657
v -0.827622 1.392291 0.554720
v -0.800528 1.365197 0.554720
v -0.826476 1.366343 0.547679
v -0.847539 1.365197 0.507709
v -0.847539 1.392291 0.534803
v -0.840498 1.366343 0.533657
v -0.800528 1.406293 0.561969
v -0.800528 1.460553 0.507709
v -0.854788 1.406293 0.507709
v -0.800528 1.433388 0.554720
v -0.827622 1.406293 0.554720
v -0.826476 1.432241 0.547679
v -0.827622 1.453304 0.507709
v -0.800528 1.453304 0.534803
v -0.826476 1.446263 0.533657
v -0.847539 1.406293 0.534803
v -0.847539 1.433388 0.507709
v -0.840498 1.432241 0.533657
v -0.800529 1.338031 -0.507708
v -0.854788 1.392291 -0.507708
v -0.800529 1.392291 -0.561968
v -0.827623 1.345280 -0.507708
v -0.800529 1.345280 -0.534802
v -0.826476 1.352321 -0.533656
v -0.847540 1.392291 -0.534802
v -0.847540 1.365197 -0.507708
v -0.840498 1.366343 -0.533656
v -0.800529 1.365197 -0.554719
v -0.827623 1.392291 -0.554719
v -0.826476 1.366343 -0.547678
v -0.800529 1.460553 -0.507708
v -0.800529 1.406293 -0.561968
v -0.854788 1.406293 -0.507708
v -0.800529 1.453304 -0.534802
v -0.827623 1.453304 -0.507708
v -0.826476 1.446263 -0.533656
v -0.827623 1.406293 -0.554719
v -0.800529 1.433388 -0.554719
v -0.826476 1.432241 -0.547678
v -0.847540 1.433388 -0.507708
v -0.847540 1.406293 -0.534802
v -0.840498 1.432241 -0.533656
v 0.795157 1.338031 0.507708
v 0.849417 1.392291 0.507708
v 0.795157 1.392291 0.561968
v 0.822252 1.345280 0.507708
v 0.795157 1.345280 0.534802
v 0.821105 1.352321 0.533656
v 0.842168 1.392291 0.534802
v 0.842168 1.365197 0.507708
v 0.835127 1.366343 0.533656
v 0.795157 1.365197 0.554719
v 0.822252 1.392291 0.554719
v 0.821105 1.366343 0.547678
v 0.795157 1.460553 0.507708
v 0.795157 1.406293 0.561968
v 0.849417 1.406293 0.507708
v 0.795157 1.453304 0.534802
v 0.822252 1.453304 0.507708
v 0.821105 1.446263 0.533656
v 0.822252 1.406293 0.554719
v 0.795157 1.433388 0.554719
v 0.821105 1.432241 0.547678
v 0.842168 1.433388 0.507708
v 0.842168 1.406293 0.534802
v 0.835127 1.432241 0.533656
v 0.795157 1.338031 -0.507709
v 0.795157 1.392291 -0.561969
v 0.849416 1.392291 -0.507709
v 0.795157 1.345280 -0.534803
v 0.822251 1.345280 -0.507709
v 0.821104 1.352321 -0.533657
v 0.822251 1.392291 -0.554720
v 0.795157 1.365197 -0.554720
v 0.821104 1.366343 -0.547679
v 0.842167 1.365197 -0.507709
v 0.842167 1.392291 -0.534803
v 0.835126 1.366343 -0.533657
v 0.795157 1.460553 -0.507709
v 0.849416 1.406293 -0.507709
v 0.795157 1.406293 -0.561969
v 0.822251 1.453304 -0.507709
v 0.795157 1.453304 -0.534803
v 0.821104 1.446263 -0.533657
v 0.842167 1.406293 -0.534803
v 0.842167 1.433388 -0.507709
v 0.835126 1.432241 -0.533657
v 0.795157 1.433388 -0.554720
v 0.822251 1.406293 -0.554720
v 0.821104 1.432241 -0.547679
v 0.798257 0.440441 -0.520960
v 0.798258 0.440441 0.520959
v -0.798258 0.440441 -0.520959
v -0.798257 0.440441 0.520960
v -0.798258 0.391012 -0.520959
v -0.798257 0.391012 0.520960
v 0.798257 0.391012 -0.520960
v 0.798258 0.391012 0.520959
v -0.798257 0.293790 0.520960
v 0.798258 0.293790 0.520959
v -0.798258 0.293790 -0.520959
v 0.798257 0.293790 -0.520960
v -0.854405 0.391012 0.572807
v -0.847625 0.391012 0.579587
v -0.852419 0.391012 0.577601
v -0.854405 0.433661 0.572807
v -0.847625 0.433661 0.579587
v -0.847625 0.440441 0.572807
v -0.852419 0.433661 0.577601
v -0.851539 0.437576 0.576722
v -0.847625 0.438456 0.577601
v -0.852419 0.438456 0.572807
v -0.847625 0.391012 -0.579586
v -0.854406 0.391012 -0.572806
v -0.852420 0.391012 -0.577600
v -0.847625 0.440441 -0.572806
v -0.847625 0.433661 -0.579586
v -0.854406 0.433661 -0.572806
v -0.847625 0.438456 -0.577600
v -0.851540 0.437576 -0.576721
v -0.852420 0.433661 -0.577600
v -0.852420 0.438456 -0.572806
v 0.847625 0.391012 0.579586
v 0.854406 0.391012 0.572806
v 0.852420 0.391012 0.577600
v 0.847625 0.440441 0.572806
v 0.847625 0.433661 0.579586
v 0.854406 0.433661 0.572806
v 0.847625 0.438456 0.577600
v 0.851540 0.437576 0.576721
v 0.852420 0.433661 0.577600
v 0.852420 0.438456 0.572806
v 0.854405 0.391012 -0.572807
v 0.847625 0.391012 -0.579587
v 0.852419 0.391012 -0.577601
v 0.847625 0.440441 -0.572807
v 0.854405 0.433661 -0.572807
v 0.847625 0.433661 -0.579587
v 0.852419 0.438456 -0.572807
v 0.851539 0.437576 -0.576722
v 0.852419 0.433661 -0.577601
v 0.847625 0.438456 -0.577601
v 0.805038 0.397792 -0.579587
v 0.798257 0.391012 -0.572807
v 0.800243 0.392998 -0.577601
v -0.798258 0.391012 -0.572806
v -0.805039 0.397792 -0.579586
v -0.800244 0.392998 -0.577600
v -0.798258 0.440441 -0.572806
v -0.798258 0.433661 -0.579586
v -0.798258 0.438456 -0.577600
v 0.798257 0.433661 -0.579587
v 0.798257 0.440441 -0.572807
v 0.798257 0.438456 -0.577601
v -0.805038 0.397792 0.579587
v -0.798257 0.391012 0.572807
v -0.800243 0.392998 0.577601
v 0.798258 0.391012 0.572806
v 0.805039 0.397792 0.579586
v 0.800244 0.392998 0.577600
v 0.798258 0.440441 0.572806
v 0.798258 0.433661 0.579586
v 0.798258 0.438456 0.577600
v -0.798257 0.433661 0.579587
v -0.798257 0.440441 0.572807
v -0.798257 0.438456 0.577601
v -0.854406 0.397792 -0.527740
v -0.847625 0.391012 -0.520959
v -0.852420 0.392998 -0.522945
v -0.847625 0.391012 0.520960
v -0.854405 0.397792 0.527741
v -0.852419 0.392998 0.522946
v -0.847625 0.440441 0.520960
v -0.854405 0.433661 0.520960
v -0.852419 0.438456 0.520960
v -0.854406 0.433661 -0.520959
v -0.847625 0.440441 -0.520959
v -0.852420 0.438456 -0.520959
v 0.854406 0.397792 0.527740
v 0.847625 0.391012 0.520959
v 0.852420 0.392998 0.522945
v 0.854405 0.397792 -0.514180
v 0.847625 0.391012 -0.520960
v 0.854405 0.391012 -0.527741
v 0.852419 0.392998 -0.517570
v 0.853264 0.392153 -0.520668
v 0.852419 0.391012 -0.522946
v 0.854405 0.392994 -0.520970
v 0.854405 0.433661 -0.527741
v 0.847625 0.440441 -0.520960
v 0.854405 0.433661 -0.514180
v 0.852419 0.438456 -0.524350
v 0.853195 0.437528 -0.520960
v 0.852419 0.438456 -0.517570
v 0.854405 0.433661 -0.520960
v 0.854406 0.433661 0.520959
v 0.847625 0.440441 0.520959
v 0.852420 0.438456 0.520959
v -0.854405 0.293790 0.527741
v -0.847625 0.293790 0.520960
v -0.852419 0.293790 0.522946
v -0.847625 0.293790 0.579587
v -0.854405 0.293790 0.572807
v -0.852419 0.293790 0.577601
v -0.805039 0.293790 -0.579586
v -0.798258 0.293790 -0.572806
v -0.800244 0.293790 -0.577600
v -0.854406 0.293790 -0.572806
v -0.847625 0.293790 -0.579586
v -0.852420 0.293790 -0.577600
v 0.854405 0.293790 -0.527741
v 0.847625 0.293790 -0.520960
v 0.852419 0.293790 -0.522946
v 0.847625 0.293790 -0.579587
v 0.854405 0.293790 -0.572807
v 0.852419 0.293790 -0.577601
v 0.805039 0.293790 0.579586
v 0.798258 0.293790 0.572806
v 0.800244 0.293790 0.577600
v 0.854406 0.293790 0.572806
v 0.847625 0.293790 0.579586
v 0.852420 0.293790 0.577600
v 0.798257 0.293790 -0.572807
v 0.805038 0.293790 -0.579587
v 0.800243 0.293790 -0.577601
v -0.798257 0.293790 0.572807
v -0.805038 0.293790 0.579587
v -0.800243 0.293790 0.577601
v -0.847625 0.293790 -0.520959
v -0.854406 0.293790 -0.527740
v -0.852420 0.293790 -0.522945
v 0.847625 0.293790 0.520959
v 0.854406 0.293790 0.527740
v 0.852420 0.293790 0.522945
v -0.800528 0.442618 0.507709
v -0.800528 0.496877 0.561969
v -0.854788 0.496877 0.507709
v -0.800528 0.449867 0.534803
v -0.827622 0.449867 0.507709
v -0.826476 0.456908 0.533657
v -0.827622 0.496877 0.554720
v -0.800528 0.469783 0.554720
v -0.826476 0.470930 0.547679
v -0.847539 0.469783 0.507709
v -0.847539 0.496877 0.534803
v -0.840498 0.470930 0.533657
v -0.800528 0.510880 0.561969
v -0.800528 0.565139 0.507709
v -0.854788 0.510880 0.507709
v -0.800528 0.537974 0.554720
v -0.827622 0.510880 0.554720
v -0.826476 0.536827 0.547679
v -0.827622 0.557891 0.507709
v -0.800528 0.557891 0.534803
v -0.826476 0.550849 0.533657
v -0.847539 0.510880 0.534803
v -0.847539 0.537974 0.507709
v -0.840498 0.536827 0.533657
v -0.800529 0.442618 -0.507708
v -0.854788 0.496877 -0.507708
v -0.800529 0.496877 -0.561968
v -0.827623 0.449867 -0.507708
v -0.800529 0.449867 -0.534802
v -0.826476 0.456908 -0.533656
v -0.847540 0.496877 -0.534802
v -0.847540 0.469783 -0.507708
v -0.840498 0.470930 -0.533656
v -0.800529 0.469783 -0.554719
v -0.827623 0.496877 -0.554719
v -0.826476 0.470930 -0.547678
v -0.800529 0.565139 -0.507708
v -0.800529 0.510880 -0.561968
v -0.854788 0.510880 -0.507708
v -0.800529 0.557891 -0.534802
v -0.827623 0.557891 -0.507708
v -0.826476 0.550849 -0.533656
v -0.827623 0.510880 -0.554719
v -0.800529 0.537974 -0.554719
v -0.826476 0.536827 -0.547678
v -0.847540 0.537974 -0.507708
v -0.847540 0.510880 -0.534802
v -0.840498 0.536827 -0.533656
v 0.795157 0.442618 0.507708
v 0.849417 0.496877 0.507708
v 0.795157 0.496877 0.561968
v 0.822252 0.449867 0.507708
v 0.795157 0.449867 0.534802
v 0.821105 0.456908 0.533656
v 0.842168 0.496877 0.534802
v 0.842168 0.469783 0.507708
v 0.835127 0.470930 0.533656
v 0.795157 0.469783 0.554719
v 0.822252 0.496877 0.554719
v 0.821105 0.470930 0.547678
v 0.795157 0.565139 0.507708
v 0.795157 0.510880 0.561968
v 0.849417 0.510880 0.507708
v 0.795157 0.557891 0.534802
v 0.822252 0.557891 0.507708
v 0.821105 0.550849 0.533656
v 0.822252 0.510880 0.554719
v 0.795157 0.537974 0.554719
v 0.821105 0.536827 0.547678
v 0.842168 0.537974 0.507708
v 0.842168 0.510880 0.534802
v 0.835127 0.536827 0.533656
v 0.795157 0.442618 -0.507709
v 0.795157 0.496877 -0.561969
v 0.849416 0.496877 -0.507709
v 0.795157 0.449867 -0.534803
v 0.822251 0.449867 -0.507709
v 0.821104 0.456908 -0.533657
v 0.822251 0.496877 -0.554720
v 0.795157 0.469783 -0.554720
v 0.821104 0.470930 -0.547679
v 0.842167 0.469783 -0.507709
v 0.842167 0.496877 -0.534803
v 0.835126 0.470930 -0.533657
v 0.795157 0.565139 -0.507709
v 0.849416 0.510880 -0.507709
v 0.795157 0.510880 -0.561969
v 0.822251 0.557891 -0.507709
v 0.795157 0.557891 -0.534803
v 0.821104 0.550849 -0.533657
v 0.842167 0.510880 -0.534803
v 0.842167 0.537974 -0.507709
v 0.835126 0.536827 -0.533657
v 0.795157 0.537974 -0.554720
v 0.822251 0.510880 -0.554720
v 0.821104 0.536827 -0.547679
v 0.859761 0.295564 -0.495870
v 0.872792 0.295564 -0.485018
v 0.861507 0.295564 -0.490444
v 0.866277 0.295564 -0.486472
v 0.872793 0.295564 0.489202
v 0.859762 0.295564 0.500054
v 0.866277 0.295564 0.490656
v 0.861508 0.295564 0.494628
v 0.886969 0.295564 -0.485018
v 0.900000 0.295564 -0.495870
v 0.893484 0.295564 -0.486472
v 0.898254 0.295564 -0.490444
v 0.900000 0.295564 0.500054
v 0.886969 0.295564 0.489202
v 0.898254 0.295564 0.494628
v 0.893485 0.295564 0.490656
v 0.900000 0.295564 -0.520901
v 0.886969 0.295564 -0.531753
v 0.898254 0.295564 -0.526327
v 0.893484 0.295564 -0.530299
v 0.886969 0.295564 0.535937
v 0.900000 0.295564 0.525085
v 0.893485 0.295564 0.534483
v 0.898255 0.295564 0.530511
v 0.872792 0.295564 -0.531753
v 0.859761 0.295564 -0.520901
v 0.866277 0.295564 -0.530299
v 0.861507 0.295564 -0.526327
v 0.859762 0.295564 0.525085
v 0.872793 0.295564 0.535937
v 0.861508 0.295564 0.530511
v 0.866277 0.295564 0.534483
v 0.859761 0.703093 -0.431395
v 0.872792 0.692423 -0.420546
v 0.861507 0.697758 -0.425971
v 0.866277 0.693852 -0.422000
v 0.872792 0.620326 -0.489375
v 0.859761 0.631091 -0.500320
v 0.866277 0.621768 -0.490841
v 0.861507 0.625708 -0.494847
v 0.872792 0.686935 -0.448598
v 0.859761 0.697521 -0.459360
v 0.866277 0.688353 -0.450040
v 0.861507 0.692228 -0.453979
v 0.872792 0.671306 -0.472379
v 0.859761 0.681865 -0.483113
v 0.866277 0.672721 -0.473817
v 0.861507 0.676585 -0.477746
v 0.872792 0.647916 -0.483795
v 0.859761 0.658540 -0.494596
v 0.866277 0.649340 -0.485242
v 0.861507 0.653228 -0.489196
v 0.859762 0.631091 0.504457
v 0.872793 0.620326 0.493512
v 0.861508 0.625708 0.498985
v 0.866277 0.621768 0.494979
v 0.872793 0.692423 0.424730
v 0.859762 0.703093 0.435579
v 0.866277 0.693852 0.426184
v 0.861508 0.697758 0.430155
v 0.859762 0.658540 0.498734
v 0.872793 0.647916 0.487932
v 0.861508 0.653228 0.493333
v 0.866277 0.649340 0.489379
v 0.859762 0.681865 0.487298
v 0.872793 0.671306 0.476563
v 0.861508 0.676585 0.481930
v 0.866277 0.672721 0.478001
v 0.859762 0.697521 0.463545
v 0.872793 0.686935 0.452782
v 0.861508 0.692228 0.458163
v 0.866277 0.688353 0.454224
v 0.900000 0.631091 -0.500320
v 0.886969 0.620326 -0.489375
v 0.898254 0.625708 -0.494847
v 0.893484 0.621768 -0.490841
v 0.886969 0.692423 -0.420546
v 0.900000 0.703093 -0.431395
v 0.893484 0.693852 -0.422000
v 0.898254 0.697758 -0.425971
v 0.900000 0.658540 -0.494596
v 0.886969 0.647916 -0.483795
v 0.898254 0.653228 -0.489196
v 0.893484 0.649340 -0.485242
v 0.900000 0.681865 -0.483114
v 0.886969 0.671306 -0.472379
v 0.898254 0.676585 -0.477746
v 0.893484 0.672721 -0.473817
v 0.900000 0.697521 -0.459360
v 0.886969 0.686935 -0.448598
v 0.898254 0.692228 -0.453979
v 0.893484 0.688353 -0.450040
v 0.900000 0.703093 0.435579
v 0.886969 0.692423 0.424730
v 0.898254 0.697758 0.430155
v 0.893485 0.693852 0.426184
v 0.886969 0.620326 0.493512
v 0.900000 0.631091 0.504457
v 0.893485 0.621768 0.494979
v 0.898255 0.625708 0.498985
v 0.886969 0.686935 0.452782
v 0.900000 0.697521 0.463545
v 0.893485 0.688353 0.454224
v 0.898254 0.692228 0.458163
v 0.886969 0.671306 0.476563
v 0.900000 0.681865 0.487298
v 0.893485 0.672721 0.478001
v 0.898254 0.676585 0.481930
v 0.886969 0.647916 0.487932
v 0.900000 0.658540 0.498734
v 0.893485 0.649340 0.489379
v 0.898254 0.653228 0.493333
v 0.872792 0.729778 -0.459656
v 0.859761 0.719107 -0.448986
v 0.866277 0.728348 -0.458227
v 0.861507 0.724442 -0.454321
v 0.859761 0.646915 -0.520988
v 0.872792 0.657681 -0.531753
v 0.861507 0.652298 -0.526371
v 0.866277 0.656238 -0.530311
v 0.859761 0.713704 -0.476661
v 0.872792 0.724289 -0.487247
v 0.861507 0.718997 -0.481954
v 0.866277 0.722871 -0.485828
v 0.859761 0.698103 -0.500078
v 0.872792 0.708661 -0.510637
v 0.861507 0.703382 -0.505357
v 0.866277 0.707246 -0.509222
v 0.859761 0.674647 -0.515641
v 0.872792 0.685271 -0.526265
v 0.861507 0.679959 -0.520953
v 0.866277 0.683847 -0.524842
v 0.886969 0.729778 0.463840
v 0.900000 0.719107 0.453170
v 0.893485 0.728348 0.462411
v 0.898254 0.724442 0.458505
v 0.900000 0.646915 0.525172
v 0.886969 0.657681 0.535937
v 0.898255 0.652298 0.530555
v 0.893485 0.656238 0.534495
v 0.900000 0.713704 0.480845
v 0.886969 0.724289 0.491431
v 0.898254 0.718997 0.486138
v 0.893485 0.722871 0.490012
v 0.900000 0.698103 0.504262
v 0.886969 0.708661 0.514821
v 0.898255 0.703382 0.509542
v 0.893485 0.707246 0.513406
v 0.900000 0.674647 0.519826
v 0.886969 0.685271 0.530449
v 0.898255 0.679959 0.525137
v 0.893485 0.683847 0.529026
v 0.872793 0.657681 0.535937
v 0.859762 0.646915 0.525172
v 0.866277 0.656238 0.534495
v 0.861508 0.652298 0.530555
v 0.859762 0.719107 0.453170
v 0.872793 0.729778 0.463840
v 0.861508 0.724442 0.458505
v 0.866277 0.728348 0.462411
v 0.872793 0.685271 0.530449
v 0.859762 0.674647 0.519826
v 0.866277 0.683847 0.529026
v 0.861508 0.679959 0.525137
v 0.872793 0.708661 0.514821
v 0.859762 0.698103 0.504262
v 0.866277 0.707246 0.513406
v 0.861508 0.703382 0.509542
v 0.872793 0.724289 0.491431
v 0.859762 0.713704 0.480845
v 0.866277 0.722871 0.490012
v 0.861508 0.718997 0.486138
v 0.886969 0.657681 -0.531753
v 0.900000 0.646915 -0.520988
v 0.893484 0.656238 -0.530311
v 0.898254 0.652298 -0.526371
v 0.900000 0.719107 -0.448986
v 0.886969 0.729778 -0.459656
v 0.898254 0.724442 -0.454321
v 0.893484 0.728348 -0.458227
v 0.886969 0.685271 -0.526265
v 0.900000 0.674647 -0.515642
v 0.893484 0.683847 -0.524842
v 0.898254 0.679959 -0.520953
v 0.886969 0.708661 -0.510637
v 0.900000 0.698103 -0.500078
v 0.893484 0.707246 -0.509222
v 0.898254 0.703382 -0.505357
v 0.886969 0.724289 -0.487247
v 0.900000 0.713704 -0.476661
v 0.893484 0.722871 -0.485828
v 0.898254 0.718997 -0.481954
v -0.859762 0.295564 -0.495869
v -0.872793 0.295564 -0.485016
v -0.861508 0.295564 -0.490443
v -0.866277 0.295564 -0.486470
v -0.872792 0.295564 0.489203
v -0.859761 0.295564 0.500055
v -0.866277 0.295564 0.490657
v -0.861507 0.295564 0.494629
v -0.886969 0.295564 -0.485016
v -0.900000 0.295564 -0.495869
v -0.893485 0.295564 -0.486470
v -0.898254 0.295564 -0.490443
v -0.900000 0.295564 0.500055
v -0.886969 0.295564 0.489203
v -0.898254 0.295564 0.494629
v -0.893484 0.295564 0.490657
v -0.900000 0.295564 -0.520900
v -0.886969 0.295564 -0.531752
v -0.898255 0.295564 -0.526326
v -0.893485 0.295564 -0.530298
v -0.886969 0.295564 0.535939
v -0.900000 0.295564 0.525086
v -0.893484 0.295564 0.534485
v -0.898254 0.295564 0.530512
v -0.872793 0.295564 -0.531752
v -0.859762 0.295564 -0.520900
v -0.866277 0.295564 -0.530298
v -0.861508 0.295564 -0.526326
v -0.859761 0.295564 0.525086
v -0.872792 0.295564 0.535939
v -0.861507 0.295564 0.530512
v -0.866277 0.295564 0.534485
v -0.859762 0.703093 -0.431394
v -0.872793 0.692423 -0.420545
v -0.861508 0.697758 -0.425969
v -0.866277 0.693852 -0.421998
v -0.872793 0.620326 -0.489374
v -0.859762 0.631091 -0.500319
v -0.866277 0.621768 -0.490840
v -0.861508 0.625708 -0.494846
v -0.872793 0.686935 -0.448597
v -0.859762 0.697521 -0.459359
v -0.866277 0.688353 -0.450039
v -0.861508 0.692228 -0.453978
v -0.872793 0.671306 -0.472378
v -0.859762 0.681865 -0.483112
v -0.866277 0.672721 -0.473816
v -0.861508 0.676585 -0.477745
v -0.872793 0.647916 -0.483794
v -0.859762 0.658540 -0.494595
v -0.866277 0.649340 -0.485241
v -0.861508 0.653228 -0.489194
v -0.859761 0.631091 0.504458
v -0.872792 0.620326 0.493513
v -0.861507 0.625708 0.498986
v -0.866277 0.621768 0.494980
v -0.872792 0.692423 0.424731
v -0.859761 0.703093 0.435580
v -0.866277 0.693852 0.426185
v -0.861507 0.697758 0.430156
v -0.859761 0.658540 0.498735
v -0.872792 0.647916 0.487934
v -0.861507 0.653228 0.493334
v -0.866277 0.649340 0.489381
v -0.859761 0.681865 0.487299
v -0.872792 0.671306 0.476564
v -0.861507 0.676585 0.481931
v -0.866277 0.672721 0.478002
v -0.859761 0.697521 0.463546
v -0.872792 0.686935 0.452783
v -0.861507 0.692228 0.458164
v -0.866277 0.688353 0.454225
v -0.900000 0.631091 -0.500319
v -0.886969 0.620326 -0.489374
v -0.898254 0.625708 -0.494846
v -0.893485 0.621768 -0.490840
v -0.886969 0.692423 -0.420545
v -0.900000 0.703093 -0.431394
v -0.893485 0.693852 -0.421998
v -0.898254 0.697758 -0.425969
v -0.900000 0.658540 -0.494595
v -0.886969 0.647916 -0.483794
v -0.898254 0.653228 -0.489194
v -0.893485 0.649340 -0.485241
v -0.900000 0.681865 -0.483112
v -0.886969 0.671306 -0.472378
v -0.898254 0.676585 -0.477745
v -0.893485 0.672721 -0.473816
v -0.900000 0.697521 -0.459359
v -0.886969 0.686935 -0.448597
v -0.898254 0.692228 -0.453978
v -0.893485 0.688353 -0.450038
v -0.900000 0.703093 0.435580
v -0.886969 0.692423 0.424731
v -0.898254 0.697758 0.430156
v -0.893484 0.693852 0.426185
v -0.886969 0.620326 0.493513
v -0.900000 0.631091 0.504458
v -0.893484 0.621768 0.494980
v -0.898254 0.625708 0.498986
v -0.886969 0.686935 0.452783
v -0.900000 0.697521 0.463546
v -0.893484 0.688353 0.454225
v -0.898254 0.692228 0.458164
v -0.886969 0.671306 0.476564
v -0.900000 0.681865 0.487299
v -0.893484 0.672721 0.478002
v -0.898254 0.676585 0.481931
v -0.886969 0.647916 0.487934
v -0.900000 0.658540 0.498735
v -0.893484 0.649340 0.489381
v -0.898254 0.653228 0.493334
v -0.872793 0.729778 -0.459655
v -0.859762 0.719107 -0.448985
v -0.866277 0.728348 -0.458225
v -0.861508 0.724442 -0.454320
v -0.859762 0.646915 -0.520987
v -0.872793 0.657681 -0.531752
v -0.861508 0.652298 -0.526370
v -0.866277 0.656238 -0.530310
v -0.859762 0.713704 -0.476660
v -0.872793 0.724289 -0.487245
v -0.861508 0.718997 -0.481952
v -0.866277 0.722871 -0.485827
v -0.859762 0.698103 -0.500077
v -0.872793 0.708661 -0.510635
v -0.861508 0.703382 -0.505356
v -0.866277 0.707246 -0.509221
v -0.859762 0.674647 -0.515640
v -0.872793 0.685271 -0.526264
v -0.861508 0.679959 -0.520952
v -0.866277 0.683847 -0.524841
v -0.886969 0.729778 0.463841
v -0.900000 0.719107 0.453171
v -0.893484 0.728348 0.462412
v -0.898254 0.724442 0.458506
v -0.900000 0.646915 0.525174
v -0.886969 0.657681 0.535939
v -0.898254 0.652298 0.530556
v -0.893484 0.656238 0.534496
v -0.900000 0.713704 0.480846
v -0.886969 0.724289 0.491432
v -0.898254 0.718997 0.486139
v -0.893484 0.722871 0.490014
v -0.900000 0.698103 0.504264
v -0.886969 0.708661 0.514822
v -0.898254 0.703382 0.509543
v -0.893484 0.707246 0.513407
v -0.900000 0.674647 0.519827
v -0.886969 0.685271 0.530450
v -0.898254 0.679959 0.525139
v -0.893484 0.683847 0.529027
v -0.872792 0.657681 0.535939
v -0.859761 0.646915 0.525173
v -0.866277 0.656238 0.534496
v -0.861507 0.652298 0.530556
v -0.859761 0.719107 0.453171
v -0.872792 0.729778 0.463841
v -0.861507 0.724442 0.458506
v -0.866277 0.728348 0.462412
v -0.872792 0.685271 0.530450
v -0.859761 0.674647 0.519827
v -0.866277 0.683847 0.529027
v -0.861507 0.679959 0.525139
v -0.872792 0.708661 0.514822
v -0.859761 0.698103 0.504263
v -0.866277 0.707246 0.513407
v -0.861507 0.703382 0.509543
v -0.872792 0.724289 0.491432
v -0.859761 0.713704 0.480846
v -0.866277 0.722871 0.490013
v -0.861507 0.718997 0.486139
v -0.886969 0.657681 -0.531752
v -0.900000 0.646915 -0.520987
v -0.893485 0.656238 -0.530310
v -0.898255 0.652298 -0.526370
v -0.900000 0.719107 -0.448985
v -0.886969 0.729778 -0.459655
v -0.898254 0.724442 -0.454320
v -0.893485 0.728348 -0.458225
v -0.886969 0.685271 -0.526264
v -0.900000 0.674647 -0.515640
v -0.893485 0.683847 -0.524841
v -0.898255 0.679959 -0.520952
v -0.886969 0.708661 -0.510635
v -0.900000 0.698103 -0.500077
v -0.893485 0.707246 -0.509221
v -0.898254 0.703382 -0.505356
v -0.886969 0.724289 -0.487245
v -0.900000 0.713704 -0.476660
v -0.893485 0.722871 -0.485827
v -0.898254 0.718997 -0.481952
vn 0.9879 0.0009 0.1553
vn 0.1097 0.0056 0.9940
vn 0.8287 0.0032 0.5597
vn 0.4414 0.0051 0.8973
vn 0.1097 0.0056 -0.9940
vn 0.9879 0.0009 -0.1554
vn 0.4414 0.0051 -0.8973
vn 0.8287 0.0032 -0.5597
vn -0.1097 0.0056 0.9940
vn -0.9879 0.0009 0.1553
vn -0.4414 0.0051 0.8973
vn -0.8287 0.0032 0.5597
vn -0.9879 0.0009 -0.1553
vn -0.1097 0.0056 -0.9940
vn -0.8287 0.0032 -0.5597
vn -0.4414 0.0051 -0.8973
vn -0.9878 -0.0000 -0.1556
vn -0.1091 -0.0000 -0.9940
vn -0.8279 -0.0000 -0.5609
vn -0.4400 -0.0000 -0.8980
vn -0.1091 -0.0000 0.9940
vn -0.9878 -0.0000 0.1556
vn -0.4400 -0.0000 0.8980
vn -0.8279 -0.0000 0.5609
vn 0.1091 -0.0000 -0.9940
vn 0.9878 -0.0000 -0.1556
vn 0.4400 -0.0000 -0.8980
vn 0.8279 -0.0000 -0.5608
vn 0.9878 -0.0000 0.1556
vn 0.1091 -0.0000 0.9940
vn 0.8279 -0.0000 0.5608
vn 0.4400 -0.0000 0.8980
vn 0.9912 -0.1310 0.0180
vn 0.1169 -0.9891 0.0899
vn 0.8516 -0.5213 0.0543
vn 0.4646 -0.8821 0.0781
vn 0.1194 -0.0900 0.9888
vn 0.9916 -0.0180 0.1278
vn 0.4719 -0.0779 0.8782
vn 0.8563 -0.0541 0.5136
vn 0.1401 -0.9196 0.3671
vn 0.9943 -0.0965 0.0443
vn 0.5322 -0.7874 0.3110
vn 0.8905 -0.4203 0.1743
vn 0.1527 -0.7044 0.6932
vn 0.9950 -0.0709 0.0699
vn 0.5639 -0.5888 0.5791
vn 0.9036 -0.3054 0.3006
vn 0.1424 -0.3773 0.9151
vn 0.9945 -0.0446 0.0945
vn 0.5383 -0.3189 0.7801
vn 0.8933 -0.1771 0.4131
vn 0.9916 -0.0180 -0.1278
vn 0.1194 -0.0900 -0.9888
vn 0.8563 -0.0541 -0.5136
vn 0.4719 -0.0779 -0.8782
vn 0.1169 -0.9891 -0.0899
vn 0.9912 -0.1310 -0.0180
vn 0.4646 -0.8821 -0.0781
vn 0.8516 -0.5213 -0.0543
vn 0.9945 -0.0446 -0.0945
vn 0.1424 -0.3773 -0.9151
vn 0.8933 -0.1771 -0.4131
vn 0.5383 -0.3189 -0.7801
vn 0.9950 -0.0709 -0.0699
vn 0.1527 -0.7044 -0.6932
vn 0.9036 -0.3054 -0.3006
vn 0.5639 -0.5888 -0.5791
vn 0.9943 -0.0965 -0.0443
vn 0.1401 -0.9196 -0.3671
vn 0.8905 -0.4203 -0.1743
vn 0.5322 -0.7874 -0.3110
vn -0.9916 -0.0180 0.1278
vn -0.1194 -0.0900 0.9888
vn -0.8563 -0.0541 0.5136
vn -0.4719 -0.0779 0.8782
vn -0.1169 -0.9891 0.0899
vn -0.9912 -0.1310 0.0180
vn -0.4646 -0.8821 0.0781
vn -0.8516 -0.5213 0.0543
vn -0.9945 -0.0446 0.0945
vn -0.1424 -0.3773 0.9151
vn -0.8933 -0.1771 0.4131
vn -0.5383 -0.3189 0.7801
vn -0.9950 -0.0709 0.0699
vn -0.1527 -0.7044 0.6932
vn -0.9035 -0.3054 0.3006
vn -0.5639 -0.5888 0.5791
vn -0.9943 -0.0965 0.0443
vn -0.1401 -0.9196 0.3671
vn -0.8905 -0.4203 0.1743
vn -0.5322 -0.7874 0.3110
vn -0.9912 -0.1310 -0.0180
vn -0.1169 -0.9891 -0.0899
vn -0.8516 -0.5213 -0.0543
vn -0.4646 -0.8821 -0.0781
vn -0.1194 -0.0900 -0.9888
vn -0.9916 -0.0180 -0.1278
vn -0.4719 -0.0779 -0.8782
vn -0.8563 -0.0541 -0.5136
vn -0.1401 -0.9196 -0.3671
vn -0.9943 -0.0965 -0.0443
vn -0.5322 -0.7874 -0.3110
vn -0.8905 -0.4203 -0.1743
vn -0.1527 -0.7044 -0.6932
vn -0.9950 -0.0709 -0.0699
vn -0.5639 -0.5888 -0.5791
vn -0.9035 -0.3054 -0.3006
vn -0.1424 -0.3773 -0.9151
vn -0.9945 -0.0446 -0.0945
vn -0.5383 -0.3189 -0.7801
vn -0.8933 -0.1771 -0.4131
vn 0.1174 0.9877 -0.1029
vn 0.9872 0.1593 -0.0083
vn 0.4612 0.8826 -0.0914
vn 0.8343 0.5494 -0.0453
vn 0.9875 0.0082 -0.1577
vn 0.1184 0.1029 -0.9876
vn 0.8363 0.0448 -0.5464
vn 0.4639 0.0910 -0.8812
vn 0.9899 0.1340 -0.0464
vn 0.1366 0.9128 -0.3849
vn 0.8622 0.4726 -0.1823
vn 0.5074 0.7951 -0.3322
vn 0.9917 0.0909 -0.0910
vn 0.1461 0.6995 -0.6995
vn 0.8779 0.3384 -0.3386
vn 0.5300 0.5996 -0.5997
vn 0.9900 0.0460 -0.1336
vn 0.1371 0.3849 -0.9127
vn 0.8629 0.1815 -0.4716
vn 0.5085 0.3318 -0.7946
vn -0.1174 0.9877 0.1029
vn -0.9872 0.1593 0.0083
vn -0.4612 0.8826 0.0914
vn -0.8343 0.5494 0.0453
vn -0.9875 0.0082 0.1577
vn -0.1184 0.1029 0.9876
vn -0.8363 0.0448 0.5464
vn -0.4639 0.0910 0.8812
vn -0.9899 0.1340 0.0464
vn -0.1366 0.9128 0.3849
vn -0.8622 0.4726 0.1823
vn -0.5074 0.7951 0.3322
vn -0.9917 0.0909 0.0910
vn -0.1461 0.6995 0.6995
vn -0.8779 0.3384 0.3386
vn -0.5300 0.5996 0.5997
vn -0.9900 0.0460 0.1336
vn -0.1371 0.3849 0.9127
vn -0.8629 0.1815 0.4716
vn -0.5085 0.3318 0.7946
vn 0.1184 0.1029 0.9876
vn 0.9875 0.0082 0.1577
vn 0.4639 0.0910 0.8812
vn 0.8363 0.0448 0.5464
vn 0.9872 0.1593 0.0083
vn 0.1174 0.9877 0.1029
vn 0.8343 0.5494 0.0453
vn 0.4612 0.8826 0.0914
vn 0.1371 0.3849 0.9127
vn 0.9900 0.0460 0.1336
vn 0.5085 0.3318 0.7946
vn 0.8629 0.1815 0.4716
vn 0.1461 0.6995 0.6995
vn 0.9917 0.0909 0.0910
vn 0.5300 0.5996 0.5997
vn 0.8779 0.3384 0.3386
vn 0.1366 0.9128 0.3849
vn 0.9899 0.1340 0.0464
vn 0.5074 0.7951 0.3322
vn 0.8622 0.4726 0.1823
vn -0.1184 0.1029 -0.9876
vn -0.9875 0.0082 -0.1577
vn -0.4639 0.0910 -0.8812
vn -0.8363 0.0448 -0.5464
vn -0.9872 0.1593 -0.0083
vn -0.1174 0.9877 -0.1029
vn -0.8343 0.5494 -0.0453
vn -0.4612 0.8826 -0.0914
vn -0.1371 0.3849 -0.9127
vn -0.9900 0.0460 -0.1336
vn -0.5085 0.3318 -0.7946
vn -0.8629 0.1815 -0.4716
vn -0.1461 0.6995 -0.6995
vn -0.9917 0.0909 -0.0910
vn -0.5300 0.5996 -0.5997
vn -0.8779 0.3384 -0.3386
vn -0.1366 0.9128 -0.3849
vn -0.9899 0.1340 -0.0464
vn -0.5074 0.7951 -0.3322
vn -0.8622 0.4726 -0.1823
vn -0.9879 0.0009 0.1554
vn 0.9879 0.0009 -0.1553
vn 0.8279 -0.0000 -0.5609
vn 0.8279 -0.0000 0.5609
vn -0.8279 -0.0000 -0.5608
vn -0.8279 -0.0000 0.5608
vn -0.9036 -0.3054 0.3006
vn -0.9036 -0.3054 -0.3006
vn 0.9035 -0.3054 -0.3006
vn -0.7307 -0.6725 0.1172
vn -0.0802 -0.6745 0.7339
vn -0.6310 -0.6445 0.4319
vn -0.3325 -0.6497 0.6836
vn -0.0802 -0.6746 -0.7338
vn -0.7307 -0.6725 -0.1171
vn -0.3326 -0.6498 -0.6835
vn -0.6310 -0.6445 -0.4318
vn 0.0802 -0.6745 0.7339
vn 0.7307 -0.6725 0.1172
vn 0.3325 -0.6497 0.6836
vn 0.6310 -0.6445 0.4319
vn 0.7307 -0.6725 -0.1171
vn 0.0802 -0.6746 -0.7338
vn 0.6310 -0.6445 -0.4318
vn 0.3326 -0.6498 -0.6835
vn 0.7298 -0.6739 -0.1149
vn 0.0797 -0.6833 -0.7258
vn 0.6295 -0.6495 -0.4265
vn 0.3314 -0.6578 -0.6764
vn 0.0797 -0.6833 0.7258
vn 0.7298 -0.6739 0.1149
vn 0.3314 -0.6578 0.6764
vn 0.6295 -0.6495 0.4265
vn -0.0797 -0.6833 -0.7258
vn -0.7298 -0.6739 -0.1149
vn -0.3314 -0.6578 -0.6764
vn -0.6295 -0.6495 -0.4265
vn -0.7298 -0.6739 0.1149
vn -0.0797 -0.6833 0.7258
vn -0.6295 -0.6495 0.4265
vn -0.3314 -0.6578 0.6764
vn -0.1190 -0.0802 0.9897
vn -0.9917 -0.0173 0.1272
vn -0.4710 -0.0690 0.8794
vn -0.8563 -0.0497 0.5140
vn -0.1535 -0.6518 0.7427
vn -0.9955 -0.0631 0.0705
vn -0.5695 -0.5417 0.6183
vn -0.9076 -0.2776 0.3149
vn -0.1374 -0.3131 0.9397
vn -0.9936 -0.0401 0.1059
vn -0.5227 -0.2686 0.8091
vn -0.8836 -0.1540 0.4421
vn -0.9917 -0.0173 -0.1273
vn -0.1190 -0.0804 -0.9896
vn -0.8563 -0.0498 -0.5140
vn -0.4710 -0.0691 -0.8794
vn -0.9936 -0.0401 -0.1061
vn -0.1373 -0.3124 -0.9400
vn -0.8835 -0.1537 -0.4425
vn -0.5225 -0.2680 -0.8094
vn -0.9955 -0.0630 -0.0705
vn -0.1535 -0.6512 -0.7433
vn -0.9077 -0.2773 -0.3150
vn -0.5695 -0.5411 -0.6187
vn 0.9917 -0.0173 0.1272
vn 0.1190 -0.0802 0.9897
vn 0.8563 -0.0497 0.5140
vn 0.4710 -0.0690 0.8794
vn 0.9936 -0.0401 0.1059
vn 0.1374 -0.3131 0.9397
vn 0.8836 -0.1540 0.4421
vn 0.5227 -0.2686 0.8091
vn 0.9955 -0.0631 0.0705
vn 0.1535 -0.6518 0.7427
vn 0.9076 -0.2776 0.3149
vn 0.5695 -0.5417 0.6183
vn 0.1190 -0.0804 -0.9896
vn 0.9917 -0.0173 -0.1272
vn 0.4710 -0.0691 -0.8794
vn 0.8563 -0.0498 -0.5140
vn 0.1535 -0.6512 -0.7433
vn 0.9955 -0.0630 -0.0705
vn 0.5695 -0.5411 -0.6187
vn 0.9077 -0.2773 -0.3150
vn 0.1373 -0.3124 -0.9400
vn 0.9936 -0.0401 -0.1061
vn 0.5225 -0.2680 -0.8094
vn 0.8835 -0.1537 -0.4425
vn -0.8363 0.0448 -0.5465
vn 0.8363 0.0448 0.5465
vn 0.9900 0.0460 0.1337
vn -0.8363 0.0448 0.5465
vn -0.9900 0.0460 0.1337
vn -0.5073 0.7951 0.3322
vn 0.8363 0.0448 -0.5465
vn 0.9900 0.0460 -0.1337
vn 0.5073 0.7951 -0.3322
vn 0.9917 -0.0173 -0.1273
vn -0.9917 -0.0173 -0.1272
vn -0.0000 1.0000 -0.0000
vn 0.3015 -0.9045 0.3015
vn 0.3015 -0.9045 -0.3015
vn -0.3015 -0.9045 0.3015
vn -0.3015 -0.9045 -0.3015
vn 0.5774 -0.5774 -0.5774
vn -0.5774 -0.5774 -0.5773
vn 0.5774 -0.5774 0.5773
vn -0.5774 -0.5774 0.5774
vn -0.9808 -0.0000 0.1951
vn -0.1951 -0.0000 0.9808
vn -0.7071 -0.0000 0.7071
vn -0.9673 0.1794 0.1794
vn -0.1794 0.1794 0.9673
vn -0.1794 0.9673 0.1794
vn -0.6965 0.1726 0.6965
vn -0.5773 0.5774 0.5773
vn -0.1726 0.6965 0.6965
vn -0.6965 0.6965 0.1726
vn -0.1951 -0.0000 -0.9808
vn -0.9808 -0.0000 -0.1951
vn -0.7071 -0.0000 -0.7071
vn -0.1794 0.9673 -0.1794
vn -0.1794 0.1794 -0.9673
vn -0.9673 0.1794 -0.1794
vn -0.1726 0.6965 -0.6965
vn -0.5773 0.5774 -0.5773
vn -0.6965 0.1726 -0.6965
vn -0.6965 0.6965 -0.1726
vn 0.1951 -0.0000 0.9808
vn 0.9808 -0.0000 0.1951
vn 0.7071 -0.0000 0.7071
vn 0.1794 0.9673 0.1794
vn 0.1794 0.1794 0.9673
vn 0.9673 0.1794 0.1794
vn 0.1726 0.6965 0.6965
vn 0.5773 0.5774 0.5773
vn 0.6965 0.1726 0.6965
vn 0.6965 0.6965 0.1726
vn 0.9808 -0.0000 -0.1951
vn 0.1951 -0.0000 -0.9808
vn 0.7071 -0.0000 -0.7071
vn 0.1794 0.9673 -0.1794
vn 0.9673 0.1794 -0.1794
vn 0.1794 0.1794 -0.9673
vn 0.6965 0.6965 -0.1726
vn 0.5773 0.5774 -0.5773
vn 0.6965 0.1726 -0.6965
vn 0.1726 0.6965 -0.6965
vn -0.0505 -0.0505 -0.9974
vn -0.6750 -0.6750 -0.2978
vn -0.3377 -0.3377 -0.8786
vn 0.6750 -0.6750 -0.2978
vn 0.0505 -0.0505 -0.9974
vn 0.3377 -0.3377 -0.8786
vn -0.0000 0.9808 -0.1951
vn -0.0000 0.1951 -0.9808
vn -0.0000 0.7071 -0.7071
vn 0.0505 -0.0505 0.9974
vn 0.6750 -0.6750 0.2978
vn 0.3377 -0.3377 0.8786
vn -0.6750 -0.6750 0.2978
vn -0.0505 -0.0505 0.9974
vn -0.3377 -0.3377 0.8786
vn -0.0000 0.9808 0.1951
vn -0.0000 0.1951 0.9808
vn -0.0000 0.7071 0.7071
vn -0.9974 -0.0505 0.0505
vn -0.2978 -0.6750 0.6750
vn -0.8786 -0.3377 0.3377
vn -0.2978 -0.6750 -0.6750
vn -0.9974 -0.0505 -0.0505
vn -0.8786 -0.3377 -0.3377
vn -0.1951 0.9808 -0.0000
vn -0.9808 0.1951 -0.0000
vn -0.7071 0.7071 -0.0000
vn 0.9974 -0.0505 -0.0505
vn 0.2978 -0.6750 -0.6750
vn 0.8786 -0.3377 -0.3377
vn 0.9834 -0.1790 0.0305
vn 0.2331 -0.6949 0.6803
vn 0.9916 -0.0613 0.1139
vn 0.5739 -0.7903 0.2147
vn 0.4602 -0.8220 0.3354
vn 0.6297 -0.5626 0.5356
vn 0.8883 -0.4182 0.1899
vn 0.9815 0.1912 -0.0062
vn 0.2111 0.9775 -0.0000
vn 0.9815 0.1912 0.0062
vn 0.6955 0.7184 -0.0120
vn 0.7968 0.6042 -0.0000
vn 0.6955 0.7184 0.0120
vn 0.9832 0.1827 -0.0000
vn 0.9808 0.1951 -0.0000
vn 0.1951 0.9808 -0.0000
vn 0.7071 0.7071 -0.0000
vn -0.7319 -0.6657 -0.1456
vn -0.1456 -0.6657 -0.7319
vn -0.5490 -0.6303 -0.5490
vn -0.1456 -0.6657 0.7319
vn -0.7319 -0.6657 0.1456
vn -0.5490 -0.6303 0.5490
vn 0.1456 -0.6657 -0.7319
vn 0.7319 -0.6657 -0.1456
vn 0.5490 -0.6303 -0.5490
vn 0.7319 -0.6657 0.1456
vn 0.1456 -0.6657 0.7319
vn 0.5490 -0.6303 0.5490
vn -0.1296 -0.9831 0.1296
vn -0.1296 -0.1296 0.9831
vn -0.9831 -0.1296 0.1296
vn -0.1216 -0.8623 0.4915
vn -0.4915 -0.8623 0.1216
vn -0.4473 -0.7744 0.4473
vn -0.4915 -0.1216 0.8623
vn -0.1216 -0.4915 0.8623
vn -0.4473 -0.4473 0.7744
vn -0.8623 -0.4915 0.1216
vn -0.8623 -0.1216 0.4915
vn -0.7744 -0.4473 0.4473
vn -0.1296 0.1296 0.9831
vn -0.1296 0.9831 0.1296
vn -0.9831 0.1296 0.1296
vn -0.1216 0.4915 0.8623
vn -0.4915 0.1216 0.8623
vn -0.4473 0.4473 0.7744
vn -0.4915 0.8623 0.1216
vn -0.1216 0.8623 0.4915
vn -0.4473 0.7744 0.4473
vn -0.8623 0.1216 0.4915
vn -0.8623 0.4915 0.1216
vn -0.7744 0.4473 0.4474
vn -0.1296 -0.9831 -0.1296
vn -0.9831 -0.1296 -0.1296
vn -0.1296 -0.1296 -0.9831
vn -0.4915 -0.8623 -0.1216
vn -0.1216 -0.8623 -0.4915
vn -0.4473 -0.7744 -0.4473
vn -0.8623 -0.1216 -0.4915
vn -0.8623 -0.4915 -0.1216
vn -0.7744 -0.4473 -0.4473
vn -0.1216 -0.4915 -0.8623
vn -0.4915 -0.1216 -0.8623
vn -0.4473 -0.4473 -0.7744
vn -0.1296 0.9831 -0.1296
vn -0.1296 0.1296 -0.9831
vn -0.9831 0.1296 -0.1296
vn -0.1216 0.8623 -0.4915
vn -0.4915 0.8623 -0.1216
vn -0.4473 0.7744 -0.4473
vn -0.4915 0.1216 -0.8623
vn -0.1216 0.4915 -0.8623
vn -0.4473 0.4473 -0.7744
vn -0.8623 0.4915 -0.1216
vn -0.8623 0.1216 -0.4915
vn -0.7744 0.4473 -0.4473
vn 0.1296 -0.9831 0.1296
vn 0.9831 -0.1296 0.1296
vn 0.1296 -0.1296 0.9831
vn 0.4915 -0.8623 0.1216
vn 0.1216 -0.8623 0.4915
vn 0.4473 -0.7744 0.4473
vn 0.8623 -0.1216 0.4915
vn 0.8623 -0.4915 0.1216
vn 0.7744 -0.4473 0.4473
vn 0.1216 -0.4915 0.8623
vn 0.4915 -0.1216 0.8623
vn 0.4473 -0.4473 0.7744
vn 0.1296 0.9831 0.1296
vn 0.1296 0.1296 0.9831
vn 0.9831 0.1296 0.1296
vn 0.1216 0.8623 0.4915
vn 0.4915 0.8623 0.1216
vn 0.4473 0.7744 0.4473
vn 0.4915 0.1216 0.8623
vn 0.1216 0.4915 0.8623
vn 0.4473 0.4474 0.7744
vn 0.8623 0.4915 0.1216
vn 0.8623 0.1216 0.4915
vn 0.7744 0.4474 0.4473
vn 0.1296 -0.9831 -0.1296
vn 0.1296 -0.1296 -0.9831
vn 0.9831 -0.1296 -0.1296
vn 0.1216 -0.8623 -0.4915
vn 0.4915 -0.8623 -0.1216
vn 0.4473 -0.7744 -0.4473
vn 0.4915 -0.1216 -0.8623
vn 0.1216 -0.4915 -0.8623
vn 0.4473 -0.4474 -0.7744
vn 0.8623 -0.4915 -0.1216
vn 0.8623 -0.1216 -0.4915
vn 0.7744 -0.4473 -0.4473
vn 0.1296 0.9831 -0.1296
vn 0.9831 0.1296 -0.1296
vn 0.1296 0.1296 -0.9831
vn 0.4915 0.8623 -0.1216
vn 0.1216 0.8623 -0.4915
vn 0.4473 0.7744 -0.4473
vn 0.8623 0.1216 -0.4915
vn 0.8623 0.4915 -0.1216
vn 0.7744 0.4473 -0.4473
vn 0.1216 0.4915 -0.8623
vn 0.4915 0.1216 -0.8623
vn 0.4473 0.4473 -0.7744
vn -0.5774 0.5774 0.5773
vn -0.5774 0.5774 -0.5773
vn 0.5774 0.5774 0.5773
vn 0.5774 0.5774 -0.5773
vn 0.4473 0.4473 0.7744
vn 0.7744 0.4473 0.4473
vn 0.4473 -0.4473 -0.7744
vn -0.7304 -0.6731 0.1158
vn -0.0802 -0.6784 0.7303
vn -0.6310 -0.6466 0.4286
vn -0.3329 -0.6533 0.6800
vn -0.0802 -0.6784 -0.7303
vn -0.7304 -0.6731 -0.1158
vn -0.3329 -0.6533 -0.6799
vn -0.6310 -0.6467 -0.4286
vn 0.0802 -0.6784 0.7303
vn 0.7304 -0.6731 0.1158
vn 0.3329 -0.6533 0.6800
vn 0.6310 -0.6466 0.4286
vn 0.7304 -0.6731 -0.1158
vn 0.0802 -0.6784 -0.7303
vn 0.6310 -0.6467 -0.4286
vn 0.3329 -0.6533 -0.6799
vn 0.7298 -0.6739 -0.1150
vn 0.0797 -0.6832 -0.7258
vn 0.0797 -0.6832 0.7258
vn 0.7298 -0.6739 0.1150
vn -0.0797 -0.6832 -0.7258
vn -0.7298 -0.6739 -0.1150
vn -0.7298 -0.6739 0.1150
vn -0.0797 -0.6832 0.7258
vn -0.1192 -0.0859 0.9892
vn -0.9917 -0.0177 0.1275
vn -0.4715 -0.0741 0.8788
vn -0.8563 -0.0522 0.5138
vn -0.9917 -0.0177 -0.1275
vn -0.1192 -0.0859 -0.9891
vn -0.8563 -0.0523 -0.5138
vn -0.4715 -0.0742 -0.8787
vn 0.9917 -0.0177 0.1275
vn 0.1192 -0.0859 0.9892
vn 0.8563 -0.0522 0.5137
vn 0.4715 -0.0741 0.8788
vn 0.1192 -0.0859 -0.9891
vn 0.9917 -0.0177 -0.1275
vn 0.4715 -0.0742 -0.8787
vn 0.8563 -0.0523 -0.5137
vn -0.9900 0.0460 -0.1337
vn 0.8563 -0.0522 0.5138
vn 0.8563 -0.0523 -0.5138
vn -0.8563 -0.0522 0.5137
vn -0.8564 -0.0523 -0.5137
vt 0.028180 0.468103
vt 0.031148 0.465146
vt 0.031889 0.470868
vt 0.027934 0.472834
vt 0.056706 0.279374
vt 0.054164 0.279394
vt 0.054208 0.274397
vt 0.056663 0.274394
vt 0.014887 0.765689
vt 0.016530 0.489117
vt 0.019556 0.486496
vt 0.019274 0.765690
vt 0.022902 0.480987
vt 0.024850 0.481000
vt 0.025009 0.485021
vt 0.022745 0.485034
vt 0.031019 0.300171
vt 0.028059 0.297217
vt 0.025067 0.000000
vt 0.024887 0.280324
vt 0.022625 0.280337
vt 0.022560 0.000000
vt 0.016430 0.276262
vt 0.014897 0.000000
vt 0.019279 0.000000
vt 0.019448 0.278875
vt 0.015288 0.477189
vt 0.019853 0.477291
vt 0.019809 0.481764
vt 0.015855 0.483451
vt 0.032731 0.000003
vt 0.031094 0.276246
vt 0.028072 0.278863
vt 0.028348 0.000002
vt 0.022559 0.765692
vt 0.025069 0.765692
vt 0.056655 0.478932
vt 0.056703 0.753285
vt 0.054247 0.753285
vt 0.054200 0.478935
vt 0.024730 0.284366
vt 0.022784 0.284353
vt 0.024683 0.288060
vt 0.022838 0.288042
vt 0.024737 0.291751
vt 0.022789 0.291738
vt 0.025002 0.469556
vt 0.022736 0.469567
vt 0.022632 0.295784
vt 0.024896 0.295772
vt 0.022949 0.477288
vt 0.024796 0.477307
vt 0.022895 0.473594
vt 0.024845 0.473607
vt 0.056651 0.294563
vt 0.054198 0.294565
vt 0.054157 0.289510
vt 0.056698 0.289492
vt 0.054178 0.284435
vt 0.056685 0.284417
vt 0.032458 0.477204
vt 0.027893 0.477306
vt 0.019704 0.283584
vt 0.015764 0.281904
vt 0.019745 0.288043
vt 0.015185 0.288144
vt 0.019704 0.292509
vt 0.015754 0.294473
vt 0.056699 0.473936
vt 0.054157 0.473955
vt 0.054178 0.468913
vt 0.056685 0.468895
vt 0.054165 0.463839
vt 0.056706 0.463821
vt 0.054212 0.458769
vt 0.056665 0.458767
vt 0.016607 0.465165
vt 0.016491 0.300190
vt 0.019459 0.297235
vt 0.019568 0.468121
vt 0.015871 0.470869
vt 0.019814 0.472828
vt 0.031879 0.483452
vt 0.027933 0.481770
vt 0.031212 0.489101
vt 0.028190 0.486484
vt 0.031768 0.281905
vt 0.027819 0.283590
vt 0.032334 0.288159
vt 0.027775 0.288058
vt 0.031753 0.294472
vt 0.027814 0.292515
vt 0.056615 -0.000000
vt 0.054159 0.000000
vt 0.027041 0.296446
vt 0.026700 0.292089
vt 0.025980 0.295930
vt 0.025684 0.291826
vt 0.020821 0.292081
vt 0.020484 0.296459
vt 0.021839 0.291816
vt 0.021547 0.295942
vt 0.026614 0.288058
vt 0.025592 0.288059
vt 0.020906 0.288043
vt 0.021928 0.288043
vt 0.026699 0.284021
vt 0.025679 0.284287
vt 0.020821 0.284013
vt 0.021838 0.284277
vt 0.027039 0.279644
vt 0.025972 0.280165
vt 0.020479 0.279655
vt 0.021544 0.280176
vt 0.020587 0.468892
vt 0.020929 0.473255
vt 0.021651 0.469409
vt 0.021947 0.473518
vt 0.026816 0.473263
vt 0.027154 0.468879
vt 0.025796 0.473528
vt 0.026088 0.469397
vt 0.021016 0.477290
vt 0.022039 0.477289
vt 0.026730 0.477305
vt 0.025707 0.477306
vt 0.020930 0.481333
vt 0.021951 0.481066
vt 0.026816 0.481341
vt 0.025797 0.481076
vt 0.020590 0.485714
vt 0.021658 0.485193
vt 0.027157 0.485703
vt 0.026091 0.485182
vt 0.057885 0.289363
vt 0.057809 0.294344
vt 0.059049 0.289005
vt 0.058893 0.293743
vt 0.060167 0.288552
vt 0.059899 0.292937
vt 0.057862 0.284412
vt 0.059074 0.284398
vt 0.060267 0.284380
vt 0.057892 0.279497
vt 0.059060 0.279831
vt 0.060186 0.280251
vt 0.057823 0.274608
vt 0.058913 0.275201
vt 0.059929 0.275990
vt 0.052978 0.463968
vt 0.053055 0.458988
vt 0.051815 0.464326
vt 0.051971 0.459589
vt 0.050697 0.464779
vt 0.050965 0.460395
vt 0.053002 0.468918
vt 0.051790 0.468932
vt 0.050597 0.468950
vt 0.052971 0.473833
vt 0.051804 0.473498
vt 0.050678 0.473078
vt 0.053041 0.478721
vt 0.051951 0.478128
vt 0.050935 0.477339
vt 0.057825 0.458986
vt 0.057891 0.463952
vt 0.058904 0.459587
vt 0.059052 0.464311
vt 0.059903 0.460390
vt 0.060168 0.464765
vt 0.057862 0.468901
vt 0.059073 0.468916
vt 0.060266 0.468935
vt 0.057886 0.473815
vt 0.059056 0.473482
vt 0.060182 0.473062
vt 0.057816 0.478715
vt 0.058908 0.478121
vt 0.059925 0.477331
vt 0.053038 0.294346
vt 0.052972 0.289379
vt 0.051959 0.293745
vt 0.051811 0.289020
vt 0.050960 0.292942
vt 0.050695 0.288566
vt 0.053001 0.284429
vt 0.051790 0.284414
vt 0.050597 0.284396
vt 0.052976 0.279514
vt 0.051807 0.279847
vt 0.050680 0.280267
vt 0.053047 0.274613
vt 0.051955 0.275208
vt 0.050938 0.275998
vt 0.057774 0.000001
vt 0.058844 0.000005
vt 0.059831 0.000010
vt 0.026256 0.765692
vt 0.027354 0.765692
vt 0.028354 0.765692
vt 0.050943 0.000011
vt 0.051930 0.000006
vt 0.053001 0.000002
vt 0.059919 0.753274
vt 0.058931 0.753280
vt 0.057861 0.753283
vt 0.051032 0.753276
vt 0.052019 0.753281
vt 0.053089 0.753284
vt 0.026252 0.000001
vt 0.027349 0.000001
vt 0.021372 0.765691
vt 0.020274 0.765691
vt 0.021375 0.000000
vt 0.020278 0.000000
vt 0.032742 0.765692
vt 0.037307 0.297589
vt 0.037553 0.292858
vt 0.033599 0.294824
vt 0.034339 0.300546
vt 0.066377 0.279374
vt 0.066334 0.274393
vt 0.063879 0.274397
vt 0.063834 0.279394
vt 0.050597 0.000003
vt 0.046209 0.000002
vt 0.045931 0.279196
vt 0.048957 0.276575
vt 0.042586 0.284705
vt 0.042742 0.280659
vt 0.040478 0.280671
vt 0.040637 0.284692
vt 0.034470 0.465521
vt 0.037430 0.468475
vt 0.040426 0.765692
vt 0.042933 0.765692
vt 0.042864 0.485355
vt 0.040603 0.485368
vt 0.049060 0.489430
vt 0.046042 0.486817
vt 0.046214 0.765692
vt 0.050597 0.765692
vt 0.050199 0.288503
vt 0.049632 0.282241
vt 0.045678 0.283928
vt 0.045634 0.288401
vt 0.032763 0.765689
vt 0.037145 0.765690
vt 0.037418 0.486829
vt 0.034395 0.489447
vt 0.042924 0.000000
vt 0.040414 0.000000
vt 0.066325 0.478932
vt 0.063871 0.478935
vt 0.063918 0.753285
vt 0.066374 0.753285
vt 0.040759 0.481326
vt 0.042705 0.481339
vt 0.040807 0.477632
vt 0.042652 0.477650
vt 0.040752 0.473942
vt 0.042701 0.473954
vt 0.040485 0.296137
vt 0.040594 0.469920
vt 0.042858 0.469909
vt 0.042751 0.296125
vt 0.042538 0.288404
vt 0.040691 0.288386
vt 0.042592 0.292099
vt 0.040642 0.292086
vt 0.066322 0.294563
vt 0.066369 0.289492
vt 0.063828 0.289510
vt 0.063868 0.294565
vt 0.066356 0.284417
vt 0.063849 0.284435
vt 0.037594 0.288387
vt 0.033029 0.288488
vt 0.045785 0.482108
vt 0.049726 0.483788
vt 0.045745 0.477649
vt 0.050304 0.477548
vt 0.045786 0.473183
vt 0.049736 0.471219
vt 0.066370 0.473936
vt 0.066356 0.468895
vt 0.063849 0.468913
vt 0.063828 0.473955
vt 0.066377 0.463820
vt 0.063836 0.463839
vt 0.066336 0.458767
vt 0.063883 0.458769
vt 0.048880 0.300527
vt 0.045919 0.297571
vt 0.046030 0.468457
vt 0.048998 0.465502
vt 0.049617 0.294824
vt 0.045673 0.292864
vt 0.037554 0.283922
vt 0.033608 0.282240
vt 0.037297 0.279208
vt 0.034275 0.276592
vt 0.033722 0.483788
vt 0.037671 0.482102
vt 0.033155 0.477533
vt 0.037714 0.477635
vt 0.033736 0.471220
vt 0.037675 0.473177
vt 0.066286 -0.000000
vt 0.063829 0.000000
vt 0.038789 0.473604
vt 0.038449 0.469246
vt 0.039805 0.473866
vt 0.039509 0.469762
vt 0.045006 0.469233
vt 0.044669 0.473611
vt 0.043943 0.469751
vt 0.043650 0.473876
vt 0.038876 0.477634
vt 0.039898 0.477633
vt 0.044583 0.477649
vt 0.043561 0.477649
vt 0.038791 0.481671
vt 0.039810 0.481405
vt 0.044669 0.481679
vt 0.043652 0.481415
vt 0.038451 0.486048
vt 0.039518 0.485527
vt 0.045010 0.486037
vt 0.043946 0.485516
vt 0.044558 0.292437
vt 0.044900 0.296800
vt 0.043541 0.292174
vt 0.043836 0.296284
vt 0.038333 0.296813
vt 0.038671 0.292429
vt 0.039399 0.296295
vt 0.039691 0.292164
vt 0.044471 0.288402
vt 0.043448 0.288403
vt 0.038757 0.288387
vt 0.039780 0.288386
vt 0.044557 0.284360
vt 0.043536 0.284627
vt 0.038672 0.284352
vt 0.039690 0.284616
vt 0.044897 0.279978
vt 0.043829 0.280499
vt 0.038330 0.279989
vt 0.039396 0.280510
vt 0.067480 0.294344
vt 0.067556 0.289363
vt 0.068563 0.293742
vt 0.068720 0.289005
vt 0.069570 0.292937
vt 0.069838 0.288552
vt 0.067533 0.284412
vt 0.068744 0.284398
vt 0.069938 0.284380
vt 0.067563 0.279496
vt 0.068731 0.279831
vt 0.069856 0.280251
vt 0.067493 0.274608
vt 0.068584 0.275201
vt 0.069600 0.275990
vt 0.062725 0.458987
vt 0.062649 0.463968
vt 0.061641 0.459589
vt 0.061485 0.464326
vt 0.060636 0.460395
vt 0.060368 0.464779
vt 0.062672 0.468918
vt 0.061461 0.468932
vt 0.060267 0.468950
vt 0.062642 0.473833
vt 0.061474 0.473498
vt 0.060349 0.473078
vt 0.062712 0.478720
vt 0.061621 0.478128
vt 0.060605 0.477339
vt 0.067562 0.463952
vt 0.067495 0.458986
vt 0.068723 0.464311
vt 0.068574 0.459587
vt 0.069839 0.464765
vt 0.069574 0.460390
vt 0.067532 0.468901
vt 0.068743 0.468916
vt 0.069936 0.468935
vt 0.067557 0.473815
vt 0.068726 0.473482
vt 0.069853 0.473062
vt 0.067486 0.478715
vt 0.068578 0.478121
vt 0.069595 0.477330
vt 0.062643 0.289379
vt 0.062709 0.294346
vt 0.061481 0.289020
vt 0.061630 0.293745
vt 0.060365 0.288566
vt 0.060630 0.292942
vt 0.062672 0.284429
vt 0.061461 0.284414
vt 0.060267 0.284395
vt 0.062647 0.279514
vt 0.061478 0.279847
vt 0.060351 0.280267
vt 0.062718 0.274613
vt 0.061626 0.275208
vt 0.060609 0.275998
vt 0.067444 0.000001
vt 0.068514 0.000005
vt 0.069502 0.000010
vt 0.039228 0.000000
vt 0.038130 0.000000
vt 0.037129 0.000000
vt 0.061601 0.000006
vt 0.060613 0.000011
vt 0.062671 0.000002
vt 0.068602 0.753279
vt 0.069589 0.753274
vt 0.067532 0.753283
vt 0.060702 0.753276
vt 0.061690 0.753281
vt 0.062760 0.753284
vt 0.039241 0.765691
vt 0.038144 0.765691
vt 0.044111 0.000001
vt 0.045209 0.000001
vt 0.044118 0.765692
vt 0.045215 0.765692
vt 0.032742 0.000000
vt 0.736683 0.212765
vt 0.735998 0.216601
vt 0.739291 0.215382
vt 0.739633 0.210443
vt 0.743203 0.225253
vt 0.743189 0.230494
vt 0.745812 0.230499
vt 0.745819 0.225253
vt 0.748543 0.261066
vt 0.752415 0.260990
vt 0.752738 0.227149
vt 0.749185 0.228878
vt 0.079597 0.581954
vt 0.079573 0.586825
vt 0.082073 0.586829
vt 0.082048 0.581971
vt 0.739610 0.050606
vt 0.736678 0.048279
vt 0.082018 0.349096
vt 0.079624 0.349050
vt 0.079532 0.386059
vt 0.082032 0.386063
vt 0.749232 0.032193
vt 0.752777 0.033930
vt 0.752595 0.000115
vt 0.748725 0.000023
vt 0.749948 0.220050
vt 0.749513 0.224245
vt 0.753249 0.223438
vt 0.753334 0.220037
vt 0.740521 0.000011
vt 0.736651 0.000085
vt 0.736321 0.033902
vt 0.739880 0.032177
vt 0.079586 0.623791
vt 0.081981 0.623837
vt 0.743251 0.030558
vt 0.745871 0.030562
vt 0.745721 0.000004
vt 0.743524 0.000005
vt 0.082008 0.390934
vt 0.079557 0.390917
vt 0.082005 0.395762
vt 0.079563 0.395743
vt 0.082011 0.400588
vt 0.079560 0.400571
vt 0.082068 0.567442
vt 0.082040 0.405447
vt 0.079537 0.405446
vt 0.079564 0.567441
vt 0.079600 0.577126
vt 0.082042 0.577145
vt 0.079593 0.572299
vt 0.082045 0.572316
vt 0.743175 0.208702
vt 0.743146 0.214360
vt 0.745929 0.214348
vt 0.745910 0.208699
vt 0.743112 0.220132
vt 0.745935 0.220112
vt 0.735723 0.220018
vt 0.739103 0.220047
vt 0.753270 0.037637
vt 0.749539 0.036818
vt 0.753340 0.041031
vt 0.749959 0.041002
vt 0.753064 0.044448
vt 0.749771 0.045667
vt 0.743243 0.035800
vt 0.743127 0.040936
vt 0.745950 0.040915
vt 0.745858 0.035800
vt 0.743133 0.046700
vt 0.745915 0.046688
vt 0.743152 0.052350
vt 0.745886 0.052347
vt 0.749451 0.210442
vt 0.752383 0.212770
vt 0.752379 0.048284
vt 0.749428 0.050606
vt 0.749777 0.215382
vt 0.753071 0.216614
vt 0.735793 0.223413
vt 0.739520 0.224235
vt 0.736287 0.227121
vt 0.739827 0.228862
vt 0.739552 0.036807
vt 0.735811 0.037612
vt 0.739112 0.040999
vt 0.735726 0.041012
vt 0.739284 0.045666
vt 0.735990 0.044435
vt 0.743340 0.261073
vt 0.745539 0.261073
vt 0.735080 0.044172
vt 0.735704 0.047632
vt 0.734271 0.044025
vt 0.734754 0.047212
vt 0.083192 0.400719
vt 0.083212 0.405666
vt 0.753348 0.047637
vt 0.753973 0.044187
vt 0.754293 0.047220
vt 0.754781 0.044043
vt 0.078359 0.405666
vt 0.078377 0.400703
vt 0.734827 0.041034
vt 0.734039 0.041052
vt 0.083211 0.395762
vt 0.754237 0.041057
vt 0.755024 0.041078
vt 0.078357 0.395743
vt 0.734929 0.037907
vt 0.734134 0.038083
vt 0.083191 0.390802
vt 0.754149 0.037936
vt 0.754942 0.038115
vt 0.078376 0.390785
vt 0.735416 0.034525
vt 0.734521 0.034936
vt 0.083208 0.385841
vt 0.753679 0.034557
vt 0.754571 0.034972
vt 0.078358 0.385836
vt 0.753981 0.216878
vt 0.753357 0.213417
vt 0.754791 0.217024
vt 0.754307 0.213837
vt 0.078412 0.572169
vt 0.078392 0.567222
vt 0.735714 0.213412
vt 0.735089 0.216862
vt 0.734768 0.213829
vt 0.734281 0.217007
vt 0.083246 0.567222
vt 0.083228 0.572185
vt 0.754234 0.220015
vt 0.755022 0.219997
vt 0.078393 0.577126
vt 0.734825 0.219993
vt 0.734039 0.219971
vt 0.083248 0.577145
vt 0.754131 0.223143
vt 0.754926 0.222967
vt 0.078414 0.582086
vt 0.734914 0.223114
vt 0.734121 0.222935
vt 0.083229 0.582103
vt 0.753644 0.226526
vt 0.754539 0.226114
vt 0.078397 0.587047
vt 0.735384 0.226494
vt 0.734492 0.226079
vt 0.083247 0.587052
vt 0.741907 0.208940
vt 0.741831 0.214499
vt 0.740726 0.209587
vt 0.740541 0.214887
vt 0.741782 0.220122
vt 0.740422 0.220086
vt 0.741960 0.225113
vt 0.740734 0.224725
vt 0.741986 0.230268
vt 0.740860 0.229657
vt 0.747155 0.052109
vt 0.747231 0.046549
vt 0.748335 0.051461
vt 0.748521 0.046161
vt 0.747280 0.040926
vt 0.748641 0.040962
vt 0.747100 0.035939
vt 0.748325 0.036327
vt 0.747073 0.030788
vt 0.748199 0.031399
vt 0.741819 0.046557
vt 0.741880 0.052110
vt 0.740532 0.046165
vt 0.740698 0.051461
vt 0.741794 0.040937
vt 0.740432 0.040965
vt 0.741999 0.035936
vt 0.740770 0.036320
vt 0.742046 0.030779
vt 0.740918 0.031386
vt 0.747242 0.214492
vt 0.747181 0.208938
vt 0.748530 0.214884
vt 0.748364 0.209587
vt 0.747266 0.220110
vt 0.748628 0.220083
vt 0.747065 0.225116
vt 0.748294 0.224732
vt 0.747017 0.230277
vt 0.748147 0.229670
vt 0.742261 0.261073
vt 0.741262 0.261065
vt 0.740335 0.261054
vt 0.083110 0.623994
vt 0.734531 0.260962
vt 0.735541 0.260961
vt 0.736462 0.260961
vt 0.747616 0.261074
vt 0.746617 0.261077
vt 0.741447 0.000003
vt 0.742446 0.000000
vt 0.747798 0.000011
vt 0.746800 0.000004
vt 0.083147 0.348917
vt 0.735730 0.000080
vt 0.734721 0.000075
vt 0.078458 0.623970
vt 0.753337 0.260995
vt 0.754347 0.261000
vt 0.078494 0.348894
vt 0.754525 0.000113
vt 0.753516 0.000114
vt 0.084374 0.342761
vt 0.084060 0.341797
vt 0.083210 0.341093
vt 0.082050 0.340838
vt 0.079529 0.340845
vt 0.078371 0.341107
vt 0.077525 0.341816
vt 0.077217 0.342782
vt 0.077231 0.347234
vt 0.077593 0.348209
vt 0.084043 0.348205
vt 0.084387 0.347212
vt 0.082076 0.632043
vt 0.083233 0.631781
vt 0.084080 0.631072
vt 0.084387 0.630106
vt 0.084374 0.625654
vt 0.084012 0.624679
vt 0.077562 0.624683
vt 0.077217 0.625675
vt 0.077231 0.630127
vt 0.077544 0.631091
vt 0.078395 0.631795
vt 0.079554 0.632050
vt 0.731298 0.525487
vt 0.734248 0.523165
vt 0.733905 0.528104
vt 0.730613 0.529323
vt 0.737818 0.537975
vt 0.740434 0.537975
vt 0.740427 0.543221
vt 0.737804 0.543216
vt 0.743158 0.573788
vt 0.743800 0.541600
vt 0.747352 0.539871
vt 0.747030 0.573713
vt 0.074728 0.390934
vt 0.072278 0.390917
vt 0.072252 0.386059
vt 0.074753 0.386063
vt 0.734225 0.363329
vt 0.731293 0.361001
vt 0.072307 0.623791
vt 0.072293 0.586825
vt 0.074793 0.586829
vt 0.074701 0.623837
vt 0.743847 0.344916
vt 0.743339 0.312745
vt 0.747210 0.312837
vt 0.747392 0.346653
vt 0.744563 0.532772
vt 0.747949 0.532760
vt 0.747863 0.536161
vt 0.744128 0.536968
vt 0.735136 0.312733
vt 0.734495 0.344899
vt 0.730936 0.346624
vt 0.731266 0.312807
vt 0.074739 0.349096
vt 0.072344 0.349050
vt 0.737865 0.343280
vt 0.738138 0.312727
vt 0.740336 0.312726
vt 0.740486 0.343284
vt 0.072317 0.581954
vt 0.074768 0.581971
vt 0.072320 0.577126
vt 0.074762 0.577145
vt 0.072314 0.572299
vt 0.074765 0.572316
vt 0.072257 0.405446
vt 0.074761 0.405447
vt 0.074788 0.567442
vt 0.072285 0.567441
vt 0.074725 0.395762
vt 0.072283 0.395743
vt 0.074732 0.400588
vt 0.072280 0.400571
vt 0.737790 0.521424
vt 0.740525 0.521421
vt 0.740544 0.527071
vt 0.737761 0.527082
vt 0.740549 0.532834
vt 0.737727 0.532854
vt 0.733718 0.532769
vt 0.730337 0.532741
vt 0.747885 0.350359
vt 0.744153 0.349540
vt 0.747955 0.353753
vt 0.744574 0.353724
vt 0.747679 0.357170
vt 0.744386 0.358389
vt 0.737858 0.348522
vt 0.740472 0.348522
vt 0.740565 0.353638
vt 0.737741 0.353658
vt 0.740530 0.359411
vt 0.737747 0.359422
vt 0.740501 0.365069
vt 0.737767 0.365072
vt 0.744066 0.523164
vt 0.744043 0.363328
vt 0.746993 0.361006
vt 0.746998 0.525492
vt 0.744392 0.528104
vt 0.747686 0.529336
vt 0.734135 0.536957
vt 0.730408 0.536135
vt 0.734441 0.541584
vt 0.730902 0.539843
vt 0.734166 0.349529
vt 0.730426 0.350334
vt 0.733727 0.353721
vt 0.730341 0.353734
vt 0.733899 0.358389
vt 0.730605 0.357158
vt 0.737955 0.573795
vt 0.740153 0.573795
vt 0.730319 0.360354
vt 0.729694 0.356894
vt 0.729369 0.359934
vt 0.728885 0.356747
vt 0.071133 0.572169
vt 0.071113 0.567222
vt 0.748588 0.356909
vt 0.747962 0.360359
vt 0.749396 0.356765
vt 0.748908 0.359942
vt 0.075967 0.567222
vt 0.075948 0.572185
vt 0.729442 0.353756
vt 0.728653 0.353775
vt 0.071114 0.577126
vt 0.748852 0.353779
vt 0.749639 0.353801
vt 0.075969 0.577145
vt 0.729544 0.350629
vt 0.728749 0.350805
vt 0.071134 0.582086
vt 0.748764 0.350658
vt 0.749557 0.350837
vt 0.075949 0.582103
vt 0.730030 0.347248
vt 0.729135 0.347659
vt 0.071117 0.587047
vt 0.748294 0.347279
vt 0.749186 0.347694
vt 0.075968 0.587052
vt 0.747972 0.526140
vt 0.748596 0.529600
vt 0.748922 0.526559
vt 0.749406 0.529747
vt 0.075913 0.400719
vt 0.075933 0.405666
vt 0.729703 0.529584
vt 0.730329 0.526134
vt 0.728895 0.529729
vt 0.729383 0.526551
vt 0.071079 0.405666
vt 0.071097 0.400703
vt 0.748849 0.532738
vt 0.749637 0.532719
vt 0.075932 0.395762
vt 0.729440 0.532715
vt 0.728653 0.532694
vt 0.071077 0.395743
vt 0.748745 0.535865
vt 0.749540 0.535689
vt 0.075911 0.390802
vt 0.729529 0.535837
vt 0.728736 0.535657
vt 0.071096 0.390785
vt 0.748259 0.539248
vt 0.749154 0.538836
vt 0.075928 0.385841
vt 0.729999 0.539216
vt 0.729107 0.538801
vt 0.071078 0.385836
vt 0.736446 0.527221
vt 0.736522 0.521662
vt 0.735156 0.527610
vt 0.735341 0.522310
vt 0.736397 0.532844
vt 0.735036 0.532809
vt 0.736575 0.537835
vt 0.735349 0.537447
vt 0.736601 0.542990
vt 0.735475 0.542379
vt 0.741845 0.359272
vt 0.741769 0.364831
vt 0.743136 0.358883
vt 0.742950 0.364183
vt 0.741895 0.353648
vt 0.743256 0.353684
vt 0.741715 0.348662
vt 0.742940 0.349050
vt 0.741688 0.343510
vt 0.742813 0.344121
vt 0.736495 0.364833
vt 0.736434 0.359279
vt 0.735312 0.364184
vt 0.735146 0.358887
vt 0.736409 0.353659
vt 0.735047 0.353688
vt 0.736614 0.348658
vt 0.735384 0.349043
vt 0.736661 0.343501
vt 0.735532 0.344108
vt 0.741796 0.521660
vt 0.741857 0.527214
vt 0.742979 0.522310
vt 0.743144 0.527606
vt 0.741881 0.532833
vt 0.743243 0.532805
vt 0.741679 0.537839
vt 0.742909 0.537454
vt 0.741632 0.543000
vt 0.742761 0.542392
vt 0.736876 0.573795
vt 0.735876 0.573788
vt 0.734949 0.573776
vt 0.071215 0.348894
vt 0.729145 0.573684
vt 0.730155 0.573683
vt 0.731077 0.573683
vt 0.742231 0.573796
vt 0.741232 0.573799
vt 0.736062 0.312725
vt 0.737060 0.312722
vt 0.742413 0.312734
vt 0.741414 0.312726
vt 0.071179 0.623970
vt 0.729336 0.312797
vt 0.730345 0.312803
vt 0.075867 0.348917
vt 0.748961 0.573723
vt 0.747951 0.573717
vt 0.075831 0.623994
vt 0.749140 0.312836
vt 0.748130 0.312837
vt 0.069951 0.630127
vt 0.069938 0.625675
vt 0.070283 0.624683
vt 0.076732 0.624679
vt 0.077094 0.625654
vt 0.077108 0.630106
vt 0.076800 0.631072
vt 0.075954 0.631781
vt 0.074796 0.632043
vt 0.072275 0.632050
vt 0.071115 0.631795
vt 0.070265 0.631091
vt 0.072250 0.340845
vt 0.074771 0.340838
vt 0.075930 0.341093
vt 0.076781 0.341797
vt 0.077094 0.342761
vt 0.077108 0.347213
vt 0.076763 0.348205
vt 0.070313 0.348209
vt 0.069951 0.347234
vt 0.069938 0.342782
vt 0.070245 0.341816
vt 0.071092 0.341107
vt 0.284871 0.312889
vt 0.287224 0.312722
vt 0.287427 0.315344
vt 0.286457 0.315478
vt 0.289891 0.618157
vt 0.289492 0.620304
vt 0.287560 0.621138
vt 0.287493 0.620129
vt 0.088935 0.621795
vt 0.086883 0.621294
vt 0.086938 0.619552
vt 0.087750 0.619516
vt 0.084387 0.318620
vt 0.084968 0.316596
vt 0.086840 0.316646
vt 0.086803 0.317453
vt 0.503194 0.631217
vt 0.503681 0.622987
vt 0.512326 0.622502
vt 0.512308 0.631187
vt 0.000000 0.193878
vt 0.007443 0.193878
vt 0.007443 0.202494
vt 0.001183 0.201310
vt 0.000000 0.491543
vt 0.007443 0.491543
vt 0.007443 0.499408
vt 0.000000 0.499408
vt 0.001183 0.000000
vt 0.007443 0.001183
vt 0.007443 0.183018
vt 0.001183 0.184202
vt 0.007443 0.481117
vt 0.001184 0.482300
vt 0.090928 0.320598
vt 0.085161 0.320566
vt 0.086585 0.317374
vt 0.087750 0.317383
vt 0.084968 0.619456
vt 0.084387 0.617435
vt 0.086797 0.618602
vt 0.086837 0.619406
vt 0.090927 0.615456
vt 0.085160 0.615488
vt 0.289407 0.315246
vt 0.290037 0.317642
vt 0.287522 0.316438
vt 0.287473 0.315528
vt 0.289158 0.319917
vt 0.283199 0.320124
vt 0.286491 0.316470
vt 0.287763 0.316418
vt 0.283199 0.615937
vt 0.289172 0.616093
vt 0.287849 0.620127
vt 0.286531 0.620014
vt 0.503317 0.917578
vt 0.502870 0.909380
vt 0.511965 0.909439
vt 0.511953 0.918130
vt 0.283043 0.314285
vt 0.286459 0.315283
vt 0.001184 0.700719
vt 0.007443 0.701902
vt 0.007443 0.980525
vt 0.001183 0.981708
vt 0.694020 0.631183
vt 0.694165 0.909492
vt 0.087753 0.316536
vt 0.087737 0.316422
vt 0.087725 0.316308
vt 0.086696 0.317412
vt 0.086881 0.316566
vt 0.086941 0.316500
vt 0.000000 0.693286
vt 0.007443 0.693286
vt 0.001184 0.501775
vt 0.007443 0.501775
vt 0.007443 0.682427
vt 0.001184 0.683610
vt 0.007443 0.192067
vt 0.000000 0.192067
vt 0.090888 0.620959
vt 0.087723 0.619744
vt 0.087749 0.618669
vt 0.287261 0.622048
vt 0.285485 0.622217
vt 0.286582 0.621203
vt 0.287353 0.621494
vt 0.283027 0.621734
vt 0.007443 0.989140
vt -0.000000 0.989140
vt 0.090889 0.315094
vt 0.287461 0.315431
vt 0.287644 0.316426
vt 0.286458 0.315380
vt 0.287674 0.620135
vt 0.287477 0.621327
vt 0.286528 0.621250
vt 0.286475 0.621282
vt 0.087734 0.619630
vt 0.086878 0.619486
vt 0.086693 0.618641
vt 0.086585 0.618677
vt 0.007443 0.489732
vt 0.000000 0.489732
vt -0.000000 0.990952
vt 0.007443 0.990952
vt 0.007443 1.000000
vt 0.001183 0.998817
vt 0.703127 0.631213
vt 0.703290 0.909457
vt 0.694006 0.622505
vt 0.702634 0.622993
vt 0.694148 0.918193
vt 0.702813 0.917700
vt 0.007443 0.691475
vt 0.000000 0.691475
vt 0.702958 0.621272
vt 0.703826 0.621792
vt 0.703328 0.622294
vt 0.702693 0.622157
vt 0.704353 0.622657
vt 0.703469 0.622926
vt 0.502844 0.622922
vt 0.502984 0.622288
vt 0.503618 0.622150
vt 0.501959 0.622654
vt 0.502484 0.621787
vt 0.503353 0.621264
vt 0.703651 0.917764
vt 0.703512 0.918399
vt 0.702876 0.918539
vt 0.704539 0.918032
vt 0.704013 0.918901
vt 0.703144 0.919426
vt 0.503247 0.918410
vt 0.502621 0.918266
vt 0.502486 0.917638
vt 0.502977 0.919274
vt 0.502126 0.918758
vt 0.501607 0.917899
vt 0.282040 0.623796
vt 0.282705 0.622777
vt 0.283519 0.622664
vt 0.283636 0.623000
vt 0.284078 0.622118
vt 0.510695 0.919865
vt 0.511332 0.918992
vt 0.511917 0.919208
vt 0.511893 0.919917
vt 0.512515 0.919033
vt 0.513090 0.919945
vt 0.007443 0.990046
vt -0.000000 0.990046
vt 0.512299 0.621598
vt 0.512271 0.620701
vt 0.000000 0.192972
vt 0.007443 0.192972
vt 0.501968 0.909406
vt 0.501072 0.909434
vt 0.000000 0.490638
vt 0.007443 0.490638
vt 0.694175 0.919100
vt 0.694204 0.920000
vt 0.000000 0.692381
vt 0.007443 0.692381
vt 0.704030 0.631185
vt 0.704928 0.631153
vt 0.289608 0.318911
vt 0.289540 0.617001
vt 0.502291 0.631188
vt 0.501393 0.631157
vt 0.084767 0.616331
vt 0.084767 0.319723
vt 0.704195 0.909485
vt 0.705093 0.909514
vt 0.090045 0.314666
vt 0.283823 0.313583
vt 0.088938 0.314255
vt 0.694033 0.621597
vt 0.694062 0.620701
vt 0.090043 0.621386
vt 0.000346 0.500590
vt 0.007443 0.500592
vt 0.288380 0.313930
vt 0.288420 0.621236
vt 0.085880 0.315628
vt 0.086884 0.314757
vt 0.085879 0.620424
vt 0.295299 0.298486
vt 0.292540 0.297626
vt 0.292732 0.014739
vt 0.295422 0.013997
vt 0.098179 0.312722
vt 0.099042 0.309938
vt 0.280653 0.309566
vt 0.281421 0.312280
vt 0.101600 0.295348
vt 0.101723 0.017503
vt 0.278230 0.017391
vt 0.277979 0.295051
vt 0.281687 0.000000
vt 0.280807 0.002791
vt 0.099046 0.002976
vt 0.098291 0.000265
vt 0.084387 0.014042
vt 0.087155 0.014909
vt 0.087085 0.298020
vt 0.084387 0.298779
vt 0.692106 0.605571
vt 0.696871 0.605763
vt 0.696795 0.610256
vt 0.692308 0.610348
vt 0.701859 0.606553
vt 0.700044 0.611028
vt 0.707119 0.607922
vt 0.704756 0.613777
vt 0.700124 0.618246
vt 0.697628 0.613554
vt 0.694399 0.620477
vt 0.693116 0.615326
vt 0.287731 0.016270
vt 0.285900 0.012020
vt 0.290246 0.009594
vt 0.282921 0.017128
vt 0.282722 0.012778
vt 0.278409 0.012738
vt 0.279242 0.007893
vt 0.283496 0.009700
vt 0.286074 0.005375
vt 0.516026 0.605718
vt 0.515832 0.610479
vt 0.511335 0.610400
vt 0.511248 0.605913
vt 0.515042 0.615474
vt 0.510505 0.613704
vt 0.513744 0.620701
vt 0.507989 0.618416
vt 0.503381 0.613909
vt 0.508086 0.611175
vt 0.501072 0.608062
vt 0.506269 0.606714
vt 0.097074 0.017295
vt 0.097141 0.012955
vt 0.101478 0.012835
vt 0.092239 0.016461
vt 0.094032 0.012210
vt 0.089707 0.009659
vt 0.093891 0.005476
vt 0.096305 0.009805
vt 0.100586 0.007996
vt 0.692669 0.327751
vt 0.692839 0.322974
vt 0.697316 0.323032
vt 0.697473 0.327543
vt 0.693640 0.317964
vt 0.698180 0.319759
vt 0.694956 0.312722
vt 0.700730 0.315042
vt 0.705329 0.319598
vt 0.700593 0.322337
vt 0.707633 0.325441
vt 0.702437 0.326782
vt 0.282641 0.295251
vt 0.282576 0.299566
vt 0.278227 0.299735
vt 0.287488 0.296115
vt 0.285685 0.300413
vt 0.290017 0.302830
vt 0.285831 0.307021
vt 0.283252 0.302689
vt 0.279067 0.304540
vt 0.516068 0.328007
vt 0.511289 0.327834
vt 0.511348 0.323362
vt 0.515856 0.323204
vt 0.506288 0.327029
vt 0.508080 0.322500
vt 0.501072 0.325714
vt 0.503375 0.319961
vt 0.507910 0.315362
vt 0.510652 0.320089
vt 0.513741 0.313042
vt 0.515091 0.318243
vt 0.101406 0.300006
vt 0.097086 0.299946
vt 0.096915 0.295595
vt 0.100550 0.304861
vt 0.096239 0.303060
vt 0.093815 0.307404
vt 0.089622 0.303201
vt 0.093959 0.300623
vt 0.092106 0.296436
vt 0.292871 0.007830
vt 0.287959 0.002772
vt 0.087106 0.007796
vt 0.092115 0.002858
vt 0.091947 0.310003
vt 0.086996 0.304983
vt 0.292607 0.304686
vt 0.287619 0.309641
vt 0.495906 0.312889
vt 0.498259 0.312722
vt 0.498462 0.315344
vt 0.497492 0.315478
vt 0.500926 0.618157
vt 0.500527 0.620304
vt 0.498595 0.621138
vt 0.498528 0.620129
vt 0.299970 0.621795
vt 0.297918 0.621294
vt 0.297973 0.619552
vt 0.298785 0.619516
vt 0.295422 0.318620
vt 0.296003 0.316596
vt 0.297875 0.316646
vt 0.297838 0.317453
vt 0.286286 0.912579
vt 0.285800 0.920809
vt 0.277154 0.921294
vt 0.277172 0.912609
vt 0.007443 0.193878
vt 0.014886 0.193878
vt 0.014886 0.202494
vt 0.008627 0.201310
vt 0.007444 0.491543
vt 0.014887 0.491543
vt 0.014887 0.499408
vt 0.007444 0.499408
vt 0.008626 0.000000
vt 0.014886 0.001183
vt 0.014886 0.183018
vt 0.008627 0.184202
vt 0.014887 0.481117
vt 0.008627 0.482300
vt 0.301963 0.320598
vt 0.296196 0.320566
vt 0.297620 0.317374
vt 0.298785 0.317383
vt 0.296003 0.619456
vt 0.295422 0.617435
vt 0.297833 0.618602
vt 0.297872 0.619406
vt 0.301962 0.615456
vt 0.296195 0.615488
vt 0.500442 0.315246
vt 0.501072 0.317642
vt 0.498557 0.316438
vt 0.498508 0.315528
vt 0.500193 0.319917
vt 0.494234 0.320123
vt 0.497526 0.316470
vt 0.498798 0.316418
vt 0.494234 0.615937
vt 0.500208 0.616093
vt 0.498884 0.620127
vt 0.497566 0.620014
vt 0.286163 0.626218
vt 0.286611 0.634416
vt 0.277516 0.634357
vt 0.277528 0.625666
vt 0.494079 0.314285
vt 0.497495 0.315283
vt 0.008627 0.700719
vt 0.014887 0.701902
vt 0.014886 0.980525
vt 0.008627 0.981708
vt 0.095460 0.912613
vt 0.095315 0.634304
vt 0.298788 0.316536
vt 0.298772 0.316422
vt 0.298760 0.316308
vt 0.297731 0.317412
vt 0.297916 0.316566
vt 0.297976 0.316500
vt 0.007443 0.693286
vt 0.014887 0.693286
vt 0.008627 0.501775
vt 0.014887 0.501775
vt 0.014887 0.682427
vt 0.008627 0.683610
vt 0.014886 0.192067
vt 0.007443 0.192067
vt 0.301923 0.620959
vt 0.298758 0.619744
vt 0.298784 0.618669
vt 0.498296 0.622048
vt 0.496520 0.622217
vt 0.497618 0.621203
vt 0.498389 0.621494
vt 0.494062 0.621734
vt 0.014886 0.989140
vt 0.007443 0.989140
vt 0.301925 0.315094
vt 0.498496 0.315431
vt 0.498679 0.316426
vt 0.497494 0.315380
vt 0.498709 0.620135
vt 0.498512 0.621327
vt 0.497563 0.621250
vt 0.497510 0.621282
vt 0.298770 0.619630
vt 0.297913 0.619486
vt 0.297728 0.618641
vt 0.297620 0.618677
vt 0.014887 0.489732
vt 0.007444 0.489732
vt 0.007443 0.990952
vt 0.014886 0.990952
vt 0.014886 1.000000
vt 0.008627 0.998817
vt 0.086353 0.912582
vt 0.086190 0.634338
vt 0.095475 0.921291
vt 0.086846 0.920803
vt 0.095332 0.625603
vt 0.086668 0.626096
vt 0.014887 0.691475
vt 0.007444 0.691475
vt 0.086523 0.922524
vt 0.085655 0.922004
vt 0.086153 0.921502
vt 0.086787 0.921639
vt 0.085127 0.921139
vt 0.086011 0.920869
vt 0.286637 0.920874
vt 0.286496 0.921507
vt 0.285862 0.921646
vt 0.287522 0.921142
vt 0.286996 0.922009
vt 0.286128 0.922532
vt 0.085829 0.626032
vt 0.085969 0.625397
vt 0.086604 0.625257
vt 0.084942 0.625764
vt 0.085467 0.624895
vt 0.086337 0.624370
vt 0.286234 0.625386
vt 0.286859 0.625530
vt 0.286994 0.626158
vt 0.286503 0.624521
vt 0.287355 0.625038
vt 0.287873 0.625897
vt 0.493076 0.623796
vt 0.493740 0.622777
vt 0.494554 0.622664
vt 0.494671 0.623000
vt 0.495114 0.622118
vt 0.278786 0.623931
vt 0.278149 0.624804
vt 0.277564 0.624588
vt 0.277588 0.623879
vt 0.276965 0.624763
vt 0.276391 0.623851
vt 0.014886 0.990046
vt 0.007443 0.990046
vt 0.277181 0.922197
vt 0.277210 0.923095
vt 0.007443 0.192972
vt 0.014886 0.192972
vt 0.287512 0.634390
vt 0.288408 0.634362
vt 0.007444 0.490638
vt 0.014887 0.490638
vt 0.095306 0.624696
vt 0.095276 0.623796
vt 0.007444 0.692381
vt 0.014887 0.692381
vt 0.085450 0.912611
vt 0.084552 0.912642
vt 0.500643 0.318911
vt 0.500576 0.617001
vt 0.287190 0.912608
vt 0.288088 0.912639
vt 0.295802 0.616331
vt 0.295802 0.319723
vt 0.085286 0.634311
vt 0.084387 0.634282
vt 0.301080 0.314666
vt 0.494858 0.313583
vt 0.299973 0.314255
vt 0.095447 0.922199
vt 0.095418 0.923095
vt 0.301078 0.621386
vt 0.007789 0.500590
vt 0.014887 0.500592
vt 0.499415 0.313930
vt 0.499455 0.621236
vt 0.296915 0.315628
vt 0.297919 0.314757
vt 0.296914 0.620424
vt 0.506334 0.298486
vt 0.503575 0.297626
vt 0.503767 0.014739
vt 0.506458 0.013997
vt 0.309214 0.312722
vt 0.310077 0.309938
vt 0.491688 0.309566
vt 0.492456 0.312280
vt 0.312636 0.295348
vt 0.312758 0.017503
vt 0.489265 0.017391
vt 0.489014 0.295051
vt 0.492722 -0.000000
vt 0.491842 0.002791
vt 0.310081 0.002976
vt 0.309326 0.000264
vt 0.295422 0.014042
vt 0.298190 0.014909
vt 0.298120 0.298020
vt 0.295422 0.298779
vt 0.697491 0.292849
vt 0.702256 0.293040
vt 0.702180 0.297534
vt 0.697693 0.297626
vt 0.707244 0.293830
vt 0.705429 0.298306
vt 0.712504 0.295200
vt 0.710141 0.301054
vt 0.705509 0.305524
vt 0.703013 0.300831
vt 0.699784 0.307754
vt 0.698501 0.302604
vt 0.498766 0.016270
vt 0.496935 0.012020
vt 0.501281 0.009594
vt 0.493957 0.017128
vt 0.493757 0.012778
vt 0.489444 0.012738
vt 0.490278 0.007893
vt 0.494531 0.009700
vt 0.497109 0.005375
vt 0.521411 0.292996
vt 0.521218 0.297756
vt 0.516721 0.297678
vt 0.516633 0.293190
vt 0.520427 0.302751
vt 0.515891 0.300981
vt 0.519130 0.307978
vt 0.513374 0.305693
vt 0.508766 0.301187
vt 0.513472 0.298453
vt 0.506458 0.295339
vt 0.511654 0.293991
vt 0.308110 0.017295
vt 0.308176 0.012955
vt 0.312514 0.012835
vt 0.303274 0.016461
vt 0.305067 0.012210
vt 0.300742 0.009659
vt 0.304926 0.005476
vt 0.307340 0.009805
vt 0.311621 0.007996
vt 0.698054 0.015029
vt 0.698225 0.010252
vt 0.702702 0.010310
vt 0.702858 0.014821
vt 0.699025 0.005242
vt 0.703565 0.007037
vt 0.700342 0.000000
vt 0.706115 0.002320
vt 0.710714 0.006875
vt 0.705978 0.009615
vt 0.713019 0.012719
vt 0.707822 0.014059
vt 0.493676 0.295251
vt 0.493611 0.299566
vt 0.489262 0.299734
vt 0.498523 0.296115
vt 0.496721 0.300413
vt 0.501052 0.302830
vt 0.496866 0.307021
vt 0.494287 0.302689
vt 0.490102 0.304540
vt 0.521453 0.015284
vt 0.516674 0.015111
vt 0.516733 0.010640
vt 0.521242 0.010482
vt 0.511673 0.014307
vt 0.513465 0.009778
vt 0.506458 0.012992
vt 0.508761 0.007238
vt 0.513295 0.002640
vt 0.516037 0.007367
vt 0.519126 0.000319
vt 0.520476 0.005521
vt 0.312441 0.300006
vt 0.308121 0.299946
vt 0.307950 0.295595
vt 0.311586 0.304861
vt 0.307275 0.303060
vt 0.304850 0.307404
vt 0.300657 0.303201
vt 0.304995 0.300623
vt 0.303141 0.296436
vt 0.503906 0.007830
vt 0.498994 0.002772
vt 0.298141 0.007795
vt 0.303151 0.002858
vt 0.302982 0.310003
vt 0.298031 0.304983
vt 0.503643 0.304686
vt 0.498654 0.309641
vt 0.710289 0.550655
vt 0.709601 0.554492
vt 0.712897 0.553277
vt 0.713242 0.548332
vt 0.716813 0.563176
vt 0.716803 0.568444
vt 0.719421 0.568448
vt 0.719433 0.563177
vt 0.722230 0.624108
vt 0.726305 0.624045
vt 0.726366 0.565080
vt 0.722814 0.566820
vt 0.081964 0.074749
vt 0.081988 0.069870
vt 0.079484 0.069866
vt 0.079510 0.074732
vt 0.713228 0.388408
vt 0.710295 0.386081
vt 0.079549 0.332512
vt 0.081961 0.332560
vt 0.082066 0.270971
vt 0.079561 0.270967
vt 0.722866 0.369959
vt 0.726408 0.371707
vt 0.726623 0.312832
vt 0.722553 0.312749
vt 0.723572 0.557953
vt 0.723139 0.562163
vt 0.726884 0.561340
vt 0.726964 0.557933
vt 0.714069 0.312730
vt 0.710000 0.312793
vt 0.709930 0.371676
vt 0.713486 0.369941
vt 0.082001 0.008326
vt 0.079589 0.008278
vt 0.716875 0.368315
vt 0.719489 0.368319
vt 0.719464 0.312729
vt 0.717159 0.312725
vt 0.079586 0.266088
vt 0.082040 0.266105
vt 0.079588 0.261254
vt 0.082033 0.261273
vt 0.079581 0.256422
vt 0.082036 0.256439
vt 0.079491 0.089281
vt 0.079551 0.251556
vt 0.082058 0.251557
vt 0.081999 0.089282
vt 0.081962 0.079584
vt 0.079516 0.079564
vt 0.081969 0.084416
vt 0.079514 0.084399
vt 0.716790 0.546590
vt 0.716758 0.552256
vt 0.719544 0.552244
vt 0.719526 0.546589
vt 0.716723 0.558039
vt 0.719549 0.558019
vt 0.709319 0.557912
vt 0.712705 0.557949
vt 0.726906 0.375440
vt 0.723169 0.374604
vt 0.726969 0.378837
vt 0.723585 0.378799
vt 0.726687 0.382254
vt 0.723393 0.383468
vt 0.716863 0.373579
vt 0.716745 0.378729
vt 0.719570 0.378709
vt 0.719478 0.373579
vt 0.716751 0.384500
vt 0.719534 0.384489
vt 0.716767 0.390151
vt 0.719503 0.390150
vt 0.723070 0.548334
vt 0.726004 0.550662
vt 0.725999 0.386088
vt 0.723047 0.388409
vt 0.723397 0.553278
vt 0.726695 0.554507
vt 0.709383 0.561312
vt 0.713118 0.562151
vt 0.709882 0.565049
vt 0.713421 0.566802
vt 0.713161 0.374592
vt 0.709414 0.375412
vt 0.712724 0.378795
vt 0.709335 0.378816
vt 0.712900 0.383467
vt 0.709604 0.382239
vt 0.716829 0.624110
vt 0.719137 0.624114
vt 0.708693 0.381976
vt 0.709321 0.385434
vt 0.707884 0.381831
vt 0.708371 0.385015
vt 0.078398 0.256291
vt 0.078377 0.251337
vt 0.726968 0.385442
vt 0.727597 0.381994
vt 0.727913 0.385026
vt 0.728405 0.381851
vt 0.083238 0.251336
vt 0.083221 0.256306
vt 0.708435 0.378840
vt 0.707647 0.378860
vt 0.078380 0.261254
vt 0.727867 0.378865
vt 0.728653 0.378889
vt 0.083241 0.261273
vt 0.708530 0.375710
vt 0.707734 0.375889
vt 0.078401 0.266221
vt 0.727787 0.375742
vt 0.728581 0.375924
vt 0.083223 0.266237
vt 0.709014 0.372311
vt 0.708110 0.372731
vt 0.078383 0.271189
vt 0.727320 0.372346
vt 0.728222 0.372770
vt 0.083243 0.271194
vt 0.727606 0.554770
vt 0.726979 0.551310
vt 0.728416 0.554916
vt 0.727929 0.551729
vt 0.083151 0.084546
vt 0.083173 0.089500
vt 0.709320 0.551302
vt 0.708690 0.554753
vt 0.708374 0.551718
vt 0.707882 0.554896
vt 0.078311 0.089502
vt 0.078329 0.084531
vt 0.727865 0.557909
vt 0.728653 0.557889
vt 0.083169 0.079583
vt 0.708421 0.557884
vt 0.707633 0.557860
vt 0.078309 0.079565
vt 0.727769 0.561042
vt 0.728565 0.560863
vt 0.083149 0.074617
vt 0.708501 0.561010
vt 0.707707 0.560828
vt 0.078327 0.074601
vt 0.727284 0.564444
vt 0.728189 0.564023
vt 0.083167 0.069648
vt 0.708969 0.564409
vt 0.708067 0.563985
vt 0.078307 0.069643
vt 0.715521 0.546828
vt 0.715441 0.552394
vt 0.714336 0.547476
vt 0.714149 0.552782
vt 0.715390 0.558028
vt 0.714027 0.557991
vt 0.715566 0.563036
vt 0.714336 0.562645
vt 0.715595 0.568216
vt 0.714464 0.567602
vt 0.720772 0.389912
vt 0.720850 0.384350
vt 0.721954 0.389264
vt 0.722142 0.383962
vt 0.720903 0.378720
vt 0.722265 0.378757
vt 0.720724 0.373720
vt 0.721953 0.374110
vt 0.720695 0.368547
vt 0.721825 0.369160
vt 0.715437 0.384357
vt 0.715496 0.389912
vt 0.714148 0.383965
vt 0.714315 0.389263
vt 0.715411 0.378730
vt 0.714047 0.378760
vt 0.715615 0.373716
vt 0.714382 0.374102
vt 0.715666 0.368537
vt 0.714532 0.369146
vt 0.720859 0.552388
vt 0.720798 0.546828
vt 0.722148 0.552780
vt 0.721982 0.547478
vt 0.720884 0.558017
vt 0.722249 0.557988
vt 0.720683 0.563040
vt 0.721917 0.562653
vt 0.720631 0.568225
vt 0.721766 0.567616
vt 0.715716 0.624107
vt 0.714687 0.624099
vt 0.713735 0.624089
vt 0.078453 0.008120
vt 0.707664 0.623992
vt 0.708708 0.623999
vt 0.709660 0.624006
vt 0.721278 0.624114
vt 0.720249 0.624116
vt 0.715020 0.312725
vt 0.716048 0.312722
vt 0.721602 0.312739
vt 0.720575 0.312732
vt 0.078414 0.332692
vt 0.709048 0.312795
vt 0.708006 0.312797
vt 0.083136 0.008146
vt 0.727258 0.624043
vt 0.728302 0.624041
vt 0.083097 0.332718
vt 0.728616 0.312845
vt 0.727574 0.312838
vt 0.077173 0.338897
vt 0.077488 0.339869
vt 0.078345 0.340579
vt 0.079514 0.340838
vt 0.082055 0.340832
vt 0.083223 0.340568
vt 0.084076 0.339854
vt 0.084387 0.338881
vt 0.084377 0.334393
vt 0.084009 0.333409
vt 0.077511 0.333409
vt 0.077163 0.334409
vt 0.079495 0.000006
vt 0.078327 0.000269
vt 0.077473 0.000983
vt 0.077163 0.001957
vt 0.077173 0.006445
vt 0.077540 0.007429
vt 0.084039 0.007429
vt 0.084387 0.006428
vt 0.084377 0.001940
vt 0.084062 0.000968
vt 0.083205 0.000258
vt 0.082036 0.000000
vt 0.715675 0.237933
vt 0.718627 0.235610
vt 0.718282 0.240554
vt 0.714986 0.241770
vt 0.722199 0.250454
vt 0.724818 0.250455
vt 0.724806 0.255726
vt 0.722188 0.255722
vt 0.727615 0.311386
vt 0.728199 0.254097
vt 0.731752 0.252358
vt 0.731690 0.311323
vt 0.072361 0.266088
vt 0.074815 0.266105
vt 0.074841 0.270971
vt 0.072337 0.270967
vt 0.718613 0.075686
vt 0.715680 0.073359
vt 0.074776 0.008326
vt 0.074764 0.069870
vt 0.072259 0.069866
vt 0.072364 0.008278
vt 0.728252 0.057237
vt 0.727938 0.000027
vt 0.732008 0.000110
vt 0.731794 0.058985
vt 0.728957 0.245231
vt 0.732349 0.245211
vt 0.732269 0.248618
vt 0.728525 0.249441
vt 0.719454 0.000008
vt 0.718871 0.057219
vt 0.715316 0.058954
vt 0.715385 0.000071
vt 0.072325 0.332512
vt 0.074736 0.332560
vt 0.722260 0.055592
vt 0.722544 0.000002
vt 0.724849 0.000006
vt 0.724874 0.055597
vt 0.074740 0.074749
vt 0.072285 0.074732
vt 0.074737 0.079584
vt 0.072292 0.079564
vt 0.074744 0.084416
vt 0.072289 0.084399
vt 0.074834 0.251557
vt 0.072326 0.251556
vt 0.072267 0.089281
vt 0.074774 0.089282
vt 0.072363 0.261254
vt 0.074809 0.261273
vt 0.072356 0.256422
vt 0.074811 0.256439
vt 0.722176 0.233868
vt 0.724911 0.233867
vt 0.724929 0.239522
vt 0.722144 0.239533
vt 0.724935 0.245296
vt 0.722108 0.245316
vt 0.718090 0.245227
vt 0.714704 0.245189
vt 0.732292 0.062717
vt 0.728554 0.061882
vt 0.732355 0.066115
vt 0.728971 0.066077
vt 0.732073 0.069531
vt 0.728778 0.070746
vt 0.722248 0.060856
vt 0.724863 0.060857
vt 0.724955 0.065986
vt 0.722130 0.066006
vt 0.724919 0.071766
vt 0.722136 0.071778
vt 0.724888 0.077428
vt 0.722153 0.077429
vt 0.728455 0.235611
vt 0.728432 0.075687
vt 0.731384 0.073366
vt 0.731389 0.237940
vt 0.728783 0.240556
vt 0.732080 0.241785
vt 0.718503 0.249429
vt 0.714768 0.248590
vt 0.718806 0.254079
vt 0.715267 0.252327
vt 0.718546 0.061869
vt 0.714799 0.062689
vt 0.718110 0.066072
vt 0.714720 0.066094
vt 0.718285 0.070744
vt 0.714989 0.069516
vt 0.722214 0.311388
vt 0.724522 0.311392
vt 0.714706 0.072712
vt 0.714079 0.069254
vt 0.713756 0.072293
vt 0.713270 0.069108
vt 0.075927 0.084546
vt 0.075948 0.089500
vt 0.732982 0.069272
vt 0.732353 0.072720
vt 0.733790 0.069129
vt 0.733299 0.072303
vt 0.071087 0.089502
vt 0.071104 0.084531
vt 0.713820 0.066118
vt 0.713032 0.066138
vt 0.075945 0.079583
vt 0.733252 0.066143
vt 0.734039 0.066166
vt 0.071084 0.079565
vt 0.713915 0.062988
vt 0.713119 0.063166
vt 0.075924 0.074617
vt 0.733173 0.063019
vt 0.733966 0.063202
vt 0.071102 0.074601
vt 0.714400 0.059589
vt 0.713495 0.060009
vt 0.075942 0.069648
vt 0.732706 0.059624
vt 0.733607 0.060048
vt 0.071082 0.069643
vt 0.732364 0.238587
vt 0.732991 0.242048
vt 0.733315 0.239007
vt 0.733801 0.242194
vt 0.071174 0.256291
vt 0.071152 0.251337
vt 0.714076 0.242030
vt 0.714705 0.238580
vt 0.713267 0.242173
vt 0.713759 0.238996
vt 0.076014 0.251336
vt 0.075996 0.256307
vt 0.733250 0.245187
vt 0.734039 0.245167
vt 0.071156 0.261255
vt 0.713806 0.245162
vt 0.713019 0.245138
vt 0.076017 0.261273
vt 0.733154 0.248320
vt 0.733951 0.248141
vt 0.071176 0.266221
vt 0.713886 0.248288
vt 0.713092 0.248106
vt 0.075998 0.266237
vt 0.732669 0.251722
vt 0.733574 0.251301
vt 0.071158 0.271190
vt 0.714354 0.251687
vt 0.713452 0.251262
vt 0.076018 0.271194
vt 0.720826 0.239672
vt 0.720906 0.234106
vt 0.719534 0.240060
vt 0.719721 0.234754
vt 0.720775 0.245305
vt 0.719412 0.245268
vt 0.720951 0.250313
vt 0.719721 0.249923
vt 0.720980 0.255494
vt 0.719849 0.254879
vt 0.726235 0.071628
vt 0.726157 0.077190
vt 0.727527 0.071240
vt 0.727339 0.076542
vt 0.726288 0.065997
vt 0.727650 0.066035
vt 0.726109 0.060998
vt 0.727338 0.061388
vt 0.726080 0.055825
vt 0.727210 0.056438
vt 0.720881 0.077190
vt 0.720822 0.071634
vt 0.719700 0.076540
vt 0.719533 0.071242
vt 0.720796 0.066008
vt 0.719432 0.066037
vt 0.721000 0.060993
vt 0.719767 0.061380
vt 0.721051 0.055815
vt 0.719917 0.056424
vt 0.726184 0.234106
vt 0.726244 0.239665
vt 0.727367 0.234756
vt 0.727533 0.240058
vt 0.726269 0.245295
vt 0.727634 0.245266
vt 0.726068 0.250318
vt 0.727302 0.249931
vt 0.726016 0.255503
vt 0.727151 0.254893
vt 0.721101 0.311385
vt 0.720072 0.311377
vt 0.719120 0.311367
vt 0.075873 0.332718
vt 0.713049 0.311270
vt 0.714093 0.311277
vt 0.715045 0.311284
vt 0.726663 0.311391
vt 0.725634 0.311394
vt 0.720405 0.000003
vt 0.721433 -0.000000
vt 0.726987 0.000017
vt 0.725960 0.000009
vt 0.075911 0.008146
vt 0.713391 0.000074
vt 0.714434 0.000072
vt 0.071189 0.332692
vt 0.733687 0.311319
vt 0.732643 0.311321
vt 0.071228 0.008120
vt 0.734001 0.000123
vt 0.732959 0.000116
vt 0.077152 0.001940
vt 0.077163 0.006428
vt 0.076815 0.007429
vt 0.070316 0.007429
vt 0.069948 0.006445
vt 0.069938 0.001957
vt 0.070249 0.000983
vt 0.071102 0.000269
vt 0.072270 0.000006
vt 0.074812 0.000000
vt 0.075980 0.000258
vt 0.076837 0.000968
vt 0.074831 0.340832
vt 0.072289 0.340838
vt 0.071120 0.340580
vt 0.070263 0.339869
vt 0.069948 0.338897
vt 0.069938 0.334409
vt 0.070286 0.333409
vt 0.076785 0.333409
vt 0.077152 0.334393
vt 0.077163 0.338881
vt 0.076852 0.339855
vt 0.075998 0.340569
s 1
usemtl Material.002
f 114/1/114 33/2/33 42/3/42 121/4/121
f 49/5/49 82/6/82 74/7/74 37/8/37
f 10/9/10 73/10/73 174/11/174 17/12/17
f 181/13/181 130/14/130 118/15/118 173/16/173
f 58/17/58 33/2/33 114/1/114 157/18/157
f 30/19/30 153/20/153 138/21/138 21/22/21
f 98/23/98 13/24/13 22/25/22 137/26/137
f 85/27/85 186/28/186 182/29/182 81/30/81
f 6/31/6 53/32/53 154/33/154 29/34/29
f 18/35/18 173/16/173 118/15/118 25/36/25
f 54/37/54 5/38/5 14/39/14 97/40/97
f 161/41/161 150/42/150 138/21/138 153/20/153
f 165/43/165 146/44/146 150/42/150 161/41/161
f 169/45/169 142/46/142 146/44/146 165/43/165
f 113/47/113 178/48/178 133/49/133 158/50/158
f 185/51/185 126/52/126 130/14/130 181/13/181
f 158/50/158 133/49/133 142/46/142 169/45/169
f 189/53/189 122/54/122 126/52/126 185/51/185
f 34/55/34 77/56/77 90/57/90 41/58/41
f 41/58/41 90/57/90 86/59/86 45/60/45
f 45/60/45 86/59/86 82/6/82 49/5/49
f 121/4/121 42/3/42 46/61/46 125/62/125
f 149/63/149 110/64/110 98/23/98 137/26/137
f 145/65/145 106/66/106 110/64/110 149/63/149
f 178/48/178 113/47/113 122/54/122 189/53/189
f 141/67/141 102/68/102 106/66/106 145/65/145
f 62/69/62 109/70/109 105/71/105 66/72/66
f 81/30/81 182/29/182 174/11/174 73/10/73
f 66/72/66 105/71/105 101/73/101 70/74/70
f 70/74/70 101/73/101 94/75/94 57/76/57
f 78/77/78 93/78/93 134/79/134 177/80/177
f 134/79/134 93/78/93 102/68/102 141/67/141
f 89/81/89 190/82/190 186/28/186 85/27/85
f 78/77/78 177/80/177 190/82/190 89/81/89
f 34/55/34 57/76/57 94/75/94 77/56/77
f 125/62/125 46/61/46 50/83/50 129/84/129
f 54/37/54 97/40/97 109/70/109 62/69/62
f 129/84/129 50/83/50 38/85/38 117/86/117
f 61/87/61 162/88/162 154/33/154 53/32/53
f 65/89/65 166/90/166 162/88/162 61/87/61
f 69/91/69 170/92/170 166/90/166 65/89/65
f 58/17/58 157/18/157 170/92/170 69/91/69
f 2/93/2 37/8/37 74/7/74 9/94/9
f 170/92/170 157/18/157 159/95/159 172/96/172
f 172/96/172 159/95/159 160/97/160 171/98/171
f 171/98/171 160/97/160 158/50/158 169/45/169
f 134/79/134 141/67/141 143/99/143 136/100/136
f 136/100/136 143/99/143 144/101/144 135/102/135
f 135/102/135 144/101/144 142/46/142 133/49/133
f 166/90/166 170/92/170 172/96/172 168/103/168
f 168/103/168 172/96/172 171/98/171 167/104/167
f 167/104/167 171/98/171 169/45/169 165/43/165
f 141/67/141 145/65/145 147/105/147 143/99/143
f 143/99/143 147/105/147 148/106/148 144/101/144
f 144/101/144 148/106/148 146/44/146 142/46/142
f 162/88/162 166/90/166 168/103/168 164/107/164
f 164/107/164 168/103/168 167/104/167 163/108/163
f 163/108/163 167/104/167 165/43/165 161/41/161
f 145/65/145 149/63/149 151/109/151 147/105/147
f 147/105/147 151/109/151 152/110/152 148/106/148
f 148/106/148 152/110/152 150/42/150 146/44/146
f 154/33/154 162/88/162 164/107/164 156/111/156
f 156/111/156 164/107/164 163/108/163 155/112/155
f 155/112/155 163/108/163 161/41/161 153/20/153
f 149/63/149 137/26/137 139/113/139 151/109/151
f 151/109/151 139/113/139 140/114/140 152/110/152
f 152/110/152 140/114/140 138/21/138 150/42/150
f 190/82/190 177/80/177 179/115/179 192/116/192
f 192/116/192 179/115/179 180/117/180 191/118/191
f 191/118/191 180/117/180 178/48/178 189/53/189
f 114/1/114 121/4/121 123/119/123 116/120/116
f 116/120/116 123/119/123 124/121/124 115/122/115
f 115/122/115 124/121/124 122/54/122 113/47/113
f 186/28/186 190/82/190 192/116/192 188/123/188
f 188/123/188 192/116/192 191/118/191 187/124/187
f 187/124/187 191/118/191 189/53/189 185/51/185
f 121/4/121 125/62/125 127/125/127 123/119/123
f 123/119/123 127/125/127 128/126/128 124/121/124
f 124/121/124 128/126/128 126/52/126 122/54/122
f 182/29/182 186/28/186 188/123/188 184/127/184
f 184/127/184 188/123/188 187/124/187 183/128/183
f 183/128/183 187/124/187 185/51/185 181/13/181
f 125/62/125 129/84/129 131/129/131 127/125/127
f 127/125/127 131/129/131 132/130/132 128/126/128
f 128/126/128 132/130/132 130/14/130 126/52/126
f 174/11/174 182/29/182 184/127/184 176/131/176
f 176/131/176 184/127/184 183/128/183 175/132/175
f 175/132/175 183/128/183 181/13/181 173/16/173
f 129/84/129 117/86/117 119/133/119 131/129/131
f 131/129/131 119/133/119 120/134/120 132/130/132
f 132/130/132 120/134/120 118/15/118 130/14/130
f 34/55/34 41/58/41 43/135/43 36/136/36
f 36/136/36 43/135/43 44/137/44 35/138/35
f 35/138/35 44/137/44 42/139/42 33/140/33
f 41/58/41 45/60/45 47/141/47 43/135/43
f 43/135/43 47/141/47 48/142/48 44/137/44
f 44/137/44 48/142/48 46/143/46 42/139/42
f 45/60/45 49/5/49 51/144/51 47/141/47
f 47/141/47 51/144/51 52/145/52 48/142/48
f 48/142/48 52/145/52 50/146/50 46/143/46
f 49/5/49 37/8/37 39/147/39 51/144/51
f 51/144/51 39/147/39 40/148/40 52/145/52
f 52/145/52 40/148/40 38/149/38 50/146/50
f 94/75/94 101/73/101 103/150/103 96/151/96
f 96/151/96 103/150/103 104/152/104 95/153/95
f 95/153/95 104/152/104 102/154/102 93/155/93
f 101/73/101 105/71/105 107/156/107 103/150/103
f 103/150/103 107/156/107 108/157/108 104/152/104
f 104/152/104 108/157/108 106/158/106 102/154/102
f 105/71/105 109/70/109 111/159/111 107/156/107
f 107/156/107 111/159/111 112/160/112 108/157/108
f 108/157/108 112/160/112 110/161/110 106/158/106
f 109/70/109 97/40/97 99/162/99 111/159/111
f 111/159/111 99/162/99 100/163/100 112/160/112
f 112/160/112 100/163/100 98/164/98 110/161/110
f 70/74/70 57/76/57 59/165/59 72/166/72
f 72/166/72 59/165/59 60/167/60 71/168/71
f 71/168/71 60/167/60 58/169/58 69/170/69
f 66/72/66 70/74/70 72/166/72 68/171/68
f 68/171/68 72/166/72 71/168/71 67/172/67
f 67/172/67 71/168/71 69/170/69 65/173/65
f 62/69/62 66/72/66 68/171/68 64/174/64
f 64/174/64 68/171/68 67/172/67 63/175/63
f 63/175/63 67/172/67 65/173/65 61/176/61
f 54/37/54 62/69/62 64/174/64 56/177/56
f 56/177/56 64/174/64 63/175/63 55/178/55
f 55/178/55 63/175/63 61/176/61 53/179/53
f 90/57/90 77/56/77 79/180/79 92/181/92
f 92/181/92 79/180/79 80/182/80 91/183/91
f 91/183/91 80/182/80 78/184/78 89/185/89
f 86/59/86 90/57/90 92/181/92 88/186/88
f 88/186/88 92/181/92 91/183/91 87/187/87
f 87/187/87 91/183/91 89/185/89 85/188/85
f 82/6/82 86/59/86 88/186/88 84/189/84
f 84/189/84 88/186/88 87/187/87 83/190/83
f 83/190/83 87/187/87 85/188/85 81/191/81
f 74/7/74 82/6/82 84/189/84 76/192/76
f 76/192/76 84/189/84 83/190/83 75/193/75
f 75/193/75 83/190/83 81/191/81 73/194/73
f 37/8/37 2/93/2 4/195/4 39/147/39
f 39/147/39 4/195/4 3/196/3 40/148/40
f 40/148/40 3/196/3 1/197/1 38/149/38
f 25/36/25 118/15/118 120/134/120 27/198/27
f 27/198/27 120/134/120 119/133/119 28/199/28
f 28/199/28 119/133/119 117/86/117 26/200/26
f 33/140/33 58/169/58 60/167/60 35/138/35
f 35/138/35 60/167/60 59/165/59 36/136/36
f 36/136/36 59/165/59 57/76/57 34/55/34
f 93/155/93 78/184/78 80/182/80 95/153/95
f 95/153/95 80/182/80 79/180/79 96/151/96
f 96/151/96 79/180/79 77/56/77 94/75/94
f 113/47/113 158/50/158 160/97/160 115/122/115
f 115/122/115 160/97/160 159/95/159 116/120/116
f 116/120/116 159/95/159 157/18/157 114/1/114
f 73/194/73 10/201/10 12/202/12 75/193/75
f 75/193/75 12/202/12 11/203/11 76/192/76
f 76/192/76 11/203/11 9/94/9 74/7/74
f 53/179/53 6/204/6 8/205/8 55/178/55
f 55/178/55 8/205/8 7/206/7 56/177/56
f 56/177/56 7/206/7 5/38/5 54/37/54
f 13/207/13 98/164/98 100/163/100 15/208/15
f 15/208/15 100/163/100 99/162/99 16/209/16
f 16/209/16 99/162/99 97/40/97 14/39/14
f 153/20/153 30/19/30 32/210/32 155/112/155
f 155/112/155 32/210/32 31/211/31 156/111/156
f 156/111/156 31/211/31 29/34/29 154/33/154
f 173/16/173 18/35/18 20/212/20 175/132/175
f 175/132/175 20/212/20 19/213/19 176/131/176
f 176/131/176 19/213/19 17/12/17 174/11/174
f 133/49/133 178/48/178 180/117/180 135/102/135
f 135/102/135 180/117/180 179/115/179 136/100/136
f 136/100/136 179/115/179 177/80/177 134/79/134
f 21/22/21 138/21/138 140/114/140 23/214/23
f 23/214/23 140/114/140 139/113/139 24/215/24
f 24/215/24 139/113/139 137/26/137 22/25/22
f 38/85/38 1/216/1 26/200/26 117/86/117
f 306/217/177 313/218/190 234/219/89 225/220/78
f 241/221/82 229/222/74 266/223/37 274/224/49
f 202/225/1 209/226/26 366/227/117 265/228/38
f 373/229/130 365/230/118 310/231/173 322/232/181
f 250/233/93 349/234/134 306/217/177 225/220/78
f 222/235/21 213/236/30 330/237/153 345/238/138
f 290/239/53 329/240/154 214/241/29 205/242/194
f 277/243/46 273/244/50 374/245/129 378/246/125
f 198/247/13 221/248/22 346/249/137 245/250/98
f 210/251/25 217/252/18 310/231/173 365/230/118
f 246/253/97 289/254/54 206/255/5 197/256/14
f 353/257/150 345/238/138 330/237/153 342/258/161
f 357/259/146 353/257/150 342/258/161 338/260/165
f 361/261/142 357/259/146 338/260/165 334/262/169
f 305/263/178 350/264/133 325/265/158 370/266/113
f 377/267/126 373/229/130 322/232/181 318/268/185
f 350/264/133 361/261/142 334/262/169 325/265/158
f 381/269/122 377/267/126 318/268/185 314/270/189
f 226/271/77 233/272/90 282/273/41 269/274/34
f 233/272/90 237/275/86 278/276/45 282/273/41
f 237/275/86 241/221/82 274/224/49 278/276/45
f 313/218/190 317/277/186 238/278/85 234/219/89
f 341/279/162 329/240/154 290/239/53 302/280/61
f 337/281/166 341/279/162 302/280/61 298/282/65
f 370/266/113 381/269/122 314/270/189 305/263/178
f 333/283/170 337/281/166 298/282/65 294/284/69
f 254/285/109 258/286/105 297/287/66 301/288/62
f 273/244/50 265/228/38 366/227/117 374/245/129
f 258/286/105 262/289/101 293/290/70 297/287/66
f 262/289/101 249/291/94 286/292/57 293/290/70
f 270/293/33 369/294/114 326/295/157 285/296/58
f 326/295/157 333/283/170 294/284/69 285/296/58
f 281/297/42 277/243/46 378/246/125 382/298/121
f 270/293/33 281/297/42 382/298/121 369/294/114
f 226/271/77 269/274/34 286/292/57 249/291/94
f 317/277/186 321/299/182 242/300/81 238/278/85
f 246/253/97 254/285/109 301/288/62 289/254/54
f 321/299/182 309/301/174 230/302/73 242/300/81
f 253/303/110 245/250/98 346/249/137 354/304/149
f 257/305/106 253/303/110 354/304/149 358/306/145
f 261/307/102 257/305/106 358/306/145 362/308/141
f 250/233/93 261/307/102 362/308/141 349/234/134
f 194/309/9 201/310/2 266/223/37 229/222/74
f 362/308/141 364/311/143 351/312/136 349/234/134
f 364/311/143 363/313/144 352/314/135 351/312/136
f 363/313/144 361/261/142 350/264/133 352/314/135
f 326/295/157 328/315/159 335/316/172 333/283/170
f 328/315/159 327/317/160 336/318/171 335/316/172
f 327/317/160 325/265/158 334/262/169 336/318/171
f 358/306/145 360/319/147 364/311/143 362/308/141
f 360/319/147 359/320/148 363/313/144 364/311/143
f 359/320/148 357/259/146 361/261/142 363/313/144
f 333/283/170 335/316/172 339/321/168 337/281/166
f 335/316/172 336/318/171 340/322/167 339/321/168
f 336/318/171 334/262/169 338/260/165 340/322/167
f 354/304/149 356/323/151 360/319/147 358/306/145
f 356/323/151 355/324/152 359/320/148 360/319/147
f 355/324/152 353/257/150 357/259/146 359/320/148
f 337/281/166 339/321/168 343/325/164 341/279/162
f 339/321/168 340/322/167 344/326/163 343/325/164
f 340/322/167 338/260/165 342/258/161 344/326/163
f 346/249/137 348/327/139 356/323/151 354/304/149
f 348/327/139 347/328/140 355/324/152 356/323/151
f 347/328/140 345/238/138 353/257/150 355/324/152
f 341/279/162 343/325/164 331/329/156 329/240/154
f 343/325/164 344/326/163 332/330/155 331/329/156
f 344/326/163 342/258/161 330/237/153 332/330/155
f 382/298/121 384/331/123 371/332/116 369/294/114
f 384/331/123 383/333/124 372/334/115 371/332/116
f 383/333/124 381/269/122 370/266/113 372/334/115
f 306/217/177 308/335/179 315/336/192 313/218/190
f 308/335/179 307/337/180 316/338/191 315/336/192
f 307/337/180 305/263/178 314/270/189 316/338/191
f 378/246/125 380/339/127 384/331/123 382/298/121
f 380/339/127 379/340/128 383/333/124 384/331/123
f 379/340/128 377/267/126 381/269/122 383/333/124
f 313/218/190 315/336/192 319/341/188 317/277/186
f 315/336/192 316/338/191 320/342/187 319/341/188
f 316/338/191 314/270/189 318/268/185 320/342/187
f 374/245/129 376/343/131 380/339/127 378/246/125
f 376/343/131 375/344/132 379/340/128 380/339/127
f 375/344/132 373/229/130 377/267/126 379/340/128
f 317/277/186 319/341/188 323/345/184 321/299/182
f 319/341/188 320/342/187 324/346/183 323/345/184
f 320/342/187 318/268/185 322/232/181 324/346/183
f 366/227/117 368/347/119 376/343/131 374/245/129
f 368/347/119 367/348/120 375/344/132 376/343/131
f 367/348/120 365/230/118 373/229/130 375/344/132
f 321/299/182 323/345/184 311/349/176 309/301/174
f 323/345/184 324/346/183 312/350/175 311/349/176
f 324/346/183 322/232/181 310/231/173 312/350/175
f 226/271/77 228/351/79 235/352/92 233/272/90
f 228/351/79 227/353/80 236/354/91 235/352/92
f 227/353/80 225/355/78 234/356/89 236/354/91
f 233/272/90 235/352/92 239/357/88 237/275/86
f 235/352/92 236/354/91 240/358/199 239/357/88
f 236/354/91 234/356/89 238/359/85 240/358/199
f 237/275/86 239/357/88 243/360/84 241/221/82
f 239/357/88 240/358/199 244/361/83 243/360/84
f 240/358/199 238/359/85 242/362/81 244/361/83
f 241/221/82 243/360/84 231/363/76 229/222/74
f 243/360/84 244/361/83 232/364/75 231/363/76
f 244/361/83 242/362/81 230/365/73 232/364/75
f 286/292/57 288/366/59 295/367/72 293/290/70
f 288/366/59 287/368/60 296/369/71 295/367/72
f 287/368/60 285/370/58 294/371/69 296/369/71
f 293/290/70 295/367/72 299/372/68 297/287/66
f 295/367/72 296/369/71 300/373/201 299/372/68
f 296/369/71 294/371/69 298/374/65 300/373/201
f 297/287/66 299/372/68 303/375/64 301/288/62
f 299/372/68 300/373/201 304/376/63 303/375/64
f 300/373/201 298/374/65 302/377/61 304/376/63
f 301/288/62 303/375/64 291/378/56 289/254/54
f 303/375/64 304/376/63 292/379/55 291/378/56
f 304/376/63 302/377/61 290/380/53 292/379/55
f 262/289/101 264/381/103 251/382/96 249/291/94
f 264/381/103 263/383/104 252/384/95 251/382/96
f 263/383/104 261/385/102 250/386/93 252/384/95
f 258/286/105 260/387/107 264/381/103 262/289/101
f 260/387/107 259/388/200 263/383/104 264/381/103
f 259/388/200 257/389/106 261/385/102 263/383/104
f 254/285/109 256/390/111 260/387/107 258/286/105
f 256/390/111 255/391/112 259/388/200 260/387/107
f 255/391/112 253/392/110 257/389/106 259/388/200
f 246/253/97 248/393/99 256/390/111 254/285/109
f 248/393/99 247/394/100 255/391/112 256/390/111
f 247/394/100 245/395/98 253/392/110 255/391/112
f 282/273/41 284/396/43 271/397/36 269/274/34
f 284/396/43 283/398/44 272/399/35 271/397/36
f 283/398/44 281/400/42 270/401/33 272/399/35
f 278/276/45 280/402/47 284/396/43 282/273/41
f 280/402/47 279/403/48 283/398/44 284/396/43
f 279/403/48 277/404/46 281/400/42 283/398/44
f 274/224/49 276/405/51 280/402/47 278/276/45
f 276/405/51 275/406/52 279/403/48 280/402/47
f 275/406/52 273/407/50 277/404/46 279/403/48
f 266/223/37 268/408/39 276/405/51 274/224/49
f 268/408/39 267/409/40 275/406/52 276/405/51
f 267/409/40 265/410/38 273/407/50 275/406/52
f 229/222/74 231/363/76 196/411/11 194/309/9
f 231/363/76 232/364/75 195/412/12 196/411/11
f 232/364/75 230/365/73 193/413/193 195/412/12
f 217/252/18 219/414/20 312/350/175 310/231/173
f 219/414/20 220/415/197 311/349/176 312/350/175
f 220/415/197 218/416/17 309/301/174 311/349/176
f 225/355/78 227/353/80 252/384/95 250/386/93
f 227/353/80 228/351/79 251/382/96 252/384/95
f 228/351/79 226/271/77 249/291/94 251/382/96
f 285/370/58 287/368/60 272/399/35 270/401/33
f 287/368/60 288/366/59 271/397/36 272/399/35
f 288/366/59 286/292/57 269/274/34 271/397/36
f 305/263/178 307/337/180 352/314/135 350/264/133
f 307/337/180 308/335/179 351/312/136 352/314/135
f 308/335/179 306/217/177 349/234/134 351/312/136
f 265/410/38 267/409/40 204/417/3 202/418/1
f 267/409/40 268/408/39 203/419/4 204/417/3
f 268/408/39 266/223/37 201/310/2 203/419/4
f 245/395/98 247/394/100 200/420/15 198/421/13
f 247/394/100 248/393/99 199/422/16 200/420/15
f 248/393/99 246/253/97 197/256/14 199/422/16
f 205/423/194 207/424/8 292/379/55 290/380/53
f 207/424/8 208/425/7 291/378/56 292/379/55
f 208/425/7 206/255/5 289/254/54 291/378/56
f 345/238/138 347/328/140 224/426/23 222/235/21
f 347/328/140 348/327/139 223/427/198 224/426/23
f 348/327/139 346/249/137 221/248/22 223/427/198
f 365/230/118 367/348/120 212/428/27 210/251/25
f 367/348/120 368/347/119 211/429/195 212/428/27
f 368/347/119 366/227/117 209/226/26 211/429/195
f 325/265/158 327/317/160 372/334/115 370/266/113
f 327/317/160 328/315/159 371/332/116 372/334/115
f 328/315/159 326/295/157 369/294/114 371/332/116
f 213/236/30 215/430/32 332/330/155 330/237/153
f 215/430/32 216/431/196 331/329/156 332/330/155
f 216/431/196 214/241/29 329/240/154 331/329/156
f 230/302/73 309/301/174 218/416/17 193/432/193
f 498/433/177 505/434/190 426/435/89 417/436/78
f 433/437/242 421/438/234 458/439/259 466/440/263
f 394/441/211 401/442/218 558/443/117 457/444/258
f 565/445/130 557/446/118 502/447/173 514/448/181
f 442/449/93 541/450/134 498/433/177 417/436/78
f 414/451/231 405/452/222 522/453/153 537/454/138
f 482/455/271 521/456/154 406/457/223 397/458/214
f 469/459/266 465/460/262 566/461/289 570/462/125
f 390/463/207 413/464/230 538/465/137 437/466/246
f 402/467/219 409/468/226 502/447/173 557/446/118
f 438/469/247 481/470/270 398/471/215 389/472/206
f 545/473/150 537/454/138 522/453/153 534/474/161
f 549/475/146 545/473/150 534/474/161 530/476/165
f 553/477/142 549/475/146 530/476/165 526/478/169
f 497/479/178 542/480/133 517/481/158 562/482/113
f 569/483/126 565/445/130 514/448/181 510/484/185
f 542/480/133 553/477/142 526/478/169 517/481/158
f 573/485/122 569/483/126 510/484/185 506/486/189
f 418/487/77 425/488/90 474/489/41 461/490/34
f 425/488/90 429/491/238 470/492/267 474/489/41
f 429/491/238 433/437/242 466/440/263 470/492/267
f 505/434/190 509/493/186 430/494/239 426/435/89
f 533/495/284 521/456/154 482/455/271 494/496/279
f 529/497/166 533/495/284 494/496/279 490/498/275
f 562/482/113 573/485/122 506/486/189 497/479/178
f 525/499/170 529/497/166 490/498/275 486/500/69
f 446/501/251 450/502/255 489/503/274 493/504/278
f 465/460/262 457/444/258 558/443/117 566/461/289
f 450/502/255 454/505/101 485/506/70 489/503/274
f 454/505/101 441/507/94 478/508/57 485/506/70
f 462/509/33 561/510/114 518/511/157 477/512/58
f 518/511/157 525/499/170 486/500/69 477/512/58
f 473/513/42 469/459/266 570/462/125 574/514/121
f 462/509/33 473/513/42 574/514/121 561/510/114
f 418/487/77 461/490/34 478/508/57 441/507/94
f 509/493/186 513/515/182 434/516/243 430/494/239
f 438/469/247 446/501/251 493/504/278 481/470/270
f 513/515/182 501/517/174 422/518/235 434/516/243
f 445/519/250 437/466/246 538/465/137 546/520/286
f 449/521/254 445/519/250 546/520/286 550/522/145
f 453/523/102 449/521/254 550/522/145 554/524/141
f 442/449/93 453/523/102 554/524/141 541/450/134
f 386/525/203 393/526/210 458/439/259 421/438/234
f 554/524/141 556/527/143 543/528/136 541/450/134
f 556/527/143 555/529/287 544/530/135 543/528/136
f 555/531/287 553/477/142 542/480/133 544/532/135
f 518/511/157 520/533/159 527/534/172 525/499/170
f 520/533/159 519/535/160 528/536/171 527/534/172
f 519/537/160 517/481/158 526/478/169 528/538/171
f 550/522/145 552/539/147 556/527/143 554/524/141
f 552/539/147 551/540/148 555/529/287 556/527/143
f 551/541/148 549/475/146 553/477/142 555/531/287
f 525/499/170 527/534/172 531/542/168 529/497/166
f 527/534/172 528/536/171 532/543/167 531/542/168
f 528/538/171 526/478/169 530/476/165 532/544/167
f 546/520/286 548/545/151 552/539/147 550/522/145
f 548/545/151 547/546/152 551/540/148 552/539/147
f 547/547/152 545/473/150 549/475/146 551/541/148
f 529/497/166 531/542/168 535/548/164 533/495/284
f 531/542/168 532/543/167 536/549/163 535/548/164
f 532/544/167 530/476/165 534/474/161 536/550/163
f 538/465/137 540/551/285 548/545/151 546/520/286
f 540/551/285 539/552/140 547/546/152 548/545/151
f 539/553/140 537/454/138 545/473/150 547/547/152
f 533/495/284 535/548/164 523/554/283 521/456/154
f 535/548/164 536/549/163 524/555/155 523/554/283
f 536/550/163 534/474/161 522/453/153 524/556/155
f 574/514/121 576/557/123 563/558/116 561/510/114
f 576/557/123 575/559/290 564/560/115 563/558/116
f 575/561/290 573/485/122 562/482/113 564/562/115
f 498/433/177 500/563/179 507/564/192 505/434/190
f 500/563/179 499/565/180 508/566/191 507/564/192
f 499/567/180 497/479/178 506/486/189 508/568/191
f 570/462/125 572/569/127 576/557/123 574/514/121
f 572/569/127 571/570/128 575/559/290 576/557/123
f 571/571/128 569/483/126 573/485/122 575/561/290
f 505/434/190 507/564/192 511/572/188 509/493/186
f 507/564/192 508/566/191 512/573/187 511/572/188
f 508/568/191 506/486/189 510/484/185 512/574/187
f 566/461/289 568/575/131 572/569/127 570/462/125
f 568/575/131 567/576/132 571/570/128 572/569/127
f 567/577/132 565/445/130 569/483/126 571/571/128
f 509/493/186 511/572/188 515/578/184 513/515/182
f 511/572/188 512/573/187 516/579/183 515/578/184
f 512/574/187 510/484/185 514/448/181 516/580/183
f 558/443/117 560/581/288 568/575/131 566/461/289
f 560/581/288 559/582/120 567/576/132 568/575/131
f 559/583/120 557/446/118 565/445/130 567/577/132
f 513/515/182 515/578/184 503/584/282 501/517/174
f 515/578/184 516/579/183 504/585/175 503/584/282
f 516/580/183 514/448/181 502/447/173 504/586/175
f 418/487/77 420/587/79 427/588/92 425/488/90
f 420/587/79 419/589/80 428/590/91 427/588/92
f 419/589/80 417/436/78 426/435/89 428/590/91
f 425/488/90 427/588/92 431/591/240 429/491/238
f 427/588/92 428/590/91 432/592/241 431/591/240
f 428/590/91 426/435/89 430/494/239 432/592/241
f 429/491/238 431/591/240 435/593/244 433/437/242
f 431/591/240 432/592/241 436/594/245 435/593/244
f 432/592/241 430/494/239 434/516/243 436/594/245
f 433/437/242 435/593/244 423/595/236 421/438/234
f 435/593/244 436/594/245 424/596/237 423/595/236
f 436/594/245 434/516/243 422/518/235 424/596/237
f 478/508/57 480/597/59 487/598/72 485/506/70
f 480/597/59 479/599/60 488/600/71 487/598/72
f 479/599/60 477/512/58 486/500/69 488/600/71
f 485/506/70 487/598/72 491/601/276 489/503/274
f 487/598/72 488/600/71 492/602/277 491/601/276
f 488/600/71 486/500/69 490/498/275 492/602/277
f 489/503/274 491/601/276 495/603/280 493/504/278
f 491/601/276 492/602/277 496/604/281 495/603/280
f 492/602/277 490/498/275 494/496/279 496/604/281
f 493/504/278 495/603/280 483/605/272 481/470/270
f 495/603/280 496/604/281 484/606/273 483/605/272
f 496/604/281 494/496/279 482/455/271 484/606/273
f 454/505/101 456/607/103 443/608/96 441/507/94
f 456/607/103 455/609/104 444/610/95 443/608/96
f 455/609/104 453/523/102 442/449/93 444/610/95
f 450/502/255 452/611/257 456/607/103 454/505/101
f 452/611/257 451/612/256 455/609/104 456/607/103
f 451/612/256 449/521/254 453/523/102 455/609/104
f 446/501/251 448/613/253 452/611/257 450/502/255
f 448/613/253 447/614/252 451/612/256 452/611/257
f 447/614/252 445/519/250 449/521/254 451/612/256
f 438/469/247 440/615/249 448/613/253 446/501/251
f 440/615/249 439/616/248 447/614/252 448/613/253
f 439/616/248 437/466/246 445/519/250 447/614/252
f 474/489/41 476/617/43 463/618/36 461/490/34
f 476/617/43 475/619/44 464/620/35 463/618/36
f 475/619/44 473/513/42 462/509/33 464/620/35
f 470/492/267 472/621/269 476/617/43 474/489/41
f 472/621/269 471/622/268 475/619/44 476/617/43
f 471/622/268 469/459/266 473/513/42 475/619/44
f 466/440/263 468/623/265 472/621/269 470/492/267
f 468/623/265 467/624/264 471/622/268 472/621/269
f 467/624/264 465/460/262 469/459/266 471/622/268
f 458/439/259 460/625/261 468/623/265 466/440/263
f 460/625/261 459/626/260 467/624/264 468/623/265
f 459/626/260 457/444/258 465/460/262 467/624/264
f 421/438/234 423/595/236 388/627/205 386/525/203
f 423/595/236 424/596/237 387/628/204 388/627/205
f 424/596/237 422/518/235 385/629/202 387/628/204
f 409/468/226 411/630/228 504/586/175 502/447/173
f 411/631/228 412/632/229 503/584/282 504/585/175
f 412/632/229 410/633/227 501/517/174 503/584/282
f 417/436/78 419/589/80 444/610/95 442/449/93
f 419/589/80 420/587/79 443/608/96 444/610/95
f 420/587/79 418/487/77 441/507/94 443/608/96
f 477/512/58 479/599/60 464/620/35 462/509/33
f 479/599/60 480/597/59 463/618/36 464/620/35
f 480/597/59 478/508/57 461/490/34 463/618/36
f 497/479/178 499/567/180 544/532/135 542/480/133
f 499/565/180 500/563/179 543/528/136 544/530/135
f 500/563/179 498/433/177 541/450/134 543/528/136
f 457/444/258 459/626/260 396/634/213 394/441/211
f 459/626/260 460/625/261 395/635/212 396/634/213
f 460/625/261 458/439/259 393/526/210 395/635/212
f 437/466/246 439/616/248 392/636/209 390/463/207
f 439/616/248 440/615/249 391/637/208 392/636/209
f 440/615/249 438/469/247 389/472/206 391/637/208
f 397/458/214 399/638/216 484/606/273 482/455/271
f 399/638/216 400/639/217 483/605/272 484/606/273
f 400/639/217 398/471/215 481/470/270 483/605/272
f 537/454/138 539/553/140 416/640/233 414/451/231
f 539/552/140 540/551/285 415/641/232 416/642/233
f 540/551/285 538/465/137 413/464/230 415/641/232
f 557/446/118 559/583/120 404/643/221 402/467/219
f 559/582/120 560/581/288 403/644/220 404/645/221
f 560/581/288 558/443/117 401/442/218 403/644/220
f 517/481/158 519/537/160 564/562/115 562/482/113
f 519/535/160 520/533/159 563/558/116 564/560/115
f 520/533/159 518/511/157 561/510/114 563/558/116
f 405/452/222 407/646/224 524/556/155 522/453/153
f 407/647/224 408/648/225 523/554/283 524/555/155
f 408/648/225 406/457/223 521/456/154 523/554/283
f 422/518/235 501/517/174 410/633/227 385/629/202
f 390/649/207 392/650/209 391/651/208 389/652/206 398/653/215 400/654/217 399/655/216 397/656/214 406/657/223 408/658/225 407/646/224 405/452/222 414/451/231 416/640/233 415/659/232 413/660/230
f 386/661/203 388/662/205 387/663/204 385/664/202 410/665/227 412/666/229 411/630/228 409/468/226 402/467/219 404/643/221 403/667/220 401/668/218 394/669/211 396/670/213 395/671/212 393/672/210
f 690/673/114 609/674/33 618/675/42 697/676/121
f 625/677/263 658/678/242 650/679/234 613/680/259
f 586/681/202 649/682/235 750/683/174 593/684/227
f 757/685/181 706/686/130 694/687/118 749/688/173
f 634/689/58 609/674/33 690/673/114 733/690/157
f 606/691/222 729/692/153 714/693/138 597/694/231
f 674/695/292 589/696/207 598/697/230 713/698/137
f 661/699/239 762/700/186 758/701/182 657/702/243
f 582/703/214 629/704/291 730/705/154 605/706/223
f 594/707/226 749/688/173 694/687/118 601/708/219
f 630/709/270 581/710/215 590/711/206 673/712/247
f 737/713/161 726/714/150 714/693/138 729/692/153
f 741/715/165 722/716/146 726/714/150 737/713/161
f 745/717/169 718/718/142 722/716/146 741/715/165
f 689/719/113 754/720/178 709/721/133 734/722/158
f 761/723/185 702/724/126 706/686/130 757/685/181
f 734/722/158 709/721/133 718/718/142 745/717/169
f 765/725/189 698/726/122 702/724/126 761/723/185
f 610/727/34 653/728/77 666/729/90 617/730/41
f 617/730/41 666/729/90 662/731/238 621/732/267
f 621/732/267 662/731/238 658/678/242 625/677/263
f 697/676/121 618/675/42 622/733/266 701/734/125
f 725/735/286 686/736/250 674/695/292 713/698/137
f 721/737/145 682/738/254 686/736/250 725/735/286
f 754/720/178 689/719/113 698/726/122 765/725/189
f 717/739/141 678/740/102 682/738/254 721/737/145
f 638/741/278 685/742/251 681/743/255 642/744/274
f 657/702/243 758/701/182 750/683/174 649/682/235
f 642/744/274 681/743/255 677/745/101 646/746/70
f 646/746/70 677/745/101 670/747/94 633/748/57
f 654/749/78 669/750/93 710/751/134 753/752/177
f 710/751/134 669/750/93 678/740/102 717/739/141
f 665/753/89 766/754/190 762/700/186 661/699/239
f 654/749/78 753/752/177 766/754/190 665/753/89
f 610/727/34 633/748/57 670/747/94 653/728/77
f 701/734/125 622/733/266 626/755/262 705/756/129
f 630/709/270 673/712/247 685/742/251 638/741/278
f 705/756/129 626/755/262 614/757/258 693/758/117
f 637/759/279 738/760/284 730/705/154 629/704/291
f 641/761/275 742/762/166 738/760/284 637/759/279
f 645/763/69 746/764/170 742/762/166 641/761/275
f 634/689/58 733/690/157 746/764/170 645/763/69
f 578/765/210 613/680/259 650/679/234 585/766/203
f 746/764/170 733/690/157 735/767/159 748/768/172
f 748/768/172 735/767/159 736/769/160 747/770/171
f 747/771/171 736/772/160 734/722/158 745/717/169
f 710/751/134 717/739/141 719/773/143 712/774/136
f 712/774/136 719/773/143 720/775/287 711/776/135
f 711/777/135 720/778/287 718/718/142 709/721/133
f 742/762/166 746/764/170 748/768/172 744/779/168
f 744/779/168 748/768/172 747/770/171 743/780/167
f 743/781/167 747/771/171 745/717/169 741/715/165
f 717/739/141 721/737/145 723/782/147 719/773/143
f 719/773/143 723/782/147 724/783/148 720/775/287
f 720/778/287 724/784/148 722/716/146 718/718/142
f 738/760/284 742/762/166 744/779/168 740/785/164
f 740/785/164 744/779/168 743/780/167 739/786/163
f 739/787/163 743/781/167 741/715/165 737/713/161
f 721/737/145 725/735/286 727/788/151 723/782/147
f 723/782/147 727/788/151 728/789/152 724/783/148
f 724/784/148 728/790/152 726/714/150 722/716/146
f 730/705/154 738/760/284 740/785/164 732/791/283
f 732/791/283 740/785/164 739/786/163 731/792/155
f 731/793/155 739/787/163 737/713/161 729/692/153
f 725/735/286 713/698/137 715/794/285 727/788/151
f 727/788/151 715/794/285 716/795/140 728/789/152
f 728/790/152 716/796/140 714/693/138 726/714/150
f 766/754/190 753/752/177 755/797/179 768/798/192
f 768/798/192 755/797/179 756/799/180 767/800/191
f 767/801/191 756/802/180 754/720/178 765/725/189
f 690/673/114 697/676/121 699/803/123 692/804/116
f 692/804/116 699/803/123 700/805/124 691/806/115
f 691/807/115 700/808/124 698/726/122 689/719/113
f 762/700/186 766/754/190 768/798/192 764/809/188
f 764/809/188 768/798/192 767/800/191 763/810/187
f 763/811/187 767/801/191 765/725/189 761/723/185
f 697/676/121 701/734/125 703/812/127 699/803/123
f 699/803/123 703/812/127 704/813/128 700/805/124
f 700/808/124 704/814/128 702/724/126 698/726/122
f 758/701/182 762/700/186 764/809/188 760/815/184
f 760/815/184 764/809/188 763/810/187 759/816/183
f 759/817/183 763/811/187 761/723/185 757/685/181
f 701/734/125 705/756/129 707/818/131 703/812/127
f 703/812/127 707/818/131 708/819/132 704/813/128
f 704/814/128 708/820/132 706/686/130 702/724/126
f 750/683/174 758/701/182 760/815/184 752/821/282
f 752/821/282 760/815/184 759/816/183 751/822/175
f 751/823/175 759/817/183 757/685/181 749/688/173
f 705/756/129 693/758/117 695/824/288 707/818/131
f 707/818/131 695/824/288 696/825/120 708/819/132
f 708/820/132 696/826/120 694/687/118 706/686/130
f 610/727/34 617/730/41 619/827/43 612/828/36
f 612/828/36 619/827/43 620/829/44 611/830/35
f 611/830/35 620/829/44 618/675/42 609/674/33
f 617/730/41 621/732/267 623/831/269 619/827/43
f 619/827/43 623/831/269 624/832/268 620/829/44
f 620/829/44 624/832/268 622/733/266 618/675/42
f 621/732/267 625/677/263 627/833/265 623/831/269
f 623/831/269 627/833/265 628/834/264 624/832/268
f 624/832/268 628/834/264 626/755/262 622/733/266
f 625/677/263 613/680/259 615/835/261 627/833/265
f 627/833/265 615/835/261 616/836/260 628/834/264
f 628/834/264 616/836/260 614/757/258 626/755/262
f 670/747/94 677/745/101 679/837/103 672/838/96
f 672/838/96 679/837/103 680/839/104 671/840/95
f 671/840/95 680/839/104 678/740/102 669/750/93
f 677/745/101 681/743/255 683/841/257 679/837/103
f 679/837/103 683/841/257 684/842/256 680/839/104
f 680/839/104 684/842/256 682/738/254 678/740/102
f 681/743/255 685/742/251 687/843/253 683/841/257
f 683/841/257 687/843/253 688/844/252 684/842/256
f 684/842/256 688/844/252 686/736/250 682/738/254
f 685/742/251 673/712/247 675/845/249 687/843/253
f 687/843/253 675/845/249 676/846/248 688/844/252
f 688/844/252 676/846/248 674/695/292 686/736/250
f 646/746/70 633/748/57 635/847/59 648/848/72
f 648/848/72 635/847/59 636/849/60 647/850/71
f 647/850/71 636/849/60 634/689/58 645/763/69
f 642/744/274 646/746/70 648/848/72 644/851/276
f 644/851/276 648/848/72 647/850/71 643/852/277
f 643/852/277 647/850/71 645/763/69 641/761/275
f 638/741/278 642/744/274 644/851/276 640/853/280
f 640/853/280 644/851/276 643/852/277 639/854/281
f 639/854/281 643/852/277 641/761/275 637/759/279
f 630/709/270 638/741/278 640/853/280 632/855/272
f 632/855/272 640/853/280 639/854/281 631/856/273
f 631/856/273 639/854/281 637/759/279 629/704/291
f 666/729/90 653/728/77 655/857/79 668/858/92
f 668/858/92 655/857/79 656/859/80 667/860/91
f 667/860/91 656/859/80 654/749/78 665/753/89
f 662/731/238 666/729/90 668/858/92 664/861/240
f 664/861/240 668/858/92 667/860/91 663/862/241
f 663/862/241 667/860/91 665/753/89 661/699/239
f 658/678/242 662/731/238 664/861/240 660/863/244
f 660/863/244 664/861/240 663/862/241 659/864/245
f 659/864/245 663/862/241 661/699/239 657/702/243
f 650/679/234 658/678/242 660/863/244 652/865/236
f 652/865/236 660/863/244 659/864/245 651/866/237
f 651/866/237 659/864/245 657/702/243 649/682/235
f 613/680/259 578/765/210 580/867/212 615/835/261
f 615/835/261 580/867/212 579/868/213 616/836/260
f 616/836/260 579/868/213 577/869/211 614/757/258
f 601/708/219 694/687/118 696/826/120 603/870/221
f 603/871/221 696/825/120 695/824/288 604/872/220
f 604/872/220 695/824/288 693/758/117 602/873/218
f 609/674/33 634/689/58 636/849/60 611/830/35
f 611/830/35 636/849/60 635/847/59 612/828/36
f 612/828/36 635/847/59 633/748/57 610/727/34
f 669/750/93 654/749/78 656/859/80 671/840/95
f 671/840/95 656/859/80 655/857/79 672/838/96
f 672/838/96 655/857/79 653/728/77 670/747/94
f 689/719/113 734/722/158 736/772/160 691/807/115
f 691/806/115 736/769/160 735/767/159 692/804/116
f 692/804/116 735/767/159 733/690/157 690/673/114
f 649/682/235 586/681/202 588/874/204 651/866/237
f 651/866/237 588/874/204 587/875/205 652/865/236
f 652/865/236 587/875/205 585/766/203 650/679/234
f 629/704/291 582/703/214 584/876/216 631/856/273
f 631/856/273 584/876/216 583/877/217 632/855/272
f 632/855/272 583/877/217 581/710/215 630/709/270
f 589/696/207 674/695/292 676/846/248 591/878/209
f 591/878/209 676/846/248 675/845/249 592/879/208
f 592/879/208 675/845/249 673/712/247 590/711/206
f 729/692/153 606/691/222 608/880/224 731/793/155
f 731/792/155 608/881/224 607/882/225 732/791/283
f 732/791/283 607/882/225 605/706/223 730/705/154
f 749/688/173 594/707/226 596/883/228 751/823/175
f 751/822/175 596/884/228 595/885/229 752/821/282
f 752/821/282 595/885/229 593/684/227 750/683/174
f 709/721/133 754/720/178 756/802/180 711/777/135
f 711/776/135 756/799/180 755/797/179 712/774/136
f 712/774/136 755/797/179 753/752/177 710/751/134
f 597/694/231 714/693/138 716/796/140 599/886/233
f 599/887/233 716/795/140 715/794/285 600/888/232
f 600/888/232 715/794/285 713/698/137 598/697/230
f 614/757/258 577/869/211 602/873/218 693/758/117
f 582/889/214 605/890/223 607/891/225 608/880/224 606/691/222 597/694/231 599/886/233 600/892/232 598/893/230 589/894/207 591/895/209 592/896/208 590/897/206 581/898/215 583/899/217 584/900/216
f 578/901/210 585/902/203 587/903/205 588/904/204 586/905/202 593/906/227 595/907/229 596/883/228 594/707/226 601/708/219 603/870/221 604/908/220 602/909/218 577/910/211 579/911/213 580/912/212
f 845/913/360 792/914/313 886/915/389 908/916/393
f 821/917/342 812/918/333 892/919/395 902/920/390
f 857/921/369 802/922/323 898/923/398 911/924/396
f 833/925/351 782/926/303 880/927/392 905/928/399
f 827/929/348 794/930/315 855/931/366 771/932/293
f 791/933/312 795/934/316 828/935/349 825/936/346
f 811/937/332 815/938/336 867/939/379 862/940/374
f 849/941/364 852/942/367 854/943/367 845/944/360
f 825/936/346 828/935/349 830/945/349 821/946/342
f 774/947/295 834/948/352 904/949/398 777/950/298
f 801/951/322 837/952/355 895/953/392 899/954/399
f 774/947/295 776/955/297 836/956/354 834/948/352
f 791/957/312 825/958/346 883/959/395 887/960/390
f 824/961/345 773/962/294 779/963/300 884/964/396
f 775/965/296 822/966/343 901/967/389 780/968/301
f 773/962/294 775/965/296 776/955/297 774/947/295
f 814/969/335 831/970/348 769/971/293 868/972/380
f 773/962/294 846/973/361 907/974/392 779/963/300
f 837/975/355 840/976/358 842/977/358 833/978/351
f 769/971/293 771/932/293 772/979/293 770/980/293
f 824/961/345 822/966/343 775/965/296 773/962/294
f 877/981/389 879/982/391 878/983/390 777/950/298 904/949/398 906/984/400 905/928/399 880/927/392 882/985/394 881/986/393
f 801/987/322 805/988/326 840/976/358 837/975/355
f 860/989/372 869/990/381 874/991/386 857/992/369
f 845/944/360 854/943/367 796/993/317 792/994/313
f 776/955/297 858/995/370 910/996/395 778/997/299
f 811/998/332 862/999/374 889/1000/398 893/1001/396
f 775/965/296 861/1002/373 858/995/370 776/955/297
f 833/978/351 842/977/358 785/1003/306 782/1004/303
f 846/973/361 773/962/294 774/947/295 848/1005/363
f 886/915/389 888/1006/391 887/960/390 883/959/395 885/1007/397 884/964/396 779/963/300 907/974/392 909/1008/394 908/916/393
f 901/967/389 903/1009/391 902/920/390 892/919/395 894/1010/397 893/1001/396 889/1000/398 891/1011/400 890/1012/399 780/968/301
f 778/997/299 910/996/395 912/1013/397 911/924/396 898/923/398 900/1014/400 899/954/399 895/953/392 897/1015/394 896/1016/393
f 821/946/342 830/945/349 816/1017/337 812/1018/333
f 836/956/354 776/955/297 778/997/299 896/1016/393
f 781/1019/302 784/1020/305 852/1021/367 849/1022/364
f 770/980/293 772/979/293 843/1023/357 839/1024/357
f 772/979/293 851/1025/366 786/1026/307 843/1023/357
f 848/1005/363 774/947/295 777/950/298 878/983/390
f 868/972/380 769/971/293 770/980/293 875/1027/387
f 875/1027/387 770/980/293 839/1024/357 804/1028/325
f 771/932/293 855/931/366 851/1025/366 772/979/293
f 857/992/369 874/991/386 806/1029/327 802/1030/323
f 831/970/348 827/929/348 771/932/293 769/971/293
f 861/1002/373 775/965/296 780/968/301 890/1012/399
f 784/1031/305 787/1032/308 788/1033/309 790/1034/311
f 785/1035/306 789/1036/310 788/1033/309 787/1032/308
f 786/1026/307 790/1034/311 788/1033/309 789/1036/310
f 794/930/315 797/1037/318 798/1038/319 800/1039/321
f 795/1040/316 799/1041/320 798/1038/319 797/1037/318
f 796/1042/317 800/1039/321 798/1038/319 799/1041/320
f 804/1028/325 807/1043/328 808/1044/329 810/1045/331
f 805/1046/326 809/1047/330 808/1044/329 807/1043/328
f 806/1048/327 810/1045/331 808/1044/329 809/1047/330
f 814/969/335 817/1049/338 818/1050/339 820/1051/341
f 815/1052/336 819/1053/340 818/1050/339 817/1049/338
f 816/1054/337 820/1051/341 818/1050/339 819/1053/340
f 860/1055/372 863/1056/375 864/1057/376 866/1058/378
f 861/1002/373 865/1059/377 864/1057/376 863/1056/375
f 862/999/374 866/1058/378 864/1057/376 865/1059/377
f 867/1060/379 870/1061/382 871/1062/383 873/1063/385
f 868/972/380 872/1064/384 871/1062/383 870/1061/382
f 869/1065/381 873/1063/385 871/1062/383 872/1064/384
f 782/1004/303 785/1003/306 787/1066/308 783/1067/304
f 783/1067/304 787/1066/308 784/1020/305 781/1019/302
f 855/931/366 794/930/315 800/1039/321 856/1068/368
f 856/1068/368 800/1039/321 796/1042/317 854/1069/367
f 795/934/316 791/933/312 793/1070/314 799/1071/320
f 799/1071/320 793/1070/314 792/994/313 796/993/317
f 831/970/348 814/969/335 820/1051/341 832/1072/350
f 832/1072/350 820/1051/341 816/1054/337 830/1073/349
f 815/938/336 811/937/332 813/1074/334 819/1075/340
f 819/1075/340 813/1074/334 812/1018/333 816/1017/337
f 875/1027/387 804/1028/325 810/1045/331 876/1076/388
f 876/1076/388 810/1045/331 806/1048/327 874/1077/386
f 805/988/326 801/987/322 803/1078/324 809/1079/330
f 809/1079/330 803/1078/324 802/1030/323 806/1029/327
f 843/1023/357 786/1026/307 789/1036/310 844/1080/359
f 844/1080/359 789/1036/310 785/1035/306 842/1081/358
f 822/966/343 824/961/345 826/1082/347 823/1083/344
f 823/1083/344 826/1082/347 825/958/346 821/917/342
f 794/930/315 827/929/348 829/1084/350 797/1037/318
f 797/1037/318 829/1084/350 828/1085/349 795/1040/316
f 827/929/348 831/970/348 832/1072/350 829/1084/350
f 829/1084/350 832/1072/350 830/1073/349 828/1085/349
f 834/948/352 836/956/354 838/1086/356 835/1087/353
f 835/1087/353 838/1086/356 837/952/355 833/925/351
f 804/1028/325 839/1024/357 841/1088/359 807/1043/328
f 807/1043/328 841/1088/359 840/1089/358 805/1046/326
f 839/1024/357 843/1023/357 844/1080/359 841/1088/359
f 841/1088/359 844/1080/359 842/1081/358 840/1089/358
f 846/973/361 848/1005/363 850/1090/365 847/1091/362
f 847/1091/362 850/1090/365 849/1092/364 845/913/360
f 786/1026/307 851/1025/366 853/1093/368 790/1034/311
f 790/1034/311 853/1093/368 852/1094/367 784/1031/305
f 851/1025/366 855/931/366 856/1068/368 853/1093/368
f 853/1093/368 856/1068/368 854/1069/367 852/1094/367
f 858/995/370 861/1002/373 863/1056/375 859/1095/371
f 859/1095/371 863/1056/375 860/1055/372 857/921/369
f 814/969/335 868/972/380 870/1061/382 817/1049/338
f 817/1049/338 870/1061/382 867/1060/379 815/1052/336
f 868/972/380 875/1027/387 876/1076/388 872/1064/384
f 872/1064/384 876/1076/388 874/1077/386 869/1065/381
f 869/990/381 860/989/372 866/1096/378 873/1097/385
f 873/1097/385 866/1096/378 862/940/374 867/939/379
f 824/961/345 884/964/396 885/1007/397 826/1082/347
f 826/1082/347 885/1007/397 883/959/395 825/958/346
f 886/915/389 792/914/313 793/1098/314 888/1006/391
f 888/1006/391 793/1098/314 791/957/312 887/960/390
f 811/998/332 893/1001/396 894/1010/397 813/1099/334
f 813/1099/334 894/1010/397 892/919/395 812/918/333
f 901/967/389 822/966/343 823/1083/344 903/1009/391
f 903/1009/391 823/1083/344 821/917/342 902/920/390
f 907/974/392 846/973/361 847/1091/362 909/1008/394
f 909/1008/394 847/1091/362 845/913/360 908/916/393
f 861/1002/373 890/1012/399 891/1011/400 865/1059/377
f 865/1059/377 891/1011/400 889/1000/398 862/999/374
f 833/925/351 905/928/399 906/984/400 835/1087/353
f 835/1087/353 906/984/400 904/949/398 834/948/352
f 848/1005/363 878/983/390 879/982/391 850/1090/365
f 850/1090/365 879/982/391 877/981/389 849/1092/364
f 880/927/392 782/926/303 783/1100/304 882/985/394
f 882/985/394 783/1100/304 781/1101/302 881/986/393
f 895/953/392 837/952/355 838/1086/356 897/1015/394
f 897/1015/394 838/1086/356 836/956/354 896/1016/393
f 801/951/322 899/954/399 900/1014/400 803/1102/324
f 803/1102/324 900/1014/400 898/923/398 802/922/323
f 910/996/395 858/995/370 859/1095/371 912/1013/397
f 912/1013/397 859/1095/371 857/921/369 911/924/396
f 781/1101/302 849/1092/364 877/981/389 881/986/393
f 963/1103/451 974/1104/462 925/1105/413 914/1106/402
f 987/1107/475 998/1108/486 975/1109/463 962/1110/450
f 997/1111/485 949/1112/437 926/1113/414 973/1114/461
f 915/1115/403 927/1116/415 951/1117/439 938/1118/426
f 939/1119/427 950/1120/438 999/1121/487 986/1122/474
f 913/1123/401 916/1124/404 918/1125/406 917/1126/405
f 916/1124/404 920/1127/408 921/1128/409 918/1125/406
f 914/1129/402 919/1130/407 921/1128/409 920/1127/408
f 919/1130/407 923/1131/411 924/1132/412 921/1128/409
f 915/1133/403 922/1134/410 924/1132/412 923/1131/411
f 922/1134/410 917/1126/405 918/1125/406 924/1132/412
f 918/1125/406 921/1128/409 924/1132/412
f 925/1105/413 928/1135/416 930/1136/418 929/1137/417
f 928/1135/416 932/1138/420 933/1139/421 930/1136/418
f 926/1113/414 931/1140/419 933/1139/421 932/1138/420
f 931/1140/419 935/1141/423 936/1142/424 933/1139/421
f 927/1116/415 934/1143/422 936/1142/424 935/1141/423
f 934/1143/422 929/1137/417 930/1136/418 936/1142/424
f 930/1136/418 933/1139/421 936/1142/424
f 937/1144/425 940/1145/428 942/1146/430 941/1147/429
f 940/1145/428 944/1148/432 945/1149/433 942/1146/430
f 938/1150/426 943/1151/431 945/1149/433 944/1148/432
f 943/1151/431 947/1152/435 948/1153/436 945/1149/433
f 939/1154/427 946/1155/434 948/1153/436 947/1152/435
f 946/1155/434 941/1147/429 942/1146/430 948/1153/436
f 942/1146/430 945/1149/433 948/1153/436
f 949/1112/437 952/1156/440 954/1157/442 953/1158/441
f 952/1156/440 956/1159/444 957/1160/445 954/1157/442
f 950/1120/438 955/1161/443 957/1160/445 956/1159/444
f 955/1161/443 959/1162/447 960/1163/448 957/1160/445
f 951/1117/439 958/1164/446 960/1163/448 959/1162/447
f 958/1164/446 953/1158/441 954/1157/442 960/1163/448
f 954/1157/442 957/1160/445 960/1163/448
f 961/1165/449 964/1166/452 966/1167/454 965/1168/453
f 964/1166/452 968/1169/456 969/1170/457 966/1167/454
f 962/1171/450 967/1172/455 969/1170/457 968/1169/456
f 967/1172/455 971/1173/459 972/1174/460 969/1170/457
f 963/1175/451 970/1176/458 972/1174/460 971/1173/459
f 970/1176/458 965/1168/453 966/1167/454 972/1174/460
f 966/1167/454 969/1170/457 972/1174/460
f 973/1114/461 976/1177/464 978/1178/466 977/1179/465
f 976/1177/464 980/1180/468 981/1181/469 978/1178/466
f 974/1104/462 979/1182/467 981/1181/469 980/1180/468
f 979/1182/467 983/1183/471 984/1184/472 981/1181/469
f 975/1109/463 982/1185/470 984/1184/472 983/1183/471
f 982/1185/470 977/1179/465 978/1178/466 984/1184/472
f 978/1178/466 981/1181/469 984/1184/472
f 985/1186/473 988/1187/476 990/1188/478 989/1189/477
f 988/1187/476 992/1190/480 993/1191/481 990/1188/478
f 986/1192/474 991/1193/479 993/1191/481 992/1190/480
f 991/1193/479 995/1194/483 996/1195/484 993/1191/481
f 987/1196/475 994/1197/482 996/1195/484 995/1194/483
f 994/1197/482 989/1189/477 990/1188/478 996/1195/484
f 990/1188/478 993/1191/481 996/1195/484
f 997/1111/485 1000/1198/488 1002/1199/490 1001/1200/489
f 1000/1198/488 1004/1201/492 1005/1202/493 1002/1199/490
f 998/1108/486 1003/1203/491 1005/1202/493 1004/1201/492
f 1003/1203/491 1007/1204/495 1008/1205/496 1005/1202/493
f 999/1121/487 1006/1206/494 1008/1205/496 1007/1204/495
f 1006/1206/494 1001/1200/489 1002/1199/490 1008/1205/496
f 1002/1199/490 1005/1202/493 1008/1205/496
f 937/1144/425 913/1123/401 917/1126/405 940/1145/428
f 940/1145/428 917/1126/405 922/1134/410 944/1148/432
f 944/1148/432 922/1134/410 915/1133/403 938/1150/426
f 914/1106/402 925/1105/413 929/1137/417 919/1207/407
f 919/1207/407 929/1137/417 934/1143/422 923/1208/411
f 923/1208/411 934/1143/422 927/1116/415 915/1115/403
f 926/1113/414 949/1112/437 953/1158/441 931/1140/419
f 931/1140/419 953/1158/441 958/1164/446 935/1141/423
f 935/1141/423 958/1164/446 951/1117/439 927/1116/415
f 950/1120/438 939/1119/427 947/1209/435 955/1161/443
f 955/1161/443 947/1209/435 943/1210/431 959/1162/447
f 959/1162/447 943/1210/431 938/1118/426 951/1117/439
f 985/1186/473 937/1144/425 941/1147/429 988/1187/476
f 988/1187/476 941/1147/429 946/1155/434 992/1190/480
f 992/1190/480 946/1155/434 939/1154/427 986/1192/474
f 949/1112/437 997/1111/485 1001/1200/489 952/1156/440
f 952/1156/440 1001/1200/489 1006/1206/494 956/1159/444
f 956/1159/444 1006/1206/494 999/1121/487 950/1120/438
f 998/1108/486 987/1107/475 995/1211/483 1003/1203/491
f 1003/1203/491 995/1211/483 991/1212/479 1007/1204/495
f 1007/1204/495 991/1212/479 986/1122/474 999/1121/487
f 961/1165/449 985/1186/473 989/1189/477 964/1166/452
f 964/1166/452 989/1189/477 994/1197/482 968/1169/456
f 968/1169/456 994/1197/482 987/1196/475 962/1171/450
f 997/1111/485 973/1114/461 977/1179/465 1000/1198/488
f 1000/1198/488 977/1179/465 982/1185/470 1004/1201/492
f 1004/1201/492 982/1185/470 975/1109/463 998/1108/486
f 974/1104/462 963/1103/451 971/1213/459 979/1182/467
f 979/1182/467 971/1213/459 967/1214/455 983/1183/471
f 983/1183/471 967/1214/455 962/1110/450 975/1109/463
f 913/1123/401 961/1165/449 965/1168/453 916/1124/404
f 916/1124/404 965/1168/453 970/1176/458 920/1127/408
f 920/1127/408 970/1176/458 963/1175/451 914/1129/402
f 973/1114/461 926/1113/414 932/1138/420 976/1177/464
f 976/1177/464 932/1138/420 928/1135/416 980/1180/468
f 980/1180/468 928/1135/416 925/1105/413 974/1104/462
f 937/1144/425 985/1186/473 961/1165/449 913/1123/401
f 1085/1215/360 1032/1216/313 1126/1217/389 1148/1218/393
f 1061/1219/342 1052/1220/333 1132/1221/395 1142/1222/390
f 1097/1223/369 1042/1224/323 1138/1225/398 1151/1226/396
f 1073/1227/351 1022/1228/303 1120/1229/392 1145/1230/399
f 1067/1231/348 1034/1232/315 1095/1233/366 1011/1234/293
f 1031/1235/312 1035/1236/316 1068/1237/349 1065/1238/346
f 1051/1239/332 1055/1240/336 1107/1241/379 1102/1242/374
f 1089/1243/364 1092/1244/367 1094/1245/367 1085/1246/360
f 1065/1238/346 1068/1237/349 1070/1247/349 1061/1248/342
f 1014/1249/295 1074/1250/352 1144/1251/398 1017/1252/298
f 1041/1253/322 1077/1254/355 1135/1255/392 1139/1256/399
f 1014/1249/295 1016/1257/297 1076/1258/354 1074/1250/352
f 1031/1259/312 1065/1260/346 1123/1261/395 1127/1262/390
f 1064/1263/345 1013/1264/294 1019/1265/300 1124/1266/396
f 1015/1267/296 1062/1268/343 1141/1269/389 1020/1270/301
f 1013/1264/294 1015/1267/296 1016/1257/297 1014/1249/295
f 1054/1271/335 1071/1272/348 1009/1273/293 1108/1274/380
f 1013/1264/294 1086/1275/361 1147/1276/392 1019/1265/300
f 1077/1277/355 1080/1278/358 1082/1279/358 1073/1280/351
f 1009/1273/293 1011/1234/293 1012/1281/293 1010/1282/293
f 1064/1263/345 1062/1268/343 1015/1267/296 1013/1264/294
f 1117/1283/389 1119/1284/391 1118/1285/390 1017/1252/298 1144/1251/398 1146/1286/400 1145/1230/399 1120/1229/392 1122/1287/394 1121/1288/393
f 1041/1289/322 1045/1290/326 1080/1278/358 1077/1277/355
f 1100/1291/372 1109/1292/381 1114/1293/386 1097/1294/369
f 1085/1246/360 1094/1245/367 1036/1295/317 1032/1296/313
f 1016/1257/297 1098/1297/370 1150/1298/395 1018/1299/299
f 1051/1300/332 1102/1301/374 1129/1302/398 1133/1303/396
f 1015/1267/296 1101/1304/373 1098/1297/370 1016/1257/297
f 1073/1280/351 1082/1279/358 1025/1305/306 1022/1306/303
f 1086/1275/361 1013/1264/294 1014/1249/295 1088/1307/363
f 1126/1217/389 1128/1308/391 1127/1262/390 1123/1261/395 1125/1309/397 1124/1266/396 1019/1265/300 1147/1276/392 1149/1310/394 1148/1218/393
f 1141/1269/389 1143/1311/391 1142/1222/390 1132/1221/395 1134/1312/397 1133/1303/396 1129/1302/398 1131/1313/400 1130/1314/399 1020/1270/301
f 1018/1299/299 1150/1298/395 1152/1315/397 1151/1226/396 1138/1225/398 1140/1316/400 1139/1256/399 1135/1255/392 1137/1317/394 1136/1318/393
f 1061/1248/342 1070/1247/349 1056/1319/337 1052/1320/333
f 1076/1258/354 1016/1257/297 1018/1299/299 1136/1318/393
f 1021/1321/302 1024/1322/305 1092/1323/367 1089/1324/364
f 1010/1282/293 1012/1281/293 1083/1325/357 1079/1326/357
f 1012/1281/293 1091/1327/366 1026/1328/307 1083/1325/357
f 1088/1307/363 1014/1249/295 1017/1252/298 1118/1285/390
f 1108/1274/380 1009/1273/293 1010/1282/293 1115/1329/387
f 1115/1329/387 1010/1282/293 1079/1326/357 1044/1330/325
f 1011/1234/293 1095/1233/366 1091/1327/366 1012/1281/293
f 1097/1294/369 1114/1293/386 1046/1331/327 1042/1332/323
f 1071/1272/348 1067/1231/348 1011/1234/293 1009/1273/293
f 1101/1304/373 1015/1267/296 1020/1270/301 1130/1314/399
f 1024/1333/305 1027/1334/308 1028/1335/497 1030/1336/311
f 1025/1337/306 1029/1338/310 1028/1335/497 1027/1334/308
f 1026/1328/307 1030/1336/311 1028/1335/497 1029/1338/310
f 1034/1232/315 1037/1339/318 1038/1340/498 1040/1341/321
f 1035/1342/316 1039/1343/320 1038/1340/498 1037/1339/318
f 1036/1344/317 1040/1341/321 1038/1340/498 1039/1343/320
f 1044/1330/325 1047/1345/328 1048/1346/499 1050/1347/331
f 1045/1348/326 1049/1349/330 1048/1346/499 1047/1345/328
f 1046/1350/327 1050/1347/331 1048/1346/499 1049/1349/330
f 1054/1271/335 1057/1351/338 1058/1352/500 1060/1353/341
f 1055/1354/336 1059/1355/340 1058/1352/500 1057/1351/338
f 1056/1356/337 1060/1353/341 1058/1352/500 1059/1355/340
f 1100/1357/372 1103/1358/375 1104/1359/376 1106/1360/378
f 1101/1304/373 1105/1361/377 1104/1359/376 1103/1358/375
f 1102/1301/374 1106/1360/378 1104/1359/376 1105/1361/377
f 1107/1362/379 1110/1363/382 1111/1364/383 1113/1365/385
f 1108/1274/380 1112/1366/384 1111/1364/383 1110/1363/382
f 1109/1367/381 1113/1365/385 1111/1364/383 1112/1366/384
f 1022/1306/303 1025/1305/306 1027/1368/308 1023/1369/304
f 1023/1369/304 1027/1368/308 1024/1322/305 1021/1321/302
f 1095/1233/366 1034/1232/315 1040/1341/321 1096/1370/368
f 1096/1370/368 1040/1341/321 1036/1344/317 1094/1371/367
f 1035/1236/316 1031/1235/312 1033/1372/314 1039/1373/320
f 1039/1373/320 1033/1372/314 1032/1296/313 1036/1295/317
f 1071/1272/348 1054/1271/335 1060/1353/341 1072/1374/350
f 1072/1374/350 1060/1353/341 1056/1356/337 1070/1375/349
f 1055/1240/336 1051/1239/332 1053/1376/334 1059/1377/340
f 1059/1377/340 1053/1376/334 1052/1320/333 1056/1319/337
f 1115/1329/387 1044/1330/325 1050/1347/331 1116/1378/388
f 1116/1378/388 1050/1347/331 1046/1350/327 1114/1379/386
f 1045/1290/326 1041/1289/322 1043/1380/324 1049/1381/330
f 1049/1381/330 1043/1380/324 1042/1332/323 1046/1331/327
f 1083/1325/357 1026/1328/307 1029/1338/310 1084/1382/359
f 1084/1382/359 1029/1338/310 1025/1337/306 1082/1383/358
f 1062/1268/343 1064/1263/345 1066/1384/347 1063/1385/344
f 1063/1385/344 1066/1384/347 1065/1260/346 1061/1219/342
f 1034/1232/315 1067/1231/348 1069/1386/350 1037/1339/318
f 1037/1339/318 1069/1386/350 1068/1387/349 1035/1342/316
f 1067/1231/348 1071/1272/348 1072/1374/350 1069/1386/350
f 1069/1386/350 1072/1374/350 1070/1375/349 1068/1387/349
f 1074/1250/352 1076/1258/354 1078/1388/356 1075/1389/353
f 1075/1389/353 1078/1388/356 1077/1254/355 1073/1227/351
f 1044/1330/325 1079/1326/357 1081/1390/359 1047/1345/328
f 1047/1345/328 1081/1390/359 1080/1391/358 1045/1348/326
f 1079/1326/357 1083/1325/357 1084/1382/359 1081/1390/359
f 1081/1390/359 1084/1382/359 1082/1383/358 1080/1391/358
f 1086/1275/361 1088/1307/363 1090/1392/365 1087/1393/362
f 1087/1393/362 1090/1392/365 1089/1394/364 1085/1215/360
f 1026/1328/307 1091/1327/366 1093/1395/368 1030/1336/311
f 1030/1336/311 1093/1395/368 1092/1396/367 1024/1333/305
f 1091/1327/366 1095/1233/366 1096/1370/368 1093/1395/368
f 1093/1395/368 1096/1370/368 1094/1371/367 1092/1396/367
f 1098/1297/370 1101/1304/373 1103/1358/375 1099/1397/371
f 1099/1397/371 1103/1358/375 1100/1357/372 1097/1223/369
f 1054/1271/335 1108/1274/380 1110/1363/382 1057/1351/338
f 1057/1351/338 1110/1363/382 1107/1362/379 1055/1354/336
f 1108/1274/380 1115/1329/387 1116/1378/388 1112/1366/384
f 1112/1366/384 1116/1378/388 1114/1379/386 1109/1367/381
f 1109/1292/381 1100/1291/372 1106/1398/378 1113/1399/385
f 1113/1399/385 1106/1398/378 1102/1242/374 1107/1241/379
f 1064/1263/345 1124/1266/396 1125/1309/397 1066/1384/347
f 1066/1384/347 1125/1309/397 1123/1261/395 1065/1260/346
f 1126/1217/389 1032/1216/313 1033/1400/314 1128/1308/391
f 1128/1308/391 1033/1400/314 1031/1259/312 1127/1262/390
f 1051/1300/332 1133/1303/396 1134/1312/397 1053/1401/334
f 1053/1401/334 1134/1312/397 1132/1221/395 1052/1220/333
f 1141/1269/389 1062/1268/343 1063/1385/344 1143/1311/391
f 1143/1311/391 1063/1385/344 1061/1219/342 1142/1222/390
f 1147/1276/392 1086/1275/361 1087/1393/362 1149/1310/394
f 1149/1310/394 1087/1393/362 1085/1215/360 1148/1218/393
f 1101/1304/373 1130/1314/399 1131/1313/400 1105/1361/377
f 1105/1361/377 1131/1313/400 1129/1302/398 1102/1301/374
f 1073/1227/351 1145/1230/399 1146/1286/400 1075/1389/353
f 1075/1389/353 1146/1286/400 1144/1251/398 1074/1250/352
f 1088/1307/363 1118/1285/390 1119/1284/391 1090/1392/365
f 1090/1392/365 1119/1284/391 1117/1283/389 1089/1394/364
f 1120/1229/392 1022/1228/303 1023/1402/304 1122/1287/394
f 1122/1287/394 1023/1402/304 1021/1403/302 1121/1288/393
f 1135/1255/392 1077/1254/355 1078/1388/356 1137/1317/394
f 1137/1317/394 1078/1388/356 1076/1258/354 1136/1318/393
f 1041/1253/322 1139/1256/399 1140/1316/400 1043/1404/324
f 1043/1404/324 1140/1316/400 1138/1225/398 1042/1224/323
f 1150/1298/395 1098/1297/370 1099/1397/371 1152/1315/397
f 1152/1315/397 1099/1397/371 1097/1223/369 1151/1226/396
f 1021/1403/302 1089/1394/364 1117/1283/389 1121/1288/393
f 1203/1405/451 1214/1406/462 1165/1407/413 1154/1408/402
f 1227/1409/475 1238/1410/486 1215/1411/463 1202/1412/450
f 1237/1413/485 1189/1414/437 1166/1415/414 1213/1416/461
f 1155/1417/403 1167/1418/415 1191/1419/439 1178/1420/426
f 1179/1421/427 1190/1422/438 1239/1423/487 1226/1424/474
f 1153/1425/401 1156/1426/404 1158/1427/406 1157/1428/405
f 1156/1426/404 1160/1429/408 1161/1430/409 1158/1427/406
f 1154/1431/402 1159/1432/407 1161/1430/409 1160/1429/408
f 1159/1432/407 1163/1433/411 1164/1434/412 1161/1430/409
f 1155/1435/403 1162/1436/410 1164/1434/412 1163/1433/411
f 1162/1436/410 1157/1428/405 1158/1427/406 1164/1434/412
f 1158/1427/406 1161/1430/409 1164/1434/412
f 1165/1407/413 1168/1437/416 1170/1438/418 1169/1439/417
f 1168/1437/416 1172/1440/420 1173/1441/421 1170/1438/418
f 1166/1415/414 1171/1442/419 1173/1441/421 1172/1440/420
f 1171/1442/419 1175/1443/423 1176/1444/424 1173/1441/421
f 1167/1418/415 1174/1445/422 1176/1444/424 1175/1443/423
f 1174/1445/422 1169/1439/417 1170/1438/418 1176/1444/424
f 1170/1438/418 1173/1441/421 1176/1444/424
f 1177/1446/425 1180/1447/428 1182/1448/430 1181/1449/429
f 1180/1447/428 1184/1450/432 1185/1451/433 1182/1448/430
f 1178/1452/426 1183/1453/431 1185/1451/433 1184/1450/432
f 1183/1453/431 1187/1454/435 1188/1455/436 1185/1451/433
f 1179/1456/427 1186/1457/434 1188/1455/436 1187/1454/435
f 1186/1457/434 1181/1449/429 1182/1448/430 1188/1455/436
f 1182/1448/430 1185/1451/433 1188/1455/436
f 1189/1414/437 1192/1458/440 1194/1459/442 1193/1460/441
f 1192/1458/440 1196/1461/444 1197/1462/445 1194/1459/442
f 1190/1422/438 1195/1463/443 1197/1462/445 1196/1461/444
f 1195/1463/443 1199/1464/447 1200/1465/448 1197/1462/445
f 1191/1419/439 1198/1466/446 1200/1465/448 1199/1464/447
f 1198/1466/446 1193/1460/441 1194/1459/442 1200/1465/448
f 1194/1459/442 1197/1462/445 1200/1465/448
f 1201/1467/449 1204/1468/452 1206/1469/454 1205/1470/453
f 1204/1468/452 1208/1471/456 1209/1472/457 1206/1469/454
f 1202/1473/450 1207/1474/455 1209/1472/457 1208/1471/456
f 1207/1474/455 1211/1475/459 1212/1476/460 1209/1472/457
f 1203/1477/451 1210/1478/458 1212/1476/460 1211/1475/459
f 1210/1478/458 1205/1470/453 1206/1469/454 1212/1476/460
f 1206/1469/454 1209/1472/457 1212/1476/460
f 1213/1416/461 1216/1479/464 1218/1480/466 1217/1481/465
f 1216/1479/464 1220/1482/468 1221/1483/501 1218/1480/466
f 1214/1406/462 1219/1484/467 1221/1483/501 1220/1482/468
f 1219/1484/467 1223/1485/471 1224/1486/502 1221/1483/501
f 1215/1411/463 1222/1487/470 1224/1486/502 1223/1485/471
f 1222/1487/470 1217/1481/465 1218/1480/466 1224/1486/502
f 1218/1480/466 1221/1483/501 1224/1486/502
f 1225/1488/473 1228/1489/476 1230/1490/478 1229/1491/477
f 1228/1489/476 1232/1492/480 1233/1493/503 1230/1490/478
f 1226/1494/474 1231/1495/479 1233/1493/503 1232/1492/480
f 1231/1495/479 1235/1496/483 1236/1497/484 1233/1493/503
f 1227/1498/475 1234/1499/482 1236/1497/484 1235/1496/483
f 1234/1499/482 1229/1491/477 1230/1490/478 1236/1497/484
f 1230/1490/478 1233/1493/503 1236/1497/484
f 1237/1413/485 1240/1500/488 1242/1501/490 1241/1502/489
f 1240/1500/488 1244/1503/492 1245/1504/493 1242/1501/490
f 1238/1410/486 1243/1505/491 1245/1504/493 1244/1503/492
f 1243/1505/491 1247/1506/495 1248/1507/496 1245/1504/493
f 1239/1423/487 1246/1508/494 1248/1507/496 1247/1506/495
f 1246/1508/494 1241/1502/489 1242/1501/490 1248/1507/496
f 1242/1501/490 1245/1504/493 1248/1507/496
f 1177/1446/425 1153/1425/401 1157/1428/405 1180/1447/428
f 1180/1447/428 1157/1428/405 1162/1436/410 1184/1450/432
f 1184/1450/432 1162/1436/410 1155/1435/403 1178/1452/426
f 1154/1408/402 1165/1407/413 1169/1439/417 1159/1509/407
f 1159/1509/407 1169/1439/417 1174/1445/422 1163/1510/411
f 1163/1510/411 1174/1445/422 1167/1418/415 1155/1417/403
f 1166/1415/414 1189/1414/437 1193/1460/441 1171/1442/419
f 1171/1442/419 1193/1460/441 1198/1466/446 1175/1443/423
f 1175/1443/423 1198/1466/446 1191/1419/439 1167/1418/415
f 1190/1422/438 1179/1421/427 1187/1511/435 1195/1463/443
f 1195/1463/443 1187/1511/435 1183/1512/431 1199/1464/447
f 1199/1464/447 1183/1512/431 1178/1420/426 1191/1419/439
f 1225/1488/473 1177/1446/425 1181/1449/429 1228/1489/476
f 1228/1489/476 1181/1449/429 1186/1457/434 1232/1492/480
f 1232/1492/480 1186/1457/434 1179/1456/427 1226/1494/474
f 1189/1414/437 1237/1413/485 1241/1502/489 1192/1458/440
f 1192/1458/440 1241/1502/489 1246/1508/494 1196/1461/444
f 1196/1461/444 1246/1508/494 1239/1423/487 1190/1422/438
f 1238/1410/486 1227/1409/475 1235/1513/483 1243/1505/491
f 1243/1505/491 1235/1513/483 1231/1514/479 1247/1506/495
f 1247/1506/495 1231/1514/479 1226/1424/474 1239/1423/487
f 1201/1467/449 1225/1488/473 1229/1491/477 1204/1468/452
f 1204/1468/452 1229/1491/477 1234/1499/482 1208/1471/456
f 1208/1471/456 1234/1499/482 1227/1498/475 1202/1473/450
f 1237/1413/485 1213/1416/461 1217/1481/465 1240/1500/488
f 1240/1500/488 1217/1481/465 1222/1487/470 1244/1503/492
f 1244/1503/492 1222/1487/470 1215/1411/463 1238/1410/486
f 1214/1406/462 1203/1405/451 1211/1515/459 1219/1484/467
f 1219/1484/467 1211/1515/459 1207/1516/455 1223/1485/471
f 1223/1485/471 1207/1516/455 1202/1412/450 1215/1411/463
f 1153/1425/401 1201/1467/449 1205/1470/453 1156/1426/404
f 1156/1426/404 1205/1470/453 1210/1478/458 1160/1429/408
f 1160/1429/408 1210/1478/458 1203/1477/451 1154/1431/402
f 1213/1416/461 1166/1415/414 1172/1440/420 1216/1479/464
f 1216/1479/464 1172/1440/420 1168/1437/416 1220/1482/468
f 1220/1482/468 1168/1437/416 1165/1407/413 1214/1406/462
f 1177/1446/425 1225/1488/473 1201/1467/449 1153/1425/401
f 1362/1517/177 1369/1518/190 1290/1519/89 1281/1520/78
f 1297/1521/242 1285/1522/528 1322/1523/537 1330/1524/263
f 1258/1525/513 1265/1526/520 1422/1527/117 1321/1528/536
f 1429/1529/130 1421/1530/118 1366/1531/173 1378/1532/181
f 1306/1533/93 1405/1534/134 1362/1517/177 1281/1520/78
f 1278/1535/527 1269/1536/522 1386/1537/153 1401/1538/138
f 1346/1539/541 1385/1540/154 1270/1541/523 1261/1542/516
f 1333/1543/266 1329/1544/262 1430/1545/289 1434/1546/125
f 1254/1547/509 1277/1548/526 1402/1549/137 1301/1550/532
f 1266/1551/521 1273/1552/524 1366/1531/173 1421/1530/118
f 1302/1553/533 1345/1554/540 1262/1555/517 1253/1556/508
f 1409/1557/150 1401/1538/138 1386/1537/153 1398/1558/161
f 1413/1559/146 1409/1557/150 1398/1558/161 1394/1560/165
f 1417/1561/142 1413/1559/146 1394/1560/165 1390/1562/169
f 1361/1563/178 1406/1564/133 1381/1565/158 1426/1566/113
f 1433/1567/126 1429/1529/130 1378/1532/181 1374/1568/185
f 1406/1564/133 1417/1561/142 1390/1562/169 1381/1565/158
f 1437/1569/122 1433/1567/126 1374/1568/185 1370/1570/189
f 1282/1571/77 1289/1572/90 1338/1573/41 1325/1574/34
f 1289/1572/90 1293/1575/238 1334/1576/267 1338/1573/41
f 1293/1575/238 1297/1521/242 1330/1524/263 1334/1576/267
f 1369/1518/190 1373/1577/186 1294/1578/239 1290/1519/89
f 1397/1579/162 1385/1540/154 1346/1539/541 1358/1580/279
f 1393/1581/166 1397/1579/162 1358/1580/279 1354/1582/275
f 1426/1566/113 1437/1569/122 1370/1570/189 1361/1563/178
f 1389/1583/170 1393/1581/166 1354/1582/275 1350/1584/69
f 1310/1585/251 1314/1586/255 1353/1587/274 1357/1588/278
f 1329/1544/262 1321/1528/536 1422/1527/117 1430/1545/289
f 1314/1586/255 1318/1589/101 1349/1590/70 1353/1587/274
f 1318/1589/101 1305/1591/94 1342/1592/57 1349/1590/70
f 1326/1593/33 1425/1594/114 1382/1595/157 1341/1596/58
f 1382/1595/157 1389/1583/170 1350/1584/69 1341/1596/58
f 1337/1597/42 1333/1543/266 1434/1546/125 1438/1598/121
f 1326/1593/33 1337/1597/42 1438/1598/121 1425/1594/114
f 1282/1571/77 1325/1574/34 1342/1592/57 1305/1591/94
f 1373/1577/186 1377/1599/544 1298/1600/243 1294/1578/239
f 1302/1553/533 1310/1585/251 1357/1588/278 1345/1554/540
f 1377/1599/544 1365/1601/174 1286/1602/529 1298/1600/243
f 1309/1603/250 1301/1550/532 1402/1549/137 1410/1604/286
f 1313/1605/254 1309/1603/250 1410/1604/286 1414/1606/145
f 1317/1607/102 1313/1605/254 1414/1606/145 1418/1608/141
f 1306/1533/93 1317/1607/102 1418/1608/141 1405/1534/134
f 1250/1609/505 1257/1610/512 1322/1523/537 1285/1522/528
f 1418/1608/141 1420/1611/143 1407/1612/136 1405/1534/134
f 1420/1611/143 1419/1613/144 1408/1614/135 1407/1612/136
f 1419/1615/144 1417/1561/142 1406/1564/133 1408/1616/135
f 1382/1595/157 1384/1617/159 1391/1618/172 1389/1583/170
f 1384/1617/159 1383/1619/160 1392/1620/171 1391/1618/172
f 1383/1621/160 1381/1565/158 1390/1562/169 1392/1622/171
f 1414/1606/145 1416/1623/147 1420/1611/143 1418/1608/141
f 1416/1623/147 1415/1624/148 1419/1613/144 1420/1611/143
f 1415/1625/148 1413/1559/146 1417/1561/142 1419/1615/144
f 1389/1583/170 1391/1618/172 1395/1626/168 1393/1581/166
f 1391/1618/172 1392/1620/171 1396/1627/167 1395/1626/168
f 1392/1622/171 1390/1562/169 1394/1560/165 1396/1628/167
f 1410/1604/286 1412/1629/151 1416/1623/147 1414/1606/145
f 1412/1629/151 1411/1630/152 1415/1624/148 1416/1623/147
f 1411/1631/152 1409/1557/150 1413/1559/146 1415/1625/148
f 1393/1581/166 1395/1626/168 1399/1632/164 1397/1579/162
f 1395/1626/168 1396/1627/167 1400/1633/163 1399/1632/164
f 1396/1628/167 1394/1560/165 1398/1558/161 1400/1634/163
f 1402/1549/137 1404/1635/285 1412/1629/151 1410/1604/286
f 1404/1635/285 1403/1636/140 1411/1630/152 1412/1629/151
f 1403/1637/140 1401/1538/138 1409/1557/150 1411/1631/152
f 1397/1579/162 1399/1632/164 1387/1638/156 1385/1540/154
f 1399/1632/164 1400/1633/163 1388/1639/155 1387/1638/156
f 1400/1634/163 1398/1558/161 1386/1537/153 1388/1640/155
f 1438/1598/121 1440/1641/123 1427/1642/116 1425/1594/114
f 1440/1641/123 1439/1643/124 1428/1644/115 1427/1642/116
f 1439/1645/124 1437/1569/122 1426/1566/113 1428/1646/115
f 1362/1517/177 1364/1647/179 1371/1648/192 1369/1518/190
f 1364/1647/179 1363/1649/180 1372/1650/191 1371/1648/192
f 1363/1651/180 1361/1563/178 1370/1570/189 1372/1652/191
f 1434/1546/125 1436/1653/127 1440/1641/123 1438/1598/121
f 1436/1653/127 1435/1654/128 1439/1643/124 1440/1641/123
f 1435/1655/128 1433/1567/126 1437/1569/122 1439/1645/124
f 1369/1518/190 1371/1648/192 1375/1656/188 1373/1577/186
f 1371/1648/192 1372/1650/191 1376/1657/187 1375/1656/188
f 1372/1652/191 1370/1570/189 1374/1568/185 1376/1658/187
f 1430/1545/289 1432/1659/131 1436/1653/127 1434/1546/125
f 1432/1659/131 1431/1660/132 1435/1654/128 1436/1653/127
f 1431/1661/132 1429/1529/130 1433/1567/126 1435/1655/128
f 1373/1577/186 1375/1656/188 1379/1662/184 1377/1599/544
f 1375/1656/188 1376/1657/187 1380/1663/183 1379/1662/184
f 1376/1658/187 1374/1568/185 1378/1532/181 1380/1664/183
f 1422/1527/117 1424/1665/288 1432/1659/131 1430/1545/289
f 1424/1665/288 1423/1666/120 1431/1660/132 1432/1659/131
f 1423/1667/120 1421/1530/118 1429/1529/130 1431/1661/132
f 1377/1599/544 1379/1662/184 1367/1668/282 1365/1601/174
f 1379/1662/184 1380/1663/183 1368/1669/175 1367/1668/282
f 1380/1664/183 1378/1532/181 1366/1531/173 1368/1670/175
f 1282/1571/77 1284/1671/79 1291/1672/92 1289/1572/90
f 1284/1671/79 1283/1673/80 1292/1674/91 1291/1672/92
f 1283/1673/80 1281/1520/78 1290/1519/89 1292/1674/91
f 1289/1572/90 1291/1672/92 1295/1675/240 1293/1575/238
f 1291/1672/92 1292/1674/91 1296/1676/241 1295/1675/240
f 1292/1674/91 1290/1519/89 1294/1578/239 1296/1676/241
f 1293/1575/238 1295/1675/240 1299/1677/244 1297/1521/242
f 1295/1675/240 1296/1676/241 1300/1678/245 1299/1677/244
f 1296/1676/241 1294/1578/239 1298/1600/243 1300/1678/245
f 1297/1521/242 1299/1677/244 1287/1679/530 1285/1522/528
f 1299/1677/244 1300/1678/245 1288/1680/531 1287/1679/530
f 1300/1678/245 1298/1600/243 1286/1602/529 1288/1680/531
f 1342/1592/57 1344/1681/59 1351/1682/72 1349/1590/70
f 1344/1681/59 1343/1683/60 1352/1684/71 1351/1682/72
f 1343/1683/60 1341/1596/58 1350/1584/69 1352/1684/71
f 1349/1590/70 1351/1682/72 1355/1685/276 1353/1587/274
f 1351/1682/72 1352/1684/71 1356/1686/277 1355/1685/276
f 1352/1684/71 1350/1584/69 1354/1582/275 1356/1686/277
f 1353/1587/274 1355/1685/276 1359/1687/280 1357/1588/278
f 1355/1685/276 1356/1686/277 1360/1688/281 1359/1687/280
f 1356/1686/277 1354/1582/275 1358/1580/279 1360/1688/281
f 1357/1588/278 1359/1687/280 1347/1689/542 1345/1554/540
f 1359/1687/280 1360/1688/281 1348/1690/543 1347/1689/542
f 1360/1688/281 1358/1580/279 1346/1539/541 1348/1690/543
f 1318/1589/101 1320/1691/103 1307/1692/96 1305/1591/94
f 1320/1691/103 1319/1693/104 1308/1694/95 1307/1692/96
f 1319/1693/104 1317/1607/102 1306/1533/93 1308/1694/95
f 1314/1586/255 1316/1695/257 1320/1691/103 1318/1589/101
f 1316/1695/257 1315/1696/256 1319/1693/104 1320/1691/103
f 1315/1696/256 1313/1605/254 1317/1607/102 1319/1693/104
f 1310/1585/251 1312/1697/253 1316/1695/257 1314/1586/255
f 1312/1697/253 1311/1698/252 1315/1696/256 1316/1695/257
f 1311/1698/252 1309/1603/250 1313/1605/254 1315/1696/256
f 1302/1553/533 1304/1699/535 1312/1697/253 1310/1585/251
f 1304/1699/535 1303/1700/534 1311/1698/252 1312/1697/253
f 1303/1700/534 1301/1550/532 1309/1603/250 1311/1698/252
f 1338/1573/41 1340/1701/43 1327/1702/36 1325/1574/34
f 1340/1701/43 1339/1703/44 1328/1704/35 1327/1702/36
f 1339/1703/44 1337/1597/42 1326/1593/33 1328/1704/35
f 1334/1576/267 1336/1705/269 1340/1701/43 1338/1573/41
f 1336/1705/269 1335/1706/268 1339/1703/44 1340/1701/43
f 1335/1706/268 1333/1543/266 1337/1597/42 1339/1703/44
f 1330/1524/263 1332/1707/265 1336/1705/269 1334/1576/267
f 1332/1707/265 1331/1708/264 1335/1706/268 1336/1705/269
f 1331/1708/264 1329/1544/262 1333/1543/266 1335/1706/268
f 1322/1523/537 1324/1709/539 1332/1707/265 1330/1524/263
f 1324/1709/539 1323/1710/538 1331/1708/264 1332/1707/265
f 1323/1710/538 1321/1528/536 1329/1544/262 1331/1708/264
f 1285/1522/528 1287/1679/530 1252/1711/507 1250/1609/505
f 1287/1679/530 1288/1680/531 1251/1712/506 1252/1711/507
f 1288/1680/531 1286/1602/529 1249/1713/504 1251/1712/506
f 1273/1552/524 1275/1714/228 1368/1670/175 1366/1531/173
f 1275/1715/228 1276/1716/229 1367/1668/282 1368/1669/175
f 1276/1716/229 1274/1717/525 1365/1601/174 1367/1668/282
f 1281/1520/78 1283/1673/80 1308/1694/95 1306/1533/93
f 1283/1673/80 1284/1671/79 1307/1692/96 1308/1694/95
f 1284/1671/79 1282/1571/77 1305/1591/94 1307/1692/96
f 1341/1596/58 1343/1683/60 1328/1704/35 1326/1593/33
f 1343/1683/60 1344/1681/59 1327/1702/36 1328/1704/35
f 1344/1681/59 1342/1592/57 1325/1574/34 1327/1702/36
f 1361/1563/178 1363/1651/180 1408/1616/135 1406/1564/133
f 1363/1649/180 1364/1647/179 1407/1612/136 1408/1614/135
f 1364/1647/179 1362/1517/177 1405/1534/134 1407/1612/136
f 1321/1528/536 1323/1710/538 1260/1718/515 1258/1525/513
f 1323/1710/538 1324/1709/539 1259/1719/514 1260/1718/515
f 1324/1709/539 1322/1523/537 1257/1610/512 1259/1719/514
f 1301/1550/532 1303/1700/534 1256/1720/511 1254/1547/509
f 1303/1700/534 1304/1699/535 1255/1721/510 1256/1720/511
f 1304/1699/535 1302/1553/533 1253/1556/508 1255/1721/510
f 1261/1542/516 1263/1722/518 1348/1690/543 1346/1539/541
f 1263/1722/518 1264/1723/519 1347/1689/542 1348/1690/543
f 1264/1723/519 1262/1555/517 1345/1554/540 1347/1689/542
f 1401/1538/138 1403/1637/140 1280/1724/233 1278/1535/527
f 1403/1636/140 1404/1635/285 1279/1725/232 1280/1726/233
f 1404/1635/285 1402/1549/137 1277/1548/526 1279/1725/232
f 1421/1530/118 1423/1667/120 1268/1727/221 1266/1551/521
f 1423/1666/120 1424/1665/288 1267/1728/220 1268/1729/221
f 1424/1665/288 1422/1527/117 1265/1526/520 1267/1728/220
f 1381/1565/158 1383/1621/160 1428/1646/115 1426/1566/113
f 1383/1619/160 1384/1617/159 1427/1642/116 1428/1644/115
f 1384/1617/159 1382/1595/157 1425/1594/114 1427/1642/116
f 1269/1536/522 1271/1730/224 1388/1640/155 1386/1537/153
f 1271/1731/224 1272/1732/225 1387/1638/156 1388/1639/155
f 1272/1732/225 1270/1541/523 1385/1540/154 1387/1638/156
f 1286/1602/529 1365/1601/174 1274/1717/525 1249/1713/504
f 1254/1733/509 1256/1734/511 1255/1735/510 1253/1736/508 1262/1737/517 1264/1738/519 1263/1739/518 1261/1740/516 1270/1741/523 1272/1742/225 1271/1730/224 1269/1536/522 1278/1535/527 1280/1724/233 1279/1743/232 1277/1744/526
f 1250/1745/505 1252/1746/507 1251/1747/506 1249/1748/504 1274/1749/525 1276/1750/229 1275/1714/228 1273/1552/524 1266/1551/521 1268/1727/221 1267/1751/220 1265/1752/520 1258/1753/513 1260/1754/515 1259/1755/514 1257/1756/512
f 1554/1757/114 1473/1758/33 1482/1759/42 1561/1760/121
f 1489/1761/263 1522/1762/242 1514/1763/528 1477/1764/537
f 1450/1765/504 1513/1766/529 1614/1767/174 1457/1768/525
f 1621/1769/181 1570/1770/130 1558/1771/118 1613/1772/173
f 1498/1773/58 1473/1758/33 1554/1757/114 1597/1774/157
f 1470/1775/522 1593/1776/153 1578/1777/138 1461/1778/527
f 1538/1779/532 1453/1780/509 1462/1781/526 1577/1782/137
f 1525/1783/239 1626/1784/186 1622/1785/544 1521/1786/243
f 1446/1787/516 1493/1788/541 1594/1789/154 1469/1790/523
f 1458/1791/524 1613/1772/173 1558/1771/118 1465/1792/521
f 1494/1793/540 1445/1794/517 1454/1795/508 1537/1796/533
f 1601/1797/161 1590/1798/150 1578/1777/138 1593/1776/153
f 1605/1799/165 1586/1800/146 1590/1798/150 1601/1797/161
f 1609/1801/169 1582/1802/142 1586/1800/146 1605/1799/165
f 1553/1803/113 1618/1804/178 1573/1805/133 1598/1806/158
f 1625/1807/185 1566/1808/126 1570/1770/130 1621/1769/181
f 1598/1806/158 1573/1805/133 1582/1802/142 1609/1801/169
f 1629/1809/189 1562/1810/122 1566/1808/126 1625/1807/185
f 1474/1811/34 1517/1812/77 1530/1813/90 1481/1814/41
f 1481/1814/41 1530/1813/90 1526/1815/238 1485/1816/267
f 1485/1816/267 1526/1815/238 1522/1762/242 1489/1761/263
f 1561/1760/121 1482/1759/42 1486/1817/266 1565/1818/125
f 1589/1819/286 1550/1820/250 1538/1779/532 1577/1782/137
f 1585/1821/145 1546/1822/254 1550/1820/250 1589/1819/286
f 1618/1804/178 1553/1803/113 1562/1810/122 1629/1809/189
f 1581/1823/141 1542/1824/102 1546/1822/254 1585/1821/145
f 1502/1825/278 1549/1826/251 1545/1827/255 1506/1828/274
f 1521/1786/243 1622/1785/544 1614/1767/174 1513/1766/529
f 1506/1828/274 1545/1827/255 1541/1829/101 1510/1830/70
f 1510/1830/70 1541/1829/101 1534/1831/94 1497/1832/57
f 1518/1833/78 1533/1834/93 1574/1835/134 1617/1836/177
f 1574/1835/134 1533/1834/93 1542/1824/102 1581/1823/141
f 1529/1837/89 1630/1838/190 1626/1784/186 1525/1783/239
f 1518/1833/78 1617/1836/177 1630/1838/190 1529/1837/89
f 1474/1811/34 1497/1832/57 1534/1831/94 1517/1812/77
f 1565/1818/125 1486/1817/266 1490/1839/262 1569/1840/289
f 1494/1793/540 1537/1796/533 1549/1826/251 1502/1825/278
f 1569/1840/289 1490/1839/262 1478/1841/536 1557/1842/117
f 1501/1843/279 1602/1844/284 1594/1789/154 1493/1788/541
f 1505/1845/275 1606/1846/166 1602/1844/284 1501/1843/279
f 1509/1847/69 1610/1848/170 1606/1846/166 1505/1845/275
f 1498/1773/58 1597/1774/157 1610/1848/170 1509/1847/69
f 1442/1849/512 1477/1764/537 1514/1763/528 1449/1850/505
f 1610/1848/170 1597/1774/157 1599/1851/159 1612/1852/172
f 1612/1852/172 1599/1851/159 1600/1853/160 1611/1854/171
f 1611/1855/171 1600/1856/160 1598/1806/158 1609/1801/169
f 1574/1835/134 1581/1823/141 1583/1857/143 1576/1858/136
f 1576/1858/136 1583/1857/143 1584/1859/287 1575/1860/135
f 1575/1861/135 1584/1862/287 1582/1802/142 1573/1805/133
f 1606/1846/166 1610/1848/170 1612/1852/172 1608/1863/168
f 1608/1863/168 1612/1852/172 1611/1854/171 1607/1864/167
f 1607/1865/167 1611/1855/171 1609/1801/169 1605/1799/165
f 1581/1823/141 1585/1821/145 1587/1866/147 1583/1857/143
f 1583/1857/143 1587/1866/147 1588/1867/148 1584/1859/287
f 1584/1862/287 1588/1868/148 1586/1800/146 1582/1802/142
f 1602/1844/284 1606/1846/166 1608/1863/168 1604/1869/164
f 1604/1869/164 1608/1863/168 1607/1864/167 1603/1870/163
f 1603/1871/163 1607/1865/167 1605/1799/165 1601/1797/161
f 1585/1821/145 1589/1819/286 1591/1872/151 1587/1866/147
f 1587/1866/147 1591/1872/151 1592/1873/152 1588/1867/148
f 1588/1868/148 1592/1874/152 1590/1798/150 1586/1800/146
f 1594/1789/154 1602/1844/284 1604/1869/164 1596/1875/283
f 1596/1875/283 1604/1869/164 1603/1870/163 1595/1876/155
f 1595/1877/155 1603/1871/163 1601/1797/161 1593/1776/153
f 1589/1819/286 1577/1782/137 1579/1878/139 1591/1872/151
f 1591/1872/151 1579/1878/139 1580/1879/140 1592/1873/152
f 1592/1874/152 1580/1880/140 1578/1777/138 1590/1798/150
f 1630/1838/190 1617/1836/177 1619/1881/179 1632/1882/192
f 1632/1882/192 1619/1881/179 1620/1883/180 1631/1884/191
f 1631/1885/191 1620/1886/180 1618/1804/178 1629/1809/189
f 1554/1757/114 1561/1760/121 1563/1887/123 1556/1888/116
f 1556/1888/116 1563/1887/123 1564/1889/124 1555/1890/115
f 1555/1891/115 1564/1892/124 1562/1810/122 1553/1803/113
f 1626/1784/186 1630/1838/190 1632/1882/192 1628/1893/188
f 1628/1893/188 1632/1882/192 1631/1884/191 1627/1894/187
f 1627/1895/187 1631/1885/191 1629/1809/189 1625/1807/185
f 1561/1760/121 1565/1818/125 1567/1896/127 1563/1887/123
f 1563/1887/123 1567/1896/127 1568/1897/128 1564/1889/124
f 1564/1892/124 1568/1898/128 1566/1808/126 1562/1810/122
f 1622/1785/544 1626/1784/186 1628/1893/188 1624/1899/184
f 1624/1899/184 1628/1893/188 1627/1894/187 1623/1900/183
f 1623/1901/183 1627/1895/187 1625/1807/185 1621/1769/181
f 1565/1818/125 1569/1840/289 1571/1902/131 1567/1896/127
f 1567/1896/127 1571/1902/131 1572/1903/132 1568/1897/128
f 1568/1898/128 1572/1904/132 1570/1770/130 1566/1808/126
f 1614/1767/174 1622/1785/544 1624/1899/184 1616/1905/282
f 1616/1905/282 1624/1899/184 1623/1900/183 1615/1906/175
f 1615/1907/175 1623/1901/183 1621/1769/181 1613/1772/173
f 1569/1840/289 1557/1842/117 1559/1908/288 1571/1902/131
f 1571/1902/131 1559/1908/288 1560/1909/120 1572/1903/132
f 1572/1904/132 1560/1910/120 1558/1771/118 1570/1770/130
f 1474/1811/34 1481/1814/41 1483/1911/43 1476/1912/36
f 1476/1912/36 1483/1911/43 1484/1913/44 1475/1914/35
f 1475/1914/35 1484/1913/44 1482/1759/42 1473/1758/33
f 1481/1814/41 1485/1816/267 1487/1915/269 1483/1911/43
f 1483/1911/43 1487/1915/269 1488/1916/268 1484/1913/44
f 1484/1913/44 1488/1916/268 1486/1817/266 1482/1759/42
f 1485/1816/267 1489/1761/263 1491/1917/265 1487/1915/269
f 1487/1915/269 1491/1917/265 1492/1918/264 1488/1916/268
f 1488/1916/268 1492/1918/264 1490/1839/262 1486/1817/266
f 1489/1761/263 1477/1764/537 1479/1919/539 1491/1917/265
f 1491/1917/265 1479/1919/539 1480/1920/545 1492/1918/264
f 1492/1918/264 1480/1920/545 1478/1841/536 1490/1839/262
f 1534/1831/94 1541/1829/101 1543/1921/103 1536/1922/96
f 1536/1922/96 1543/1921/103 1544/1923/104 1535/1924/95
f 1535/1924/95 1544/1923/104 1542/1824/102 1533/1834/93
f 1541/1829/101 1545/1827/255 1547/1925/257 1543/1921/103
f 1543/1921/103 1547/1925/257 1548/1926/256 1544/1923/104
f 1544/1923/104 1548/1926/256 1546/1822/254 1542/1824/102
f 1545/1827/255 1549/1826/251 1551/1927/253 1547/1925/257
f 1547/1925/257 1551/1927/253 1552/1928/252 1548/1926/256
f 1548/1926/256 1552/1928/252 1550/1820/250 1546/1822/254
f 1549/1826/251 1537/1796/533 1539/1929/535 1551/1927/253
f 1551/1927/253 1539/1929/535 1540/1930/548 1552/1928/252
f 1552/1928/252 1540/1930/548 1538/1779/532 1550/1820/250
f 1510/1830/70 1497/1832/57 1499/1931/59 1512/1932/72
f 1512/1932/72 1499/1931/59 1500/1933/60 1511/1934/71
f 1511/1934/71 1500/1933/60 1498/1773/58 1509/1847/69
f 1506/1828/274 1510/1830/70 1512/1932/72 1508/1935/276
f 1508/1935/276 1512/1932/72 1511/1934/71 1507/1936/277
f 1507/1936/277 1511/1934/71 1509/1847/69 1505/1845/275
f 1502/1825/278 1506/1828/274 1508/1935/276 1504/1937/280
f 1504/1937/280 1508/1935/276 1507/1936/277 1503/1938/281
f 1503/1938/281 1507/1936/277 1505/1845/275 1501/1843/279
f 1494/1793/540 1502/1825/278 1504/1937/280 1496/1939/542
f 1496/1939/542 1504/1937/280 1503/1938/281 1495/1940/546
f 1495/1940/546 1503/1938/281 1501/1843/279 1493/1788/541
f 1530/1813/90 1517/1812/77 1519/1941/79 1532/1942/92
f 1532/1942/92 1519/1941/79 1520/1943/80 1531/1944/91
f 1531/1944/91 1520/1943/80 1518/1833/78 1529/1837/89
f 1526/1815/238 1530/1813/90 1532/1942/92 1528/1945/240
f 1528/1945/240 1532/1942/92 1531/1944/91 1527/1946/241
f 1527/1946/241 1531/1944/91 1529/1837/89 1525/1783/239
f 1522/1762/242 1526/1815/238 1528/1945/240 1524/1947/244
f 1524/1947/244 1528/1945/240 1527/1946/241 1523/1948/245
f 1523/1948/245 1527/1946/241 1525/1783/239 1521/1786/243
f 1514/1763/528 1522/1762/242 1524/1947/244 1516/1949/530
f 1516/1949/530 1524/1947/244 1523/1948/245 1515/1950/547
f 1515/1950/547 1523/1948/245 1521/1786/243 1513/1766/529
f 1477/1764/537 1442/1849/512 1444/1951/514 1479/1919/539
f 1479/1919/539 1444/1951/514 1443/1952/515 1480/1920/545
f 1480/1920/545 1443/1952/515 1441/1953/513 1478/1841/536
f 1465/1792/521 1558/1771/118 1560/1910/120 1467/1954/221
f 1467/1955/221 1560/1909/120 1559/1908/288 1468/1956/220
f 1468/1956/220 1559/1908/288 1557/1842/117 1466/1957/520
f 1473/1758/33 1498/1773/58 1500/1933/60 1475/1914/35
f 1475/1914/35 1500/1933/60 1499/1931/59 1476/1912/36
f 1476/1912/36 1499/1931/59 1497/1832/57 1474/1811/34
f 1533/1834/93 1518/1833/78 1520/1943/80 1535/1924/95
f 1535/1924/95 1520/1943/80 1519/1941/79 1536/1922/96
f 1536/1922/96 1519/1941/79 1517/1812/77 1534/1831/94
f 1553/1803/113 1598/1806/158 1600/1856/160 1555/1891/115
f 1555/1890/115 1600/1853/160 1599/1851/159 1556/1888/116
f 1556/1888/116 1599/1851/159 1597/1774/157 1554/1757/114
f 1513/1766/529 1450/1765/504 1452/1958/506 1515/1950/547
f 1515/1950/547 1452/1958/506 1451/1959/507 1516/1949/530
f 1516/1949/530 1451/1959/507 1449/1850/505 1514/1763/528
f 1493/1788/541 1446/1787/516 1448/1960/518 1495/1940/546
f 1495/1940/546 1448/1960/518 1447/1961/519 1496/1939/542
f 1496/1939/542 1447/1961/519 1445/1794/517 1494/1793/540
f 1453/1780/509 1538/1779/532 1540/1930/548 1455/1962/511
f 1455/1962/511 1540/1930/548 1539/1929/535 1456/1963/510
f 1456/1963/510 1539/1929/535 1537/1796/533 1454/1795/508
f 1593/1776/153 1470/1775/522 1472/1964/224 1595/1877/155
f 1595/1876/155 1472/1965/224 1471/1966/225 1596/1875/283
f 1596/1875/283 1471/1966/225 1469/1790/523 1594/1789/154
f 1613/1772/173 1458/1791/524 1460/1967/228 1615/1907/175
f 1615/1906/175 1460/1968/228 1459/1969/229 1616/1905/282
f 1616/1905/282 1459/1969/229 1457/1768/525 1614/1767/174
f 1573/1805/133 1618/1804/178 1620/1886/180 1575/1861/135
f 1575/1860/135 1620/1883/180 1619/1881/179 1576/1858/136
f 1576/1858/136 1619/1881/179 1617/1836/177 1574/1835/134
f 1461/1778/527 1578/1777/138 1580/1880/140 1463/1970/233
f 1463/1971/233 1580/1879/140 1579/1878/139 1464/1972/232
f 1464/1972/232 1579/1878/139 1577/1782/137 1462/1781/526
f 1478/1841/536 1441/1953/513 1466/1957/520 1557/1842/117
f 1446/1973/516 1469/1974/523 1471/1975/225 1472/1964/224 1470/1775/522 1461/1778/527 1463/1970/233 1464/1976/232 1462/1977/526 1453/1978/509 1455/1979/511 1456/1980/510 1454/1981/508 1445/1982/517 1447/1983/519 1448/1984/518
f 1442/1985/512 1449/1986/505 1451/1987/507 1452/1988/506 1450/1989/504 1457/1990/525 1459/1991/229 1460/1967/228 1458/1791/524 1465/1792/521 1467/1954/221 1468/1992/220 1466/1993/520 1441/1994/513 1443/1995/515 1444/1996/514
o Cube.001
v -0.834347 0.861727 -0.299533
v -0.795982 0.806010 -0.299533
v -0.752048 0.754558 -0.299533
v -0.710746 0.701225 -0.299533
v -0.671305 0.646481 -0.299533
v -0.847929 0.851420 -0.149766
v -0.810509 0.795288 -0.149766
v -0.766443 0.744480 -0.149766
v -0.723576 0.692895 -0.149766
v -0.683003 0.639431 -0.149766
v -0.857465 0.844293 0.000000
v -0.819900 0.788724 0.000000
v -0.777711 0.737088 0.000000
v -0.736612 0.684694 0.000000
v -0.696764 0.631076 0.000000
v -0.851668 0.848664 0.149767
v -0.814487 0.792729 0.149767
v -0.771464 0.741658 0.149767
v -0.729230 0.690062 0.149767
v -0.688892 0.636763 0.149766
v -0.837918 0.859022 0.299533
v -0.799786 0.803339 0.299533
v -0.756588 0.751713 0.299533
v -0.715720 0.698473 0.299533
v -0.676478 0.643905 0.299533
v -0.756704 0.597000 -0.299533
v -0.796590 0.651449 -0.299533
v -0.839248 0.703818 -0.299533
v -0.884025 0.754660 -0.299533
v -0.923285 0.809697 -0.299533
v -0.756248 0.598817 -0.149766
v -0.797599 0.651792 -0.149766
v -0.841095 0.703039 -0.149766
v -0.885164 0.753977 -0.149766
v -0.923543 0.809501 -0.149766
v -0.759345 0.598196 0.000000
v -0.799778 0.651545 0.000000
v -0.841471 0.703694 0.000000
v -0.884028 0.755258 0.000000
v -0.922401 0.810416 0.000000
v -0.755303 0.601057 0.149767
v -0.796522 0.653844 0.149767
v -0.839132 0.705346 0.149767
v -0.882083 0.756668 0.149767
v -0.920049 0.812200 0.149767
v -0.754862 0.599530 0.299533
v -0.794744 0.653697 0.299533
v -0.836796 0.706158 0.299533
v -0.880585 0.757422 0.299533
v -0.919443 0.812616 0.299533
v -0.941316 0.850746 0.425167
v -0.921775 0.862202 0.449299
v -0.930839 0.885432 0.425167
v -0.938852 0.852165 0.437218
v -0.943580 0.863612 0.425167
v -0.940937 0.864543 0.436708
v -0.926513 0.873641 0.446075
v -0.931675 0.856373 0.446075
v -0.935850 0.867532 0.442944
v -0.939774 0.876313 0.425167
v -0.929890 0.882130 0.437218
v -0.938252 0.873489 0.436708
v -0.879129 0.915959 0.425167
v -0.869507 0.893153 0.449299
v -0.850063 0.904535 0.425167
v -0.877853 0.912906 0.437218
v -0.868082 0.918636 0.425167
v -0.867104 0.915542 0.436708
v -0.859620 0.898971 0.446075
v -0.874306 0.904546 0.446075
v -0.864586 0.909673 0.442944
v -0.857369 0.914475 0.425167
v -0.852480 0.903152 0.437218
v -0.859539 0.912631 0.436708
v -0.931340 0.885052 -0.425167
v -0.922281 0.861818 -0.449299
v -0.942685 0.849707 -0.425167
v -0.930351 0.881780 -0.437217
v -0.940647 0.875650 -0.425167
v -0.939022 0.872905 -0.436707
v -0.932468 0.855771 -0.446075
v -0.926975 0.873291 -0.446075
v -0.936598 0.866964 -0.442943
v -0.944772 0.862707 -0.425167
v -0.939958 0.851326 -0.437217
v -0.941900 0.863812 -0.436707
v -0.848315 0.905864 -0.425167
v -0.868710 0.893759 -0.449299
v -0.877880 0.916908 -0.425167
v -0.851040 0.904246 -0.437217
v -0.855619 0.915806 -0.425167
v -0.858092 0.913731 -0.436707
v -0.873402 0.905232 -0.446075
v -0.858526 0.899803 -0.446075
v -0.863385 0.910585 -0.442943
v -0.866517 0.919825 -0.425167
v -0.876784 0.913718 -0.437217
v -0.865773 0.916554 -0.436707
v -0.701916 0.550568 0.425167
v -0.713330 0.571799 0.449299
v -0.732808 0.560599 0.425212
v -0.703119 0.553575 0.437209
v -0.712953 0.547899 0.425182
v -0.713769 0.551017 0.436713
v -0.722895 0.566255 0.446090
v -0.707306 0.561370 0.446067
v -0.716723 0.556501 0.442950
v -0.724298 0.551577 0.425198
v -0.730024 0.562159 0.437248
v -0.721787 0.553583 0.436725
v -0.644872 0.611996 0.425237
v -0.663212 0.601196 0.449299
v -0.652652 0.579388 0.425167
v -0.646931 0.610784 0.437061
v -0.641825 0.600047 0.424903
v -0.643376 0.599581 0.436561
v -0.657690 0.590701 0.445719
v -0.653533 0.606896 0.445720
v -0.648297 0.596681 0.443019
v -0.644632 0.588280 0.424877
v -0.653879 0.582833 0.437012
v -0.645531 0.590881 0.436538
v -0.718476 0.567704 -0.449299
v -0.706786 0.546502 -0.425167
v -0.737577 0.556623 -0.425169
v -0.712559 0.557428 -0.445718
v -0.727802 0.562288 -0.445720
v -0.721744 0.552527 -0.443042
v -0.717862 0.544224 -0.425217
v -0.708339 0.549780 -0.437012
v -0.718650 0.546903 -0.436657
v -0.734686 0.558296 -0.437011
v -0.728978 0.547870 -0.425217
v -0.726826 0.549575 -0.436656
v -0.647646 0.609432 -0.425172
v -0.656080 0.576308 -0.425167
v -0.667496 0.597676 -0.449299
v -0.644265 0.597419 -0.425170
v -0.649974 0.608082 -0.437220
v -0.646799 0.596536 -0.436709
v -0.657292 0.579375 -0.437216
v -0.647365 0.585257 -0.425169
v -0.648982 0.587974 -0.436708
v -0.657233 0.603787 -0.446077
v -0.661489 0.587213 -0.446074
v -0.651936 0.593493 -0.442944
v -0.943569 0.849035 -0.299533
v -0.933549 0.883373 -0.299533
v -0.945933 0.861842 -0.299533
v -0.942322 0.874368 -0.299533
v -0.944816 0.848088 -0.149766
v -0.938477 0.879629 -0.149766
v -0.947933 0.860323 -0.149766
v -0.945660 0.871832 -0.149766
v -0.944331 0.848473 0.000000
v -0.940823 0.877847 0.000000
v -0.948008 0.860275 0.000000
v -0.946764 0.870996 0.000000
v -0.941732 0.850446 0.149767
v -0.937277 0.880541 0.149767
v -0.945217 0.862394 0.149767
v -0.943629 0.873378 0.149767
v -0.932301 0.884322 0.299533
v -0.940275 0.851537 0.299533
v -0.940190 0.875988 0.299533
v -0.943058 0.864027 0.299533
v -0.858094 0.898437 0.299533
v -0.885739 0.910937 0.299533
v -0.865420 0.908381 0.299533
v -0.875577 0.912928 0.299533
v -0.872671 0.887395 0.149767
v -0.898218 0.901456 0.149767
v -0.879957 0.897353 0.149767
v -0.889341 0.902475 0.149767
v -0.878667 0.882852 0.000000
v -0.903643 0.897335 0.000000
v -0.885935 0.892818 0.000000
v -0.895108 0.898096 0.000000
v -0.868582 0.890469 -0.149766
v -0.895339 0.903644 -0.149766
v -0.875922 0.900403 -0.149766
v -0.885752 0.905198 -0.149766
v -0.882727 0.913226 -0.299533
v -0.853934 0.901594 -0.299533
v -0.871832 0.915773 -0.299533
v -0.861252 0.911547 -0.299533
v -0.731840 0.562369 0.299533
v -0.702380 0.551296 0.299533
v -0.723450 0.553259 0.299533
v -0.712663 0.549208 0.299533
v -0.730942 0.564988 0.149766
v -0.703005 0.552814 0.149767
v -0.722580 0.555885 0.149766
v -0.712352 0.551431 0.149766
v -0.735104 0.562044 0.000000
v -0.707939 0.549289 0.000000
v -0.726834 0.552874 0.000000
v -0.716892 0.548204 0.000000
v -0.732356 0.562333 -0.149766
v -0.703482 0.550825 -0.149766
v -0.723930 0.553255 -0.149766
v -0.713359 0.549045 -0.149766
v -0.703879 0.548920 -0.299533
v -0.734258 0.559335 -0.299533
v -0.714690 0.546438 -0.299533
v -0.725815 0.550246 -0.299533
v -0.648361 0.609204 -0.299533
v -0.655780 0.576876 -0.299533
v -0.644837 0.597291 -0.299533
v -0.647552 0.585458 -0.299533
v -0.659283 0.602838 -0.149766
v -0.663678 0.572870 -0.149766
v -0.655336 0.591277 -0.149766
v -0.656947 0.580307 -0.149766
v -0.672794 0.594763 0.000000
v -0.674824 0.566667 0.000000
v -0.668515 0.583492 0.000000
v -0.669272 0.573197 0.000000
v -0.664968 0.600403 0.149766
v -0.667789 0.571693 0.149766
v -0.660826 0.589021 0.149766
v -0.661861 0.578511 0.149766
v -0.659107 0.575828 0.299533
v -0.653286 0.606891 0.299533
v -0.651717 0.583766 0.299533
v -0.649591 0.595133 0.299533
v -0.760317 0.594086 -0.425168
v -0.741268 0.605136 -0.449299
v -0.757743 0.595572 -0.437234
v -0.750781 0.599607 -0.446066
v -0.800127 0.648687 -0.425167
v -0.780908 0.659883 -0.449299
v -0.797553 0.650181 -0.437233
v -0.790533 0.654269 -0.446066
v -0.841668 0.701977 -0.425167
v -0.822126 0.713433 -0.449299
v -0.839084 0.703485 -0.437233
v -0.831919 0.707688 -0.446066
v -0.884804 0.754068 -0.425167
v -0.865197 0.765574 -0.449299
v -0.882204 0.755590 -0.437233
v -0.875022 0.759805 -0.446066
v -0.902712 0.821938 -0.449299
v -0.922760 0.810096 -0.425167
v -0.912733 0.816019 -0.446066
v -0.920072 0.811684 -0.437233
v -0.829125 0.865695 -0.425167
v -0.849150 0.853871 -0.449299
v -0.831808 0.864111 -0.437233
v -0.839136 0.859784 -0.446066
v -0.792322 0.808792 -0.425167
v -0.812224 0.797061 -0.449299
v -0.794950 0.807249 -0.437233
v -0.802234 0.802956 -0.446066
v -0.749638 0.756361 -0.425167
v -0.769827 0.744408 -0.449299
v -0.752250 0.754828 -0.437233
v -0.759689 0.750416 -0.446066
v -0.709013 0.702386 -0.425168
v -0.729145 0.690451 -0.449299
v -0.711639 0.700830 -0.437234
v -0.719077 0.696409 -0.446066
v -0.690036 0.635300 -0.449299
v -0.670180 0.647049 -0.425170
v -0.679927 0.641292 -0.446066
v -0.672656 0.645595 -0.437235
v -0.921161 0.811310 0.425167
v -0.902025 0.822459 0.449299
v -0.918765 0.812676 0.437233
v -0.911756 0.816761 0.446066
v -0.882932 0.755514 0.425168
v -0.864012 0.766474 0.449299
v -0.880559 0.756851 0.437234
v -0.873625 0.760870 0.446066
v -0.838945 0.704127 0.425174
v -0.819651 0.715318 0.449299
v -0.836444 0.705534 0.437236
v -0.829374 0.709636 0.446067
v -0.796479 0.651659 0.425187
v -0.777130 0.662831 0.449299
v -0.793868 0.653119 0.437243
v -0.786780 0.657213 0.446069
v -0.736533 0.608896 0.449299
v -0.755857 0.597794 0.425205
v -0.746112 0.603339 0.446071
v -0.753184 0.599276 0.437252
v -0.667719 0.649336 0.425225
v -0.686174 0.638471 0.449299
v -0.669586 0.648254 0.437262
v -0.676354 0.644267 0.446074
v -0.707407 0.703879 0.425199
v -0.726215 0.692805 0.449299
v -0.709455 0.702690 0.437249
v -0.716396 0.698594 0.446070
v -0.749184 0.756822 0.425178
v -0.768237 0.745638 0.449299
v -0.751365 0.755569 0.437238
v -0.758341 0.751474 0.446068
v -0.793133 0.808209 0.425169
v -0.812123 0.797137 0.449299
v -0.795455 0.806883 0.437234
v -0.802406 0.802829 0.446066
v -0.849764 0.853404 0.449299
v -0.830622 0.864559 0.425167
v -0.840036 0.859101 0.446066
v -0.833027 0.863185 0.437233
vn 0.8616 0.5009 0.0827
vn 0.7952 0.6013 0.0774
vn 0.7736 0.6299 0.0692
vn 0.7973 0.6007 0.0596
vn 0.8293 0.5564 0.0512
vn 0.8544 0.5103 0.0977
vn 0.7926 0.6017 0.0986
vn 0.7664 0.6344 0.1011
vn 0.7865 0.6092 0.1011
vn 0.8180 0.5667 0.0983
vn 0.8554 0.5177 0.0158
vn 0.7999 0.5999 0.0164
vn 0.7731 0.6340 0.0184
vn 0.7894 0.6135 0.0202
vn 0.8181 0.5748 0.0208
vn 0.8536 0.5144 -0.0822
vn 0.7971 0.5981 -0.0828
vn 0.7722 0.6299 -0.0839
vn 0.7895 0.6081 -0.0828
vn 0.8180 0.5696 -0.0799
vn 0.8570 0.5065 -0.0946
vn 0.7944 0.6001 -0.0936
vn 0.7723 0.6284 -0.0935
vn 0.7937 0.6013 -0.0917
vn 0.8240 0.5597 -0.0880
vn -0.8282 -0.5600 0.0224
vn -0.7891 -0.6140 0.0152
vn -0.7663 -0.6425 0.0067
vn -0.7893 -0.6140 0.0003
vn -0.8550 -0.5186 -0.0044
vn -0.8186 -0.5743 -0.0039
vn -0.7829 -0.6221 -0.0067
vn -0.7645 -0.6446 -0.0047
vn -0.7903 -0.6127 0.0001
vn -0.8497 -0.5273 0.0014
vn -0.8125 -0.5829 0.0074
vn -0.7832 -0.6217 0.0078
vn -0.7701 -0.6379 0.0102
vn -0.7953 -0.6061 0.0130
vn -0.8468 -0.5317 0.0139
vn -0.8150 -0.5793 0.0143
vn -0.7851 -0.6191 0.0168
vn -0.7709 -0.6368 0.0164
vn -0.7952 -0.6062 0.0141
vn -0.8481 -0.5297 0.0137
vn -0.8227 -0.5683 -0.0095
vn -0.7883 -0.6152 -0.0063
vn -0.7695 -0.6386 -0.0052
vn -0.7926 -0.6098 -0.0058
vn -0.8526 -0.5225 -0.0044
vn -0.9400 -0.3236 0.1081
vn -0.1907 0.0512 0.9803
vn -0.6096 0.7822 0.1282
vn -0.8452 -0.2746 0.4585
vn -0.9937 0.0412 0.1044
vn -0.9084 0.0525 0.4147
vn -0.3592 0.3659 0.8585
vn -0.5236 -0.1170 0.8439
vn -0.6317 0.1893 0.7518
vn -0.8561 0.5042 0.1137
vn -0.5443 0.6809 0.4900
vn -0.7780 0.4585 0.4295
vn -0.3627 0.9235 0.1246
vn 0.0575 0.1667 0.9843
vn 0.8511 0.5195 0.0755
vn -0.3179 0.8045 0.5017
vn 0.0757 0.9922 0.0987
vn 0.0593 0.8873 0.4574
vn 0.4066 0.3175 0.8567
vn -0.1274 0.4742 0.8711
vn 0.2196 0.5803 0.7842
vn 0.6143 0.7854 0.0760
vn 0.7512 0.4664 0.4670
vn 0.5450 0.7150 0.4380
vn -0.6090 0.7826 -0.1292
vn -0.1878 0.0533 -0.9808
vn -0.9421 -0.3096 -0.1291
vn -0.5433 0.6811 -0.4909
vn -0.8478 0.5169 -0.1187
vn -0.7710 0.4659 -0.4342
vn -0.5136 -0.1089 -0.8511
vn -0.3573 0.3670 -0.8588
vn -0.6231 0.1965 -0.7570
vn -0.9910 0.0623 -0.1187
vn -0.8380 -0.2631 -0.4781
vn -0.9009 0.0663 -0.4289
vn 0.8515 0.5144 -0.1015
vn 0.0539 0.1639 -0.9850
vn -0.3738 0.9184 -0.1295
vn 0.7416 0.4575 -0.4905
vn 0.6044 0.7902 -0.1011
vn 0.5316 0.7106 -0.4609
vn -0.1317 0.4706 -0.8725
vn 0.3952 0.3088 -0.8651
vn 0.2077 0.5721 -0.7935
vn 0.0556 0.9919 -0.1141
vn -0.3238 0.8000 -0.5051
vn 0.0455 0.8817 -0.4697
vn 0.3643 -0.9219 0.1322
vn -0.0505 -0.1865 0.9811
vn -0.7868 -0.6053 0.1207
vn 0.3209 -0.8065 0.4966
vn -0.0435 -0.9918 0.1206
vn -0.0310 -0.8923 0.4504
vn -0.3797 -0.3677 0.8489
vn 0.1383 -0.4910 0.8601
vn -0.1872 -0.6152 0.7658
vn -0.5399 -0.8336 0.1169
vn -0.6899 -0.5452 0.4762
vn -0.4759 -0.7614 0.4402
vn 0.9143 0.4019 0.0512
vn 0.1914 -0.0439 0.9805
vn 0.6184 -0.7760 0.1239
vn 0.8283 0.3591 0.4300
vn 0.9987 0.0313 0.0413
vn 0.9252 0.0290 0.3785
vn 0.3577 -0.3704 0.8572
vn 0.5149 0.1673 0.8408
vn 0.6315 -0.1522 0.7603
vn 0.8778 -0.4729 0.0761
vn 0.5428 -0.6831 0.4886
vn 0.7964 -0.4463 0.4082
vn -0.0569 -0.1893 -0.9803
vn 0.3633 -0.9224 -0.1311
vn -0.7900 -0.6032 -0.1095
vn 0.1396 -0.4895 -0.8608
vn -0.3923 -0.3661 -0.8438
vn -0.1884 -0.6078 -0.7715
vn -0.0444 -0.9931 -0.1089
vn 0.3235 -0.8043 -0.4985
vn -0.0240 -0.8954 -0.4446
vn -0.6985 -0.5378 -0.4720
vn -0.5381 -0.8369 -0.0997
vn -0.4901 -0.7586 -0.4293
vn 0.9118 0.3962 -0.1082
vn 0.6102 -0.7813 -0.1311
vn 0.1812 -0.0485 -0.9823
vn 0.9945 0.0207 -0.1025
vn 0.8158 0.3438 -0.4652
vn 0.9064 0.0123 -0.4222
vn 0.5420 -0.6805 -0.4930
vn 0.8647 -0.4896 -0.1120
vn 0.7869 -0.4386 -0.4342
vn 0.4957 0.1524 -0.8550
vn 0.3565 -0.3664 -0.8595
vn 0.6230 -0.1561 -0.7665
vn -0.9438 -0.3305 -0.0087
vn -0.6164 0.7875 0.0014
vn -0.9992 0.0373 -0.0113
vn -0.8684 0.4957 -0.0079
vn -0.9310 -0.3651 -0.0025
vn -0.6194 0.7851 0.0020
vn -0.9997 -0.0243 -0.0072
vn -0.8913 0.4534 -0.0067
vn -0.9208 -0.3897 0.0126
vn -0.6221 0.7829 0.0009
vn -0.9974 -0.0712 0.0095
vn -0.9083 0.4182 0.0045
vn -0.9242 -0.3816 0.0162
vn -0.6198 0.7847 -0.0011
vn -0.9983 -0.0555 0.0175
vn -0.9020 0.4315 0.0118
vn -0.6168 0.7871 -0.0020
vn -0.9366 -0.3504 0.0005
vn -0.8806 0.4738 0.0059
vn -1.0000 0.0031 0.0057
vn 0.8464 0.5234 -0.0983
vn -0.3423 0.9393 -0.0250
vn 0.6277 0.7725 -0.0963
vn 0.1217 0.9903 -0.0669
vn 0.8431 0.5311 -0.0844
vn -0.3108 0.9502 -0.0231
vn 0.6500 0.7554 -0.0830
vn 0.1718 0.9833 -0.0593
vn 0.8448 0.5348 0.0165
vn -0.3046 0.9525 0.0032
vn 0.6571 0.7536 0.0160
vn 0.1832 0.9830 0.0106
vn 0.8437 0.5272 0.1009
vn -0.3304 0.9435 0.0255
vn 0.6357 0.7656 0.0990
vn 0.1404 0.9877 0.0689
vn -0.3619 0.9320 0.0213
vn 0.8503 0.5190 0.0869
vn 0.0897 0.9943 0.0580
vn 0.6146 0.7842 0.0850
vn -0.7925 -0.6097 -0.0135
vn 0.3482 -0.9374 -0.0081
vn -0.5578 -0.8298 -0.0154
vn -0.0813 -0.9966 -0.0129
vn -0.7887 -0.6146 0.0107
vn 0.3218 -0.9468 0.0011
vn -0.5785 -0.8157 0.0083
vn -0.1224 -0.9925 0.0052
vn -0.7875 -0.6162 0.0086
vn 0.3082 -0.9513 0.0058
vn -0.5855 -0.8106 0.0095
vn -0.1409 -0.9900 0.0086
vn -0.7910 -0.6118 0.0012
vn 0.3371 -0.9415 0.0046
vn -0.5670 -0.8237 0.0043
vn -0.0993 -0.9950 0.0049
vn 0.3588 -0.9334 0.0092
vn -0.7940 -0.6073 0.0266
vn -0.0635 -0.9978 0.0189
vn -0.5446 -0.8383 0.0263
vn 0.9101 0.4118 0.0456
vn 0.6210 -0.7838 0.0085
vn 0.9983 0.0436 0.0379
vn 0.8863 -0.4626 0.0222
vn 0.8968 0.4322 0.0943
vn 0.6228 -0.7823 0.0152
vn 0.9927 0.0885 0.0820
vn 0.9032 -0.4264 0.0493
vn 0.8935 0.4486 0.0206
vn 0.6173 -0.7867 0.0059
vn 0.9925 0.1210 0.0185
vn 0.9132 -0.4072 0.0122
vn 0.8938 0.4419 -0.0765
vn 0.6230 -0.7821 -0.0103
vn 0.9914 0.1123 -0.0666
vn 0.9127 -0.4068 -0.0398
vn 0.6240 -0.7813 -0.0140
vn 0.9049 0.4174 -0.0832
vn 0.8967 -0.4407 -0.0414
vn 0.9956 0.0621 -0.0703
vn -0.8271 -0.5519 -0.1070
vn -0.1187 -0.0799 -0.9897
vn -0.7291 -0.4905 -0.4772
vn -0.4380 -0.2957 -0.8489
vn -0.7923 -0.6013 -0.1036
vn -0.1123 -0.0839 -0.9901
vn -0.7038 -0.5303 -0.4727
vn -0.4209 -0.3159 -0.8503
vn -0.7707 -0.6278 -0.1087
vn -0.1085 -0.0864 -0.9903
vn -0.6862 -0.5510 -0.4750
vn -0.4082 -0.3268 -0.8524
vn -0.7907 -0.6009 -0.1174
vn -0.1140 -0.0856 -0.9898
vn -0.7041 -0.5265 -0.4764
vn -0.4208 -0.3148 -0.8508
vn -0.1217 -0.0704 -0.9901
vn -0.8535 -0.5056 -0.1265
vn -0.4493 -0.2614 -0.8543
vn -0.7557 -0.4419 -0.4834
vn 0.8657 0.4899 -0.1023
vn 0.1127 0.0639 -0.9916
vn 0.7588 0.4257 -0.4930
vn 0.4383 0.2471 -0.8642
vn 0.8001 0.5906 -0.1053
vn 0.1064 0.0767 -0.9914
vn 0.7053 0.5137 -0.4885
vn 0.4100 0.2975 -0.8622
vn 0.7799 0.6163 -0.1093
vn 0.1076 0.0842 -0.9906
vn 0.6894 0.5392 -0.4837
vn 0.4048 0.3166 -0.8578
vn 0.8017 0.5870 -0.1126
vn 0.1096 0.0803 -0.9907
vn 0.7074 0.5153 -0.4838
vn 0.4134 0.3020 -0.8590
vn 0.1143 0.0750 -0.9906
vn 0.8315 0.5443 -0.1109
vn 0.4314 0.2828 -0.8567
vn 0.7363 0.4806 -0.4764
vn -0.8530 -0.5116 0.1036
vn -0.1248 -0.0733 0.9895
vn -0.7629 -0.4523 0.4619
vn -0.4591 -0.2711 0.8460
vn -0.7888 -0.6065 0.1000
vn -0.1156 -0.0898 0.9892
vn -0.7052 -0.5409 0.4583
vn -0.4254 -0.3278 0.8435
vn -0.7645 -0.6363 0.1030
vn -0.1077 -0.0900 0.9901
vn -0.6791 -0.5675 0.4655
vn -0.4054 -0.3391 0.8489
vn -0.7842 -0.6108 0.1096
vn -0.1104 -0.0861 0.9901
vn -0.6939 -0.5434 0.4725
vn -0.4141 -0.3240 0.8506
vn -0.1135 -0.0777 0.9905
vn -0.8199 -0.5606 0.1166
vn -0.4294 -0.2950 0.8536
vn -0.7229 -0.4970 0.4800
vn 0.8302 0.5549 0.0531
vn 0.1209 0.0804 0.9894
vn 0.7476 0.4978 0.4396
vn 0.4486 0.2983 0.8425
vn 0.7968 0.6015 0.0567
vn 0.1109 0.0851 0.9902
vn 0.7126 0.5424 0.4450
vn 0.4217 0.3224 0.8474
vn 0.7727 0.6314 0.0655
vn 0.1084 0.0897 0.9900
vn 0.6891 0.5677 0.4505
vn 0.4100 0.3387 0.8469
vn 0.7947 0.6025 0.0735
vn 0.1075 0.0807 0.9909
vn 0.7061 0.5363 0.4624
vn 0.4153 0.3145 0.8536
vn 0.1151 0.0666 0.9911
vn 0.8632 0.4990 0.0763
vn 0.4474 0.2578 0.8564
vn 0.7655 0.4393 0.4700
vt 0.763629 0.469222
vt 0.756237 0.468246
vt 0.755929 0.447535
vt 0.763615 0.447389
vt 0.817694 0.467533
vt 0.810631 0.468173
vt 0.810451 0.447107
vt 0.817928 0.447098
vt 0.817786 0.341518
vt 0.810212 0.341579
vt 0.810050 0.320309
vt 0.817073 0.320849
vt 0.763205 0.341655
vt 0.755497 0.341561
vt 0.755615 0.320712
vt 0.763062 0.319701
vt 0.459818 0.767916
vt 0.468584 0.770168
vt 0.460492 0.792081
vt 0.454302 0.786452
vt 0.397905 0.637985
vt 0.391663 0.630191
vt 0.400538 0.626045
vt 0.403877 0.637255
vt 0.451491 0.789431
vt 0.455933 0.796093
vt 0.448689 0.798949
vt 0.445962 0.789870
vt 0.463007 0.741529
vt 0.470335 0.742222
vt 0.755547 0.421346
vt 0.763315 0.421131
vt 0.755239 0.394634
vt 0.763105 0.394586
vt 0.755311 0.367910
vt 0.763100 0.368036
vt 0.450748 0.636737
vt 0.455014 0.626145
vt 0.463420 0.630524
vt 0.456906 0.638374
vt 0.810539 0.421185
vt 0.818148 0.421275
vt 0.464496 0.660053
vt 0.474261 0.658724
vt 0.473524 0.686567
vt 0.465149 0.686582
vt 0.470703 0.714391
vt 0.463836 0.714099
vt 0.843501 0.630765
vt 0.850853 0.631428
vt 0.851478 0.652557
vt 0.843781 0.652676
vt 0.851644 0.678920
vt 0.843922 0.678981
vt 0.851377 0.705349
vt 0.843728 0.705383
vt 0.851619 0.731825
vt 0.843893 0.731811
vt 0.851629 0.758219
vt 0.843950 0.758161
vt 0.405673 0.789433
vt 0.402993 0.799556
vt 0.394262 0.796111
vt 0.400225 0.788613
vt 0.788919 0.731813
vt 0.796644 0.731776
vt 0.796758 0.757832
vt 0.789076 0.757934
vt 0.788961 0.705527
vt 0.796658 0.705502
vt 0.788879 0.679310
vt 0.796588 0.679290
vt 0.391375 0.766099
vt 0.381668 0.768221
vt 0.381816 0.739686
vt 0.389957 0.739240
vt 0.808483 0.731745
vt 0.808530 0.757871
vt 0.820261 0.731757
vt 0.820319 0.757997
vt 0.832045 0.731785
vt 0.832112 0.758104
vt 0.382682 0.712014
vt 0.390266 0.712077
vt 0.808452 0.705474
vt 0.820204 0.705450
vt 0.831950 0.705419
vt 0.382001 0.685271
vt 0.390813 0.685827
vt 0.808420 0.679246
vt 0.820235 0.679171
vt 0.832059 0.679078
vt 0.381335 0.657773
vt 0.391896 0.659317
vt 0.796491 0.653289
vt 0.808277 0.653168
vt 0.820080 0.652963
vt 0.831914 0.652806
vt 0.386301 0.634779
vt 0.394081 0.641018
vt 0.775590 0.469689
vt 0.775411 0.447330
vt 0.414732 0.624546
vt 0.414843 0.636245
vt 0.428158 0.623796
vt 0.426995 0.635502
vt 0.441368 0.624132
vt 0.439304 0.635663
vt 0.810381 0.367785
vt 0.798551 0.367920
vt 0.798527 0.341586
vt 0.786764 0.368024
vt 0.786815 0.341579
vt 0.774977 0.368102
vt 0.775038 0.341638
vt 0.818070 0.367683
vt 0.810771 0.394513
vt 0.798754 0.394510
vt 0.786877 0.394521
vt 0.775032 0.394541
vt 0.818618 0.394502
vt 0.798777 0.421079
vt 0.787002 0.421010
vt 0.775190 0.420974
vt 0.798858 0.447202
vt 0.787180 0.447300
vt 0.788810 0.653287
vt 0.415039 0.789681
vt 0.415655 0.799550
vt 0.799209 0.468890
vt 0.787520 0.469309
vt 0.460677 0.642487
vt 0.468809 0.635959
vt 0.787033 0.319449
vt 0.798692 0.319749
vt 0.775069 0.319156
vt 0.396457 0.784912
vt 0.388765 0.791497
vt 0.425333 0.790023
vt 0.426660 0.799649
vt 0.435882 0.790086
vt 0.437356 0.799649
vt 0.851282 0.779404
vt 0.843920 0.780126
vt 0.831975 0.780413
vt 0.820037 0.780221
vt 0.808344 0.779615
vt 0.797013 0.779028
vt 0.789351 0.632630
vt 0.796477 0.632176
vt 0.807861 0.631462
vt 0.819607 0.630784
vt 0.831565 0.630530
vt 0.789946 0.778610
vt 0.789812 0.780525
vt 0.787921 0.780513
vt 0.787888 0.778695
vt 0.789398 0.782407
vt 0.787542 0.781769
vt 0.788649 0.784416
vt 0.786339 0.783411
vt 0.784581 0.781660
vt 0.786499 0.780791
vt 0.783632 0.779478
vt 0.785771 0.778997
vt 0.749859 0.320341
vt 0.750602 0.317966
vt 0.752402 0.318888
vt 0.751812 0.320681
vt 0.752249 0.315970
vt 0.753260 0.317758
vt 0.754439 0.314714
vt 0.754992 0.316776
vt 0.755384 0.318725
vt 0.753614 0.319030
vt 0.753643 0.320802
vt 0.782891 0.631707
vt 0.783841 0.629514
vt 0.785828 0.630416
vt 0.785113 0.632218
vt 0.785601 0.627742
vt 0.786870 0.629427
vt 0.787923 0.626709
vt 0.788735 0.628774
vt 0.789192 0.630699
vt 0.787283 0.630709
vt 0.787275 0.632541
vt 0.756018 0.470231
vt 0.754258 0.469942
vt 0.754285 0.468168
vt 0.755638 0.472212
vt 0.753912 0.471239
vt 0.755095 0.474323
vt 0.752924 0.473072
vt 0.751297 0.471130
vt 0.753032 0.470123
vt 0.750399 0.468801
vt 0.752468 0.468318
vt 0.857225 0.779979
vt 0.856459 0.782333
vt 0.854666 0.781429
vt 0.855251 0.779570
vt 0.854786 0.784217
vt 0.853751 0.782522
vt 0.852624 0.785298
vt 0.851970 0.783368
vt 0.851517 0.781417
vt 0.853380 0.781216
vt 0.853286 0.779370
vt 0.817188 0.318967
vt 0.818926 0.319129
vt 0.819027 0.320872
vt 0.817522 0.317148
vt 0.819229 0.317892
vt 0.818133 0.315137
vt 0.820394 0.316156
vt 0.822124 0.318002
vt 0.820259 0.318883
vt 0.823021 0.320259
vt 0.820969 0.320665
vt 0.852106 0.625626
vt 0.854234 0.626712
vt 0.853234 0.628338
vt 0.851488 0.627534
vt 0.855891 0.628550
vt 0.854160 0.629445
vt 0.856705 0.630849
vt 0.854749 0.631237
vt 0.852834 0.631433
vt 0.852871 0.629628
vt 0.851061 0.629441
vt 0.819655 0.467562
vt 0.819622 0.469356
vt 0.817828 0.469439
vt 0.821674 0.467811
vt 0.820968 0.469608
vt 0.823787 0.468261
vt 0.822892 0.470526
vt 0.821166 0.472417
vt 0.819978 0.470605
vt 0.818891 0.473492
vt 0.818215 0.471379
vt 0.786873 0.757992
vt 0.784747 0.758063
vt 0.782759 0.758141
vt 0.392235 0.794774
vt 0.398660 0.787964
vt 0.390368 0.793201
vt 0.397421 0.786662
vt 0.753820 0.447571
vt 0.751856 0.447521
vt 0.749943 0.447413
vt 0.396148 0.638537
vt 0.389649 0.631550
vt 0.394795 0.639486
vt 0.387829 0.633110
vt 0.796330 0.630091
vt 0.796150 0.627981
vt 0.795944 0.625832
vt 0.810790 0.470263
vt 0.810935 0.472361
vt 0.811066 0.474496
vt 0.459842 0.640788
vt 0.467159 0.633953
vt 0.458542 0.639380
vt 0.465326 0.632121
vt 0.853644 0.652512
vt 0.855701 0.652489
vt 0.857630 0.652481
vt 0.819901 0.341508
vt 0.821890 0.341557
vt 0.823751 0.341638
vt 0.452917 0.788921
vt 0.457517 0.794930
vt 0.453883 0.787979
vt 0.459053 0.793588
vt 0.844120 0.782317
vt 0.844408 0.784458
vt 0.844746 0.786530
vt 0.762836 0.317518
vt 0.762601 0.315371
vt 0.762369 0.313266
vt 0.786574 0.653249
vt 0.784323 0.653188
vt 0.782145 0.653112
vt 0.786673 0.679312
vt 0.784622 0.679306
vt 0.782767 0.679292
vt 0.786794 0.705539
vt 0.784901 0.705556
vt 0.783309 0.705574
vt 0.786738 0.731832
vt 0.784793 0.731865
vt 0.783115 0.731906
vt 0.753379 0.341542
vt 0.751453 0.341612
vt 0.749682 0.341742
vt 0.753138 0.367895
vt 0.751256 0.367948
vt 0.749692 0.368048
vt 0.753041 0.394644
vt 0.751160 0.394640
vt 0.749639 0.394627
vt 0.753381 0.421379
vt 0.751463 0.421319
vt 0.749769 0.421197
vt 0.853784 0.758252
vt 0.855804 0.758276
vt 0.857630 0.758290
vt 0.853809 0.731830
vt 0.855786 0.731841
vt 0.857457 0.731856
vt 0.853550 0.705343
vt 0.855482 0.705344
vt 0.857071 0.705353
vt 0.853834 0.678905
vt 0.855847 0.678894
vt 0.857619 0.678889
vt 0.820031 0.447099
vt 0.822101 0.447071
vt 0.824145 0.447026
vt 0.820281 0.421263
vt 0.822211 0.421181
vt 0.823954 0.421061
vt 0.820778 0.394498
vt 0.822622 0.394479
vt 0.824145 0.394451
vt 0.820202 0.367682
vt 0.822055 0.367733
vt 0.823638 0.367813
vt 0.843670 0.628577
vt 0.843921 0.626452
vt 0.844224 0.624393
vt 0.831623 0.628321
vt 0.831792 0.626185
vt 0.832023 0.624116
vt 0.819594 0.628581
vt 0.819716 0.626428
vt 0.819917 0.624333
vt 0.807791 0.629319
vt 0.807819 0.627211
vt 0.807905 0.625131
vt 0.763424 0.471407
vt 0.763216 0.473594
vt 0.763012 0.475756
vt 0.775535 0.471910
vt 0.775388 0.474093
vt 0.775189 0.476238
vt 0.787525 0.471486
vt 0.787411 0.473651
vt 0.787227 0.475800
vt 0.799267 0.471042
vt 0.799240 0.473198
vt 0.799158 0.475331
vt 0.796897 0.781086
vt 0.796758 0.783138
vt 0.796598 0.785214
vt 0.808299 0.781735
vt 0.808362 0.783794
vt 0.808492 0.785815
vt 0.820050 0.782413
vt 0.820214 0.784541
vt 0.820465 0.786608
vt 0.832062 0.782621
vt 0.832272 0.784761
vt 0.832550 0.786827
vt 0.810176 0.318257
vt 0.810272 0.316241
vt 0.810349 0.314173
vt 0.798724 0.317630
vt 0.798647 0.315554
vt 0.798499 0.313483
vt 0.787017 0.317293
vt 0.786855 0.315201
vt 0.786605 0.313111
vt 0.774992 0.316942
vt 0.774804 0.314805
vt 0.774552 0.312722
s 1
usemtl Material.002
f 1879/1997/795 1719/1998/635 1816/1999/732 1633/2000/549
f 1767/2001/683 1896/2002/812 1637/2003/553 1839/2004/755
f 1856/2005/772 1657/2006/573 1919/2007/835 1743/2008/659
f 1653/2009/569 1799/2010/715 1697/2011/613 1936/2012/852
f 1820/2013/736 1855/2014/771 1745/2015/661 1731/2016/647
f 1708/2017/624 1720/2018/636 1880/2019/796 1875/2020/791
f 1732/2021/648 1744/2022/660 1920/2023/836 1915/2024/831
f 1824/2025/740 1852/2026/768 1855/2014/771 1820/2013/736
f 1633/2000/549 1816/1999/732 1811/2027/727 1638/2028/554
f 1638/2028/554 1811/2027/727 1807/2029/723 1643/2030/559
f 1643/2030/559 1807/2029/723 1803/2031/719 1648/2032/564
f 1860/2033/776 1895/2034/811 1769/2035/685 1755/2036/671
f 1839/2004/755 1637/2003/553 1642/2037/558 1843/2038/759
f 1835/2039/751 1840/2040/756 1844/2041/760 1832/2042/748
f 1832/2042/748 1844/2041/760 1848/2043/764 1828/2044/744
f 1828/2044/744 1848/2043/764 1852/2026/768 1824/2025/740
f 1859/2045/775 1757/2046/673 1836/2047/752 1658/2048/574
f 1658/2048/574 1836/2047/752 1831/2049/747 1663/2050/579
f 1663/2050/579 1831/2049/747 1827/2051/743 1668/2052/584
f 1668/2052/584 1827/2051/743 1823/2053/739 1673/2054/589
f 1673/2054/589 1823/2053/739 1819/2055/735 1678/2056/594
f 1900/2057/816 1935/2058/851 1696/2059/612 1684/2060/600
f 1648/2032/564 1803/2031/719 1799/2010/715 1653/2009/569
f 1791/2061/707 1677/2062/593 1682/2063/598 1796/2064/712
f 1787/2065/703 1672/2066/588 1677/2062/593 1791/2061/707
f 1783/2067/699 1667/2068/583 1672/2066/588 1787/2065/703
f 1795/2069/711 1800/2070/716 1804/2071/720 1792/2072/708
f 1677/2062/593 1676/2073/592 1681/2074/597 1682/2063/598
f 1676/2073/592 1675/2075/591 1680/2076/596 1681/2074/597
f 1675/2075/591 1674/2077/590 1679/2078/595 1680/2076/596
f 1674/2077/590 1673/2054/589 1678/2056/594 1679/2078/595
f 1792/2072/708 1804/2071/720 1808/2079/724 1788/2080/704
f 1672/2066/588 1671/2081/587 1676/2073/592 1677/2062/593
f 1671/2081/587 1670/2082/586 1675/2075/591 1676/2073/592
f 1670/2082/586 1669/2083/585 1674/2077/590 1675/2075/591
f 1669/2083/585 1668/2052/584 1673/2054/589 1674/2077/590
f 1788/2080/704 1808/2079/724 1812/2084/728 1784/2085/700
f 1667/2068/583 1666/2086/582 1671/2081/587 1672/2066/588
f 1666/2086/582 1665/2087/581 1670/2082/586 1671/2081/587
f 1665/2087/581 1664/2088/580 1669/2083/585 1670/2082/586
f 1664/2088/580 1663/2050/579 1668/2052/584 1669/2083/585
f 1784/2085/700 1812/2084/728 1815/2089/731 1780/2090/696
f 1662/2091/578 1661/2092/577 1666/2086/582 1667/2068/583
f 1661/2092/577 1660/2093/576 1665/2087/581 1666/2086/582
f 1660/2093/576 1659/2094/575 1664/2088/580 1665/2087/581
f 1659/2094/575 1658/2048/574 1663/2050/579 1664/2088/580
f 1780/2090/696 1815/2089/731 1721/2095/637 1707/2096/623
f 1883/2097/799 1879/1997/795 1633/2000/549 1634/2098/550
f 1875/2020/791 1880/2019/796 1884/2099/800 1872/2100/788
f 1872/2100/788 1884/2099/800 1888/2101/804 1868/2102/784
f 1868/2102/784 1888/2101/804 1892/2103/808 1864/2104/780
f 1864/2104/780 1892/2103/808 1895/2034/811 1860/2033/776
f 1652/2105/568 1651/2106/567 1656/2107/572 1657/2006/573
f 1651/2106/567 1650/2108/566 1655/2109/571 1656/2107/572
f 1650/2108/566 1649/2110/565 1654/2111/570 1655/2109/571
f 1649/2110/565 1648/2032/564 1653/2009/569 1654/2111/570
f 1851/2112/767 1652/2105/568 1657/2006/573 1856/2005/772
f 1647/2113/563 1646/2114/562 1651/2106/567 1652/2105/568
f 1646/2114/562 1645/2115/561 1650/2108/566 1651/2106/567
f 1645/2115/561 1644/2116/560 1649/2110/565 1650/2108/566
f 1644/2116/560 1643/2030/559 1648/2032/564 1649/2110/565
f 1847/2117/763 1647/2113/563 1652/2105/568 1851/2112/767
f 1642/2037/558 1641/2118/557 1646/2114/562 1647/2113/563
f 1641/2118/557 1640/2119/556 1645/2115/561 1646/2114/562
f 1640/2119/556 1639/2120/555 1644/2116/560 1645/2115/561
f 1639/2120/555 1638/2028/554 1643/2030/559 1644/2116/560
f 1843/2038/759 1642/2037/558 1647/2113/563 1847/2117/763
f 1637/2003/553 1636/2121/552 1641/2118/557 1642/2037/558
f 1636/2121/552 1635/2122/551 1640/2119/556 1641/2118/557
f 1635/2122/551 1634/2098/550 1639/2120/555 1640/2119/556
f 1634/2098/550 1633/2000/549 1638/2028/554 1639/2120/555
f 1779/2123/695 1662/2091/578 1667/2068/583 1783/2067/699
f 1904/2124/820 1932/2125/848 1935/2058/851 1900/2057/816
f 1896/2002/812 1891/2126/807 1636/2121/552 1637/2003/553
f 1891/2126/807 1887/2127/803 1635/2122/551 1636/2121/552
f 1887/2127/803 1883/2097/799 1634/2098/550 1635/2122/551
f 1756/2128/672 1768/2129/684 1840/2040/756 1835/2039/751
f 1656/2107/572 1655/2109/571 1927/2130/843 1923/2131/839
f 1655/2109/571 1654/2111/570 1931/2132/847 1927/2130/843
f 1654/2111/570 1653/2009/569 1936/2012/852 1931/2132/847
f 1685/2133/601 1695/2134/611 1800/2070/716 1795/2069/711
f 1908/2135/824 1928/2136/844 1932/2125/848 1904/2124/820
f 1912/2137/828 1924/2138/840 1928/2136/844 1908/2135/824
f 1915/2024/831 1920/2023/836 1924/2138/840 1912/2137/828
f 1657/2006/573 1656/2107/572 1923/2131/839 1919/2007/835
f 1678/2056/594 1819/2055/735 1733/2139/649 1916/2140/832
f 1679/2078/595 1678/2056/594 1916/2140/832 1911/2141/827
f 1680/2076/596 1679/2078/595 1911/2141/827 1907/2142/823
f 1681/2074/597 1680/2076/596 1907/2142/823 1903/2143/819
f 1682/2063/598 1681/2074/597 1903/2143/819 1899/2144/815
f 1709/2145/625 1876/2146/792 1662/2091/578 1779/2123/695
f 1876/2146/792 1871/2147/787 1661/2092/577 1662/2091/578
f 1871/2147/787 1867/2148/783 1660/2093/576 1661/2092/577
f 1867/2148/783 1863/2149/779 1659/2094/575 1660/2093/576
f 1863/2149/779 1859/2045/775 1658/2048/574 1659/2094/575
f 1683/2150/599 1686/2151/602 1688/2152/604 1687/2153/603
f 1686/2151/602 1690/2154/606 1691/2155/607 1688/2152/604
f 1684/2156/600 1689/2157/605 1691/2155/607 1690/2154/606
f 1689/2157/605 1693/2158/609 1694/2159/610 1691/2155/607
f 1685/2160/601 1692/2161/608 1694/2159/610 1693/2158/609
f 1692/2161/608 1687/2153/603 1688/2152/604 1694/2159/610
f 1688/2152/604 1691/2155/607 1694/2159/610
f 1695/2162/611 1698/2163/614 1700/2164/616 1699/2165/615
f 1698/2163/614 1702/2166/618 1703/2167/619 1700/2164/616
f 1696/2168/612 1701/2169/617 1703/2167/619 1702/2166/618
f 1701/2169/617 1705/2170/621 1706/2171/622 1703/2167/619
f 1697/2011/613 1704/2172/620 1706/2171/622 1705/2170/621
f 1704/2172/620 1699/2165/615 1700/2164/616 1706/2171/622
f 1700/2164/616 1703/2167/619 1706/2171/622
f 1707/2173/623 1710/2174/626 1712/2175/628 1711/2176/627
f 1710/2174/626 1714/2177/630 1715/2178/631 1712/2175/628
f 1708/2179/624 1713/2180/629 1715/2178/631 1714/2177/630
f 1713/2180/629 1717/2181/633 1718/2182/634 1715/2178/631
f 1709/2145/625 1716/2183/632 1718/2182/634 1717/2181/633
f 1716/2183/632 1711/2176/627 1712/2175/628 1718/2182/634
f 1712/2175/628 1715/2178/631 1718/2182/634
f 1719/1998/635 1722/2184/638 1724/2185/640 1723/2186/639
f 1722/2184/638 1726/2187/642 1727/2188/643 1724/2185/640
f 1720/2189/636 1725/2190/641 1727/2188/643 1726/2187/642
f 1725/2190/641 1729/2191/645 1730/2192/646 1727/2188/643
f 1721/2193/637 1728/2194/644 1730/2192/646 1729/2191/645
f 1728/2194/644 1723/2186/639 1724/2185/640 1730/2192/646
f 1724/2185/640 1727/2188/643 1730/2192/646
f 1731/2195/647 1734/2196/650 1736/2197/652 1735/2198/651
f 1734/2196/650 1738/2199/654 1739/2200/655 1736/2197/652
f 1732/2201/648 1737/2202/653 1739/2200/655 1738/2199/654
f 1737/2202/653 1741/2203/657 1742/2204/658 1739/2200/655
f 1733/2139/649 1740/2205/656 1742/2204/658 1741/2203/657
f 1740/2205/656 1735/2198/651 1736/2197/652 1742/2204/658
f 1736/2197/652 1739/2200/655 1742/2204/658
f 1743/2008/659 1746/2206/662 1748/2207/664 1747/2208/663
f 1746/2206/662 1750/2209/666 1751/2210/667 1748/2207/664
f 1744/2211/660 1749/2212/665 1751/2210/667 1750/2209/666
f 1749/2212/665 1753/2213/669 1754/2214/670 1751/2210/667
f 1745/2215/661 1752/2216/668 1754/2214/670 1753/2213/669
f 1752/2216/668 1747/2208/663 1748/2207/664 1754/2214/670
f 1748/2207/664 1751/2210/667 1754/2214/670
f 1755/2217/671 1758/2218/674 1760/2219/676 1759/2220/675
f 1758/2218/674 1762/2221/678 1763/2222/679 1760/2219/676
f 1756/2223/672 1761/2224/677 1763/2222/679 1762/2221/678
f 1761/2224/677 1765/2225/681 1766/2226/682 1763/2222/679
f 1757/2046/673 1764/2227/680 1766/2226/682 1765/2225/681
f 1764/2227/680 1759/2220/675 1760/2219/676 1766/2226/682
f 1760/2219/676 1763/2222/679 1766/2226/682
f 1767/2001/683 1770/2228/686 1772/2229/688 1771/2230/687
f 1770/2228/686 1774/2231/690 1775/2232/691 1772/2229/688
f 1768/2233/684 1773/2234/689 1775/2232/691 1774/2231/690
f 1773/2234/689 1777/2235/693 1778/2236/694 1775/2232/691
f 1769/2237/685 1776/2238/692 1778/2236/694 1777/2235/693
f 1776/2238/692 1771/2230/687 1772/2229/688 1778/2236/694
f 1772/2229/688 1775/2232/691 1778/2236/694
f 1796/2064/712 1683/2150/599 1687/2153/603 1798/2239/714
f 1798/2239/714 1687/2153/603 1692/2161/608 1797/2240/713
f 1797/2240/713 1692/2161/608 1685/2160/601 1795/2241/711
f 1684/2060/600 1696/2059/612 1702/2242/618 1689/2243/605
f 1689/2243/605 1702/2242/618 1698/2244/614 1693/2245/609
f 1693/2245/609 1698/2244/614 1695/2134/611 1685/2133/601
f 1816/1999/732 1719/1998/635 1723/2186/639 1818/2246/734
f 1818/2246/734 1723/2186/639 1728/2194/644 1817/2247/733
f 1817/2247/733 1728/2194/644 1721/2193/637 1815/2248/731
f 1720/2018/636 1708/2017/624 1714/2249/630 1725/2250/641
f 1725/2250/641 1714/2249/630 1710/2251/626 1729/2252/645
f 1729/2252/645 1710/2251/626 1707/2096/623 1721/2095/637
f 1876/2146/792 1709/2145/625 1717/2181/633 1878/2253/794
f 1878/2253/794 1717/2181/633 1713/2180/629 1877/2254/793
f 1877/2254/793 1713/2180/629 1708/2179/624 1875/2255/791
f 1896/2002/812 1767/2001/683 1771/2230/687 1898/2256/814
f 1898/2256/814 1771/2230/687 1776/2238/692 1897/2257/813
f 1897/2257/813 1776/2238/692 1769/2237/685 1895/2258/811
f 1768/2129/684 1756/2128/672 1762/2259/678 1773/2260/689
f 1773/2260/689 1762/2259/678 1758/2261/674 1777/2262/693
f 1777/2262/693 1758/2261/674 1755/2036/671 1769/2035/685
f 1836/2047/752 1757/2046/673 1765/2225/681 1838/2263/754
f 1838/2263/754 1765/2225/681 1761/2224/677 1837/2264/753
f 1837/2264/753 1761/2224/677 1756/2223/672 1835/2265/751
f 1856/2005/772 1743/2008/659 1747/2208/663 1858/2266/774
f 1858/2266/774 1747/2208/663 1752/2216/668 1857/2267/773
f 1857/2267/773 1752/2216/668 1745/2215/661 1855/2268/771
f 1744/2022/660 1732/2021/648 1738/2269/654 1749/2270/665
f 1749/2270/665 1738/2269/654 1734/2271/650 1753/2272/669
f 1753/2272/669 1734/2271/650 1731/2016/647 1745/2015/661
f 1916/2140/832 1733/2139/649 1741/2203/657 1918/2273/834
f 1918/2273/834 1741/2203/657 1737/2202/653 1917/2274/833
f 1917/2274/833 1737/2202/653 1732/2201/648 1915/2275/831
f 1936/2012/852 1697/2011/613 1705/2170/621 1938/2276/854
f 1938/2276/854 1705/2170/621 1701/2169/617 1937/2277/853
f 1937/2277/853 1701/2169/617 1696/2168/612 1935/2278/851
f 1709/2145/625 1779/2123/695 1781/2279/697 1716/2183/632
f 1716/2183/632 1781/2279/697 1782/2280/698 1711/2176/627
f 1711/2176/627 1782/2280/698 1780/2281/696 1707/2173/623
f 1779/2123/695 1783/2067/699 1785/2282/701 1781/2279/697
f 1781/2279/697 1785/2282/701 1786/2283/702 1782/2280/698
f 1782/2280/698 1786/2283/702 1784/2284/700 1780/2281/696
f 1783/2067/699 1787/2065/703 1789/2285/705 1785/2282/701
f 1785/2282/701 1789/2285/705 1790/2286/706 1786/2283/702
f 1786/2283/702 1790/2286/706 1788/2287/704 1784/2284/700
f 1787/2065/703 1791/2061/707 1793/2288/709 1789/2285/705
f 1789/2285/705 1793/2288/709 1794/2289/710 1790/2286/706
f 1790/2286/706 1794/2289/710 1792/2290/708 1788/2287/704
f 1791/2061/707 1796/2064/712 1798/2239/714 1793/2288/709
f 1793/2288/709 1798/2239/714 1797/2240/713 1794/2289/710
f 1794/2289/710 1797/2240/713 1795/2241/711 1792/2290/708
f 1697/2011/613 1799/2010/715 1801/2291/717 1704/2172/620
f 1704/2172/620 1801/2291/717 1802/2292/718 1699/2165/615
f 1699/2165/615 1802/2292/718 1800/2293/716 1695/2162/611
f 1799/2010/715 1803/2031/719 1805/2294/721 1801/2291/717
f 1801/2291/717 1805/2294/721 1806/2295/722 1802/2292/718
f 1802/2292/718 1806/2295/722 1804/2296/720 1800/2293/716
f 1803/2031/719 1807/2029/723 1809/2297/725 1805/2294/721
f 1805/2294/721 1809/2297/725 1810/2298/726 1806/2295/722
f 1806/2295/722 1810/2298/726 1808/2299/724 1804/2296/720
f 1807/2029/723 1811/2027/727 1813/2300/729 1809/2297/725
f 1809/2297/725 1813/2300/729 1814/2301/730 1810/2298/726
f 1810/2298/726 1814/2301/730 1812/2302/728 1808/2299/724
f 1811/2027/727 1816/1999/732 1818/2246/734 1813/2300/729
f 1813/2300/729 1818/2246/734 1817/2247/733 1814/2301/730
f 1814/2301/730 1817/2247/733 1815/2248/731 1812/2302/728
f 1733/2139/649 1819/2055/735 1821/2303/737 1740/2205/656
f 1740/2205/656 1821/2303/737 1822/2304/738 1735/2198/651
f 1735/2198/651 1822/2304/738 1820/2305/736 1731/2195/647
f 1819/2055/735 1823/2053/739 1825/2306/741 1821/2303/737
f 1821/2303/737 1825/2306/741 1826/2307/742 1822/2304/738
f 1822/2304/738 1826/2307/742 1824/2308/740 1820/2305/736
f 1823/2053/739 1827/2051/743 1829/2309/745 1825/2306/741
f 1825/2306/741 1829/2309/745 1830/2310/746 1826/2307/742
f 1826/2307/742 1830/2310/746 1828/2311/744 1824/2308/740
f 1827/2051/743 1831/2049/747 1833/2312/749 1829/2309/745
f 1829/2309/745 1833/2312/749 1834/2313/750 1830/2310/746
f 1830/2310/746 1834/2313/750 1832/2314/748 1828/2311/744
f 1831/2049/747 1836/2047/752 1838/2263/754 1833/2312/749
f 1833/2312/749 1838/2263/754 1837/2264/753 1834/2313/750
f 1834/2313/750 1837/2264/753 1835/2265/751 1832/2314/748
f 1767/2001/683 1839/2004/755 1841/2315/757 1770/2228/686
f 1770/2228/686 1841/2315/757 1842/2316/758 1774/2231/690
f 1774/2231/690 1842/2316/758 1840/2317/756 1768/2233/684
f 1839/2004/755 1843/2038/759 1845/2318/761 1841/2315/757
f 1841/2315/757 1845/2318/761 1846/2319/762 1842/2316/758
f 1842/2316/758 1846/2319/762 1844/2320/760 1840/2317/756
f 1843/2038/759 1847/2117/763 1849/2321/765 1845/2318/761
f 1845/2318/761 1849/2321/765 1850/2322/766 1846/2319/762
f 1846/2319/762 1850/2322/766 1848/2323/764 1844/2320/760
f 1847/2117/763 1851/2112/767 1853/2324/769 1849/2321/765
f 1849/2321/765 1853/2324/769 1854/2325/770 1850/2322/766
f 1850/2322/766 1854/2325/770 1852/2326/768 1848/2323/764
f 1851/2112/767 1856/2005/772 1858/2266/774 1853/2324/769
f 1853/2324/769 1858/2266/774 1857/2267/773 1854/2325/770
f 1854/2325/770 1857/2267/773 1855/2268/771 1852/2326/768
f 1757/2046/673 1859/2045/775 1861/2327/777 1764/2227/680
f 1764/2227/680 1861/2327/777 1862/2328/778 1759/2220/675
f 1759/2220/675 1862/2328/778 1860/2329/776 1755/2217/671
f 1859/2045/775 1863/2149/779 1865/2330/781 1861/2327/777
f 1861/2327/777 1865/2330/781 1866/2331/782 1862/2328/778
f 1862/2328/778 1866/2331/782 1864/2332/780 1860/2329/776
f 1863/2149/779 1867/2148/783 1869/2333/785 1865/2330/781
f 1865/2330/781 1869/2333/785 1870/2334/786 1866/2331/782
f 1866/2331/782 1870/2334/786 1868/2335/784 1864/2332/780
f 1867/2148/783 1871/2147/787 1873/2336/789 1869/2333/785
f 1869/2333/785 1873/2336/789 1874/2337/790 1870/2334/786
f 1870/2334/786 1874/2337/790 1872/2338/788 1868/2335/784
f 1871/2147/787 1876/2146/792 1878/2253/794 1873/2336/789
f 1873/2336/789 1878/2253/794 1877/2254/793 1874/2337/790
f 1874/2337/790 1877/2254/793 1875/2255/791 1872/2338/788
f 1719/1998/635 1879/1997/795 1881/2339/797 1722/2184/638
f 1722/2184/638 1881/2339/797 1882/2340/798 1726/2187/642
f 1726/2187/642 1882/2340/798 1880/2341/796 1720/2189/636
f 1879/1997/795 1883/2097/799 1885/2342/801 1881/2339/797
f 1881/2339/797 1885/2342/801 1886/2343/802 1882/2340/798
f 1882/2340/798 1886/2343/802 1884/2344/800 1880/2341/796
f 1883/2097/799 1887/2127/803 1889/2345/805 1885/2342/801
f 1885/2342/801 1889/2345/805 1890/2346/806 1886/2343/802
f 1886/2343/802 1890/2346/806 1888/2347/804 1884/2344/800
f 1887/2127/803 1891/2126/807 1893/2348/809 1889/2345/805
f 1889/2345/805 1893/2348/809 1894/2349/810 1890/2346/806
f 1890/2346/806 1894/2349/810 1892/2350/808 1888/2347/804
f 1891/2126/807 1896/2002/812 1898/2256/814 1893/2348/809
f 1893/2348/809 1898/2256/814 1897/2257/813 1894/2349/810
f 1894/2349/810 1897/2257/813 1895/2258/811 1892/2350/808
f 1683/2150/599 1899/2144/815 1901/2351/817 1686/2151/602
f 1686/2151/602 1901/2351/817 1902/2352/818 1690/2154/606
f 1690/2154/606 1902/2352/818 1900/2353/816 1684/2156/600
f 1899/2144/815 1903/2143/819 1905/2354/821 1901/2351/817
f 1901/2351/817 1905/2354/821 1906/2355/822 1902/2352/818
f 1902/2352/818 1906/2355/822 1904/2356/820 1900/2353/816
f 1903/2143/819 1907/2142/823 1909/2357/825 1905/2354/821
f 1905/2354/821 1909/2357/825 1910/2358/826 1906/2355/822
f 1906/2355/822 1910/2358/826 1908/2359/824 1904/2356/820
f 1907/2142/823 1911/2141/827 1913/2360/829 1909/2357/825
f 1909/2357/825 1913/2360/829 1914/2361/830 1910/2358/826
f 1910/2358/826 1914/2361/830 1912/2362/828 1908/2359/824
f 1911/2141/827 1916/2140/832 1918/2273/834 1913/2360/829
f 1913/2360/829 1918/2273/834 1917/2274/833 1914/2361/830
f 1914/2361/830 1917/2274/833 1915/2275/831 1912/2362/828
f 1743/2008/659 1919/2007/835 1921/2363/837 1746/2206/662
f 1746/2206/662 1921/2363/837 1922/2364/838 1750/2209/666
f 1750/2209/666 1922/2364/838 1920/2365/836 1744/2211/660
f 1919/2007/835 1923/2131/839 1925/2366/841 1921/2363/837
f 1921/2363/837 1925/2366/841 1926/2367/842 1922/2364/838
f 1922/2364/838 1926/2367/842 1924/2368/840 1920/2365/836
f 1923/2131/839 1927/2130/843 1929/2369/845 1925/2366/841
f 1925/2366/841 1929/2369/845 1930/2370/846 1926/2367/842
f 1926/2367/842 1930/2370/846 1928/2371/844 1924/2368/840
f 1927/2130/843 1931/2132/847 1933/2372/849 1929/2369/845
f 1929/2369/845 1933/2372/849 1934/2373/850 1930/2370/846
f 1930/2370/846 1934/2373/850 1932/2374/848 1928/2371/844
f 1931/2132/847 1936/2012/852 1938/2276/854 1933/2372/849
f 1933/2372/849 1938/2276/854 1937/2277/853 1934/2373/850
f 1934/2373/850 1937/2277/853 1935/2278/851 1932/2374/848
f 1796/2064/712 1682/2063/598 1899/2144/815 1683/2150/599
o Cube.002
v -0.765451 1.566245 -0.299533
v -0.697926 1.562174 -0.299533
v -0.630332 1.565116 -0.299533
v -0.562877 1.564826 -0.299533
v -0.495457 1.562201 -0.299533
v -0.765691 1.549197 -0.149766
v -0.698421 1.544125 -0.149766
v -0.631253 1.547567 -0.149766
v -0.564212 1.549588 -0.149766
v -0.497103 1.548642 -0.149766
v -0.765947 1.537294 0.000000
v -0.699029 1.532683 0.000000
v -0.632366 1.534137 0.000000
v -0.565776 1.534265 0.000000
v -0.498991 1.532655 -0.000000
v -0.765821 1.544554 0.149767
v -0.698853 1.539414 0.149766
v -0.632121 1.541874 0.149766
v -0.565461 1.543388 0.149766
v -0.498627 1.542359 0.149766
v -0.765518 1.561766 0.299533
v -0.698162 1.557531 0.299533
v -0.630886 1.559786 0.299533
v -0.563772 1.559212 0.299533
v -0.496611 1.556538 0.299533
v -0.509043 1.464442 -0.299533
v -0.576506 1.466535 -0.299533
v -0.644036 1.465163 -0.299533
v -0.711668 1.461181 -0.299533
v -0.779208 1.464128 -0.299533
v -0.510194 1.465920 -0.149766
v -0.577397 1.465950 -0.149766
v -0.644559 1.463228 -0.149766
v -0.711830 1.459862 -0.149766
v -0.779213 1.463805 -0.149766
v -0.511611 1.463098 -0.000000
v -0.578544 1.464081 0.000000
v -0.645307 1.463334 0.000000
v -0.712141 1.461546 0.000000
v -0.779231 1.465268 0.000000
v -0.511377 1.468044 0.149766
v -0.578351 1.468063 0.149766
v -0.645168 1.466195 0.149766
v -0.712054 1.463947 0.149766
v -0.779188 1.468219 0.149767
v -0.509903 1.467451 0.299533
v -0.577141 1.469374 0.299533
v -0.644370 1.468535 0.299533
v -0.711726 1.465591 0.299533
v -0.779143 1.468953 0.299533
v -0.822656 1.475192 0.425167
v -0.819652 1.497644 0.449299
v -0.843538 1.504804 0.425167
v -0.822257 1.478008 0.437218
v -0.834188 1.481330 0.425167
v -0.833295 1.483986 0.436708
v -0.831583 1.500953 0.446075
v -0.821155 1.486254 0.446075
v -0.832518 1.489834 0.442944
v -0.841853 1.492149 0.425167
v -0.840351 1.503518 0.437218
v -0.838691 1.491609 0.436708
v -0.835757 1.564346 0.425167
v -0.811862 1.557888 0.449299
v -0.808860 1.580216 0.425167
v -0.832565 1.563472 0.437218
v -0.831065 1.574699 0.425167
v -0.828025 1.573565 0.436708
v -0.810359 1.569260 0.446075
v -0.823794 1.561119 0.446075
v -0.821849 1.571936 0.442944
v -0.821191 1.580579 0.425167
v -0.809258 1.577461 0.437218
v -0.821073 1.577733 0.436708
v -0.843547 1.504176 -0.425167
v -0.819661 1.497009 -0.449299
v -0.822680 1.473474 -0.425167
v -0.840360 1.502940 -0.437217
v -0.841869 1.491053 -0.425167
v -0.838705 1.490644 -0.436707
v -0.821169 1.485259 -0.446075
v -0.831592 1.500374 -0.446075
v -0.832531 1.488896 -0.442943
v -0.834209 1.479834 -0.425167
v -0.822277 1.476620 -0.437217
v -0.833312 1.482777 -0.436707
v -0.808831 1.582412 -0.425167
v -0.811849 1.558889 -0.449299
v -0.835736 1.565915 -0.425167
v -0.809234 1.579269 -0.437217
v -0.821162 1.582778 -0.425167
v -0.821049 1.579552 -0.436707
v -0.823779 1.562255 -0.446075
v -0.810342 1.570635 -0.446075
v -0.821829 1.573444 -0.442943
v -0.831039 1.576664 -0.425167
v -0.832547 1.564815 -0.437217
v -0.828003 1.575238 -0.436707
v -0.438723 1.479028 0.425167
v -0.462481 1.483105 0.449299
v -0.465647 1.460861 0.425212
v -0.441833 1.479932 0.437209
v -0.443415 1.468687 0.425181
v -0.446375 1.469964 0.436713
v -0.464000 1.472154 0.446089
v -0.450553 1.481432 0.446067
v -0.452514 1.471013 0.442949
v -0.453298 1.462013 0.425198
v -0.465162 1.464015 0.437248
v -0.453333 1.465226 0.436725
v -0.452008 1.561799 0.425237
v -0.454789 1.540697 0.449299
v -0.431103 1.535592 0.425167
v -0.452321 1.559429 0.437061
v -0.440716 1.556843 0.424902
v -0.441304 1.555334 0.436561
v -0.443119 1.538587 0.445719
v -0.453321 1.551834 0.445720
v -0.442049 1.549670 0.443019
v -0.433172 1.547387 0.424877
v -0.434573 1.536746 0.437011
v -0.435774 1.548279 0.436538
v -0.462421 1.476529 -0.449299
v -0.438517 1.472687 -0.425167
v -0.465450 1.454655 -0.425169
v -0.450681 1.474865 -0.445718
v -0.463896 1.465846 -0.445720
v -0.452475 1.464610 -0.443042
v -0.443542 1.462557 -0.425217
v -0.442057 1.473483 -0.437012
v -0.446138 1.463585 -0.436657
v -0.464989 1.457964 -0.437011
v -0.453259 1.456042 -0.425217
v -0.453277 1.458788 -0.436656
v -0.451695 1.558035 -0.425172
v -0.430786 1.530995 -0.425167
v -0.454653 1.535155 -0.449299
v -0.440147 1.553303 -0.425170
v -0.452065 1.555369 -0.437221
v -0.441012 1.550762 -0.436709
v -0.433949 1.531928 -0.437217
v -0.432472 1.543372 -0.425169
v -0.435609 1.543770 -0.436708
v -0.453150 1.547004 -0.446077
v -0.442710 1.533446 -0.446074
v -0.441776 1.544841 -0.442944
v -0.822695 1.472364 -0.299533
v -0.843585 1.501401 -0.299533
v -0.834243 1.478386 -0.299533
v -0.841890 1.488943 -0.299533
v -0.822716 1.470798 -0.149766
v -0.843668 1.495213 -0.149766
v -0.834277 1.475874 -0.149766
v -0.841946 1.484752 -0.149766
v -0.822721 1.471417 0.000000
v -0.843708 1.492266 0.000000
v -0.834285 1.475786 0.000000
v -0.841967 1.483368 0.000000
v -0.822676 1.474680 0.149767
v -0.843648 1.496719 0.149767
v -0.834237 1.479290 0.149767
v -0.841914 1.487304 0.149767
v -0.843563 1.502968 0.299533
v -0.822638 1.476499 0.299533
v -0.841853 1.491621 0.299533
v -0.834194 1.481997 0.299533
v -0.808998 1.570133 0.299533
v -0.835869 1.556045 0.299533
v -0.821345 1.570483 0.299533
v -0.831182 1.565279 0.299533
v -0.809272 1.551849 0.149766
v -0.836081 1.540375 0.149767
v -0.821605 1.552238 0.149767
v -0.831419 1.547997 0.149767
v -0.809384 1.544327 0.000000
v -0.836173 1.533563 0.000000
v -0.821712 1.544735 0.000000
v -0.831518 1.540757 0.000000
v -0.809178 1.556964 -0.149766
v -0.836033 1.543990 -0.149766
v -0.821525 1.557296 -0.149766
v -0.831355 1.552501 -0.149766
v -0.835819 1.559828 -0.299533
v -0.808926 1.575356 -0.299533
v -0.831118 1.569982 -0.299533
v -0.821274 1.575717 -0.299533
v -0.466446 1.462713 0.299533
v -0.439582 1.479111 0.299533
v -0.454102 1.463716 0.299533
v -0.444269 1.469722 0.299533
v -0.467956 1.465033 0.149766
v -0.441163 1.479553 0.149766
v -0.455635 1.466018 0.149766
v -0.445828 1.471336 0.149766
v -0.468199 1.459942 -0.000000
v -0.441423 1.473495 -0.000000
v -0.455881 1.460813 -0.000000
v -0.446081 1.465772 -0.000000
v -0.466735 1.462285 -0.149766
v -0.439889 1.477953 -0.149766
v -0.454394 1.463335 -0.149766
v -0.444568 1.469074 -0.149766
v -0.438633 1.476467 -0.299533
v -0.465544 1.458941 -0.299533
v -0.443333 1.466420 -0.299533
v -0.453183 1.459998 -0.299533
v -0.451956 1.557330 -0.299533
v -0.431049 1.531580 -0.299533
v -0.440399 1.552773 -0.299533
v -0.432746 1.543348 -0.299533
v -0.453664 1.544805 -0.149766
v -0.432755 1.522891 -0.149766
v -0.442124 1.540796 -0.149766
v -0.434471 1.532773 -0.149766
v -0.455619 1.529186 -0.000000
v -0.434729 1.510289 -0.000000
v -0.444103 1.525618 -0.000000
v -0.436457 1.518684 -0.000000
v -0.455245 1.538825 0.149766
v -0.434359 1.518926 0.149766
v -0.443726 1.535082 0.149766
v -0.436082 1.527795 0.149766
v -0.432271 1.528314 0.299533
v -0.453166 1.552025 0.299533
v -0.433977 1.539025 0.299533
v -0.441625 1.547698 0.299533
v -0.508971 1.459801 -0.425168
v -0.505951 1.481616 -0.449299
v -0.508557 1.462744 -0.437234
v -0.507451 1.470715 -0.446066
v -0.576507 1.462048 -0.425167
v -0.573497 1.484085 -0.449299
v -0.576100 1.464995 -0.437233
v -0.574998 1.473044 -0.446066
v -0.644075 1.462122 -0.425167
v -0.641071 1.484575 -0.449299
v -0.643673 1.465087 -0.437233
v -0.642574 1.473320 -0.446066
v -0.711681 1.460202 -0.425167
v -0.708676 1.482737 -0.449299
v -0.711279 1.463188 -0.437233
v -0.710179 1.471442 -0.446066
v -0.776187 1.487877 -0.449299
v -0.779199 1.464788 -0.425167
v -0.777693 1.476336 -0.446066
v -0.778796 1.467883 -0.437233
v -0.765363 1.572803 -0.425167
v -0.768375 1.549744 -0.449299
v -0.765766 1.569714 -0.437233
v -0.766868 1.561275 -0.446066
v -0.697864 1.566771 -0.425167
v -0.700874 1.543865 -0.449299
v -0.698267 1.563750 -0.437233
v -0.699368 1.555367 -0.446066
v -0.630270 1.568125 -0.425167
v -0.633280 1.544857 -0.449299
v -0.630670 1.565122 -0.437233
v -0.631772 1.556545 -0.446066
v -0.562725 1.566906 -0.425168
v -0.565715 1.543695 -0.449299
v -0.563116 1.563879 -0.437234
v -0.564212 1.555296 -0.446066
v -0.498177 1.540557 -0.449299
v -0.495212 1.563437 -0.425170
v -0.496676 1.552213 -0.446067
v -0.495590 1.560591 -0.437235
v -0.779172 1.466795 0.425167
v -0.776175 1.488738 0.449299
v -0.778773 1.469524 0.437233
v -0.777676 1.477562 0.446066
v -0.711668 1.462567 0.425168
v -0.708656 1.484224 0.449299
v -0.711260 1.465261 0.437234
v -0.710158 1.473198 0.446066
v -0.644092 1.465592 0.425173
v -0.641033 1.487685 0.449299
v -0.643662 1.468429 0.437236
v -0.642542 1.476525 0.446067
v -0.576603 1.466751 0.425187
v -0.573493 1.488876 0.449299
v -0.576146 1.469708 0.437243
v -0.575008 1.477814 0.446069
v -0.505998 1.487660 0.449299
v -0.509147 1.465598 0.425204
v -0.507517 1.476692 0.446071
v -0.508669 1.468617 0.437252
v -0.495498 1.566784 0.425225
v -0.498298 1.545552 0.449299
v -0.495795 1.564647 0.437262
v -0.496820 1.556859 0.446074
v -0.562913 1.569090 0.425199
v -0.565766 1.547452 0.449299
v -0.563237 1.566745 0.437249
v -0.564282 1.558754 0.446070
v -0.630353 1.568766 0.425178
v -0.633270 1.546866 0.449299
v -0.630709 1.566276 0.437238
v -0.631777 1.558258 0.446067
v -0.697905 1.565772 0.425169
v -0.700872 1.543991 0.449299
v -0.698288 1.563126 0.437234
v -0.699374 1.555153 0.446066
v -0.768384 1.548972 0.449299
v -0.765389 1.570924 0.425167
v -0.766884 1.560145 0.446066
v -0.765787 1.568183 0.437233
vn 0.1358 0.9873 0.0827
vn 0.0157 0.9969 0.0774
vn -0.0201 0.9974 0.0692
vn 0.0175 0.9981 0.0596
vn 0.0722 0.9961 0.0512
vn 0.1240 0.9875 0.0977
vn 0.0139 0.9950 0.0986
vn -0.0281 0.9945 0.1011
vn 0.0042 0.9949 0.1011
vn 0.0571 0.9935 0.0983
vn 0.1187 0.9928 0.0158
vn 0.0198 0.9997 0.0164
vn -0.0236 0.9996 0.0184
vn 0.0025 0.9998 0.0202
vn 0.0507 0.9985 0.0208
vn 0.1202 0.9893 -0.0822
vn 0.0195 0.9964 -0.0828
vn -0.0209 0.9963 -0.0839
vn 0.0069 0.9965 -0.0828
vn 0.0548 0.9953 -0.0799
vn 0.1285 0.9872 -0.0946
vn 0.0162 0.9955 -0.0936
vn -0.0197 0.9954 -0.0935
vn 0.0148 0.9957 -0.0917
vn 0.0662 0.9939 -0.0880
vn -0.0686 -0.9974 0.0224
vn -0.0020 -0.9999 0.0152
vn 0.0345 -0.9994 0.0067
vn -0.0022 -1.0000 0.0003
vn -0.1178 -0.9930 -0.0044
vn -0.0515 -0.9987 -0.0039
vn 0.0082 -0.9999 -0.0067
vn 0.0373 -0.9993 -0.0047
vn -0.0038 -1.0000 0.0001
vn -0.1076 -0.9942 0.0014
vn -0.0409 -0.9991 0.0074
vn 0.0077 -0.9999 0.0078
vn 0.0285 -0.9995 0.0102
vn -0.0120 -0.9998 0.0130
vn -0.1024 -0.9946 0.0139
vn -0.0453 -0.9989 0.0143
vn 0.0045 -0.9998 0.0168
vn 0.0272 -0.9995 0.0164
vn -0.0119 -0.9998 0.0141
vn -0.1048 -0.9944 0.0137
vn -0.0587 -0.9982 -0.0095
vn -0.0006 -1.0000 -0.0063
vn 0.0295 -0.9996 -0.0052
vn -0.0075 -1.0000 -0.0058
vn -0.1133 -0.9936 -0.0044
vn -0.3237 -0.9399 0.1081
vn -0.1578 -0.1187 0.9803
vn -0.9917 0.0012 0.1282
vn -0.3040 -0.8351 0.4585
vn -0.6442 -0.7577 0.1044
vn -0.6007 -0.6835 0.4147
vn -0.5095 -0.0577 0.8585
vn -0.2302 -0.4847 0.8439
vn -0.5381 -0.3812 0.7518
vn -0.9244 -0.3642 0.1137
vn -0.8717 -0.0096 0.4900
vn -0.8403 -0.3308 0.4295
vn -0.9510 0.2828 0.1246
vn -0.0959 0.1479 0.9843
vn 0.1146 0.9905 0.0755
vn -0.8297 0.2448 0.5017
vn -0.7353 0.6705 0.0987
vn -0.6627 0.5930 0.4574
vn 0.0002 0.5159 0.8567
vn -0.4521 0.1916 0.8711
vn -0.3221 0.5304 0.7842
vn -0.2408 0.9676 0.0760
vn 0.0949 0.8791 0.4670
vn -0.2279 0.8696 0.4380
vn -0.9916 0.0019 -0.1292
vn -0.1576 -0.1152 -0.9808
vn -0.3360 -0.9330 -0.1291
vn -0.8712 -0.0088 -0.4909
vn -0.9293 -0.3498 -0.1187
vn -0.8418 -0.3207 -0.4342
vn -0.2304 -0.4718 -0.8511
vn -0.5092 -0.0556 -0.8588
vn -0.5384 -0.3701 -0.7570
vn -0.6592 -0.7425 -0.1188
vn -0.3086 -0.8223 -0.4781
vn -0.6069 -0.6691 -0.4289
vn 0.1189 0.9877 -0.1015
vn -0.0960 0.1434 -0.9850
vn -0.9539 0.2709 -0.1295
vn 0.0961 0.8661 -0.4905
vn -0.2505 0.9628 -0.1011
vn -0.2327 0.8564 -0.4609
vn -0.4519 0.1859 -0.8725
vn -0.0000 0.5015 -0.8651
vn -0.3229 0.5159 -0.7935
vn -0.7474 0.6545 -0.1141
vn -0.8298 0.2374 -0.5051
vn -0.6668 0.5787 -0.4697
vn 0.9507 -0.2805 0.1322
vn 0.1159 -0.1547 0.9811
vn -0.0074 -0.9927 0.1207
vn 0.8331 -0.2437 0.4966
vn 0.7547 -0.6449 0.1206
vn 0.6840 -0.5738 0.4504
vn 0.0560 -0.5255 0.8489
vn 0.4720 -0.1933 0.8601
vn 0.3695 -0.5263 0.7658
vn 0.3245 -0.9386 0.1169
vn 0.0049 -0.8793 0.4762
vn 0.3070 -0.8438 0.4402
vn 0.2462 0.9679 0.0512
vn 0.1525 0.1238 0.9805
vn 0.9922 0.0095 0.1239
vn 0.2270 0.8738 0.4300
vn 0.5902 0.8062 0.0413
vn 0.5467 0.7469 0.3785
vn 0.5121 0.0539 0.8572
vn 0.1852 0.5087 0.8408
vn 0.5087 0.4039 0.7603
vn 0.9131 0.4006 0.0761
vn 0.8725 0.0072 0.4886
vn 0.8420 0.3528 0.4082
vn 0.1142 -0.1614 -0.9803
vn 0.9505 -0.2816 -0.1311
vn -0.0110 -0.9939 -0.1095
vn 0.4716 -0.1913 -0.8608
vn 0.0470 -0.5346 -0.8438
vn 0.3629 -0.5226 -0.7715
vn 0.7552 -0.6464 -0.1089
vn 0.8329 -0.2403 -0.4985
vn 0.6908 -0.5702 -0.4446
vn -0.0063 -0.8816 -0.4720
vn 0.3282 -0.9393 -0.0997
vn 0.2960 -0.8533 -0.4293
vn 0.2491 0.9624 -0.1082
vn 0.9914 -0.0002 -0.1311
vn 0.1498 0.1129 -0.9823
vn 0.5960 0.7964 -0.1025
vn 0.2313 0.8545 -0.4652
vn 0.5484 0.7218 -0.4222
vn 0.8700 0.0082 -0.4930
vn 0.9182 0.3800 -0.1120
vn 0.8300 0.3500 -0.4342
vn 0.1851 0.4845 -0.8550
vn 0.5082 0.0553 -0.8595
vn 0.5066 0.3948 -0.7665
vn -0.3206 -0.9472 -0.0087
vn -1.0000 -0.0009 0.0014
vn -0.6446 -0.7644 -0.0113
vn -0.9253 -0.3791 -0.0079
vn -0.2855 -0.9584 -0.0025
vn -1.0000 -0.0047 0.0020
vn -0.5964 -0.8027 -0.0072
vn -0.9060 -0.4232 -0.0067
vn -0.2598 -0.9656 0.0126
vn -1.0000 -0.0082 0.0009
vn -0.5580 -0.8298 0.0095
vn -0.8888 -0.4583 0.0045
vn -0.2682 -0.9632 0.0162
vn -1.0000 -0.0053 -0.0011
vn -0.5709 -0.8208 0.0175
vn -0.8954 -0.4451 0.0118
vn -1.0000 -0.0015 -0.0020
vn -0.3005 -0.9538 0.0005
vn -0.9155 -0.4022 0.0059
vn -0.6181 -0.7861 0.0057
vn 0.1086 0.9892 -0.0983
vn -0.9509 0.3086 -0.0250
vn -0.2223 0.9702 -0.0963
vn -0.7055 0.7056 -0.0669
vn 0.1006 0.9913 -0.0844
vn -0.9401 0.3401 -0.0231
vn -0.1950 0.9773 -0.0830
vn -0.6691 0.7408 -0.0593
vn 0.0987 0.9950 0.0165
vn -0.9381 0.3463 0.0032
vn -0.1893 0.9818 0.0160
vn -0.6618 0.7496 0.0106
vn 0.1040 0.9894 0.1009
vn -0.9469 0.3205 0.0255
vn -0.2119 0.9723 0.0990
vn -0.6918 0.7188 0.0689
vn -0.9572 0.2886 0.0213
vn 0.1145 0.9896 0.0869
vn -0.7283 0.6828 0.0580
vn -0.2396 0.9672 0.0850
vn -0.0074 -0.9999 -0.0135
vn 0.9530 -0.3028 -0.0081
vn 0.3104 -0.9505 -0.0154
vn 0.7353 -0.6777 -0.0129
vn -0.0013 -0.9999 0.0107
vn 0.9442 -0.3293 0.0011
vn 0.2866 -0.9580 0.0083
vn 0.7067 -0.7075 0.0052
vn 0.0007 -1.0000 0.0086
vn 0.9394 -0.3429 0.0058
vn 0.2783 -0.9604 0.0095
vn 0.6934 -0.7205 0.0086
vn -0.0050 -1.0000 0.0012
vn 0.9494 -0.3140 0.0046
vn 0.3000 -0.9539 0.0043
vn 0.7230 -0.6908 0.0049
vn 0.9564 -0.2920 0.0092
vn -0.0103 -0.9996 0.0266
vn 0.7471 -0.6644 0.0189
vn 0.3253 -0.9453 0.0263
vn 0.2359 0.9707 0.0456
vn 0.9999 0.0068 0.0085
vn 0.5803 0.8135 0.0379
vn 0.9102 0.4136 0.0222
vn 0.2116 0.9728 0.0943
vn 0.9998 0.0091 0.0152
vn 0.5415 0.8367 0.0820
vn 0.8921 0.4492 0.0493
vn 0.1966 0.9803 0.0206
vn 1.0000 0.0020 0.0059
vn 0.5157 0.8566 0.0185
vn 0.8832 0.4689 0.0122
vn 0.2021 0.9764 -0.0765
vn 0.9999 0.0094 -0.0103
vn 0.5219 0.8504 -0.0666
vn 0.8824 0.4688 -0.0398
vn 0.9998 0.0107 -0.0140
vn 0.2282 0.9701 -0.0832
vn 0.8994 0.4352 -0.0414
vn 0.5640 0.8227 -0.0703
vn -0.0743 -0.9915 -0.1070
vn -0.0101 -0.1427 -0.9897
vn -0.0624 -0.8766 -0.4772
vn -0.0367 -0.5272 -0.8489
vn -0.0140 -0.9945 -0.1036
vn -0.0030 -0.1401 -0.9901
vn -0.0155 -0.8811 -0.4727
vn -0.0101 -0.5261 -0.8503
vn 0.0202 -0.9939 -0.1087
vn 0.0013 -0.1386 -0.9903
vn 0.0117 -0.8799 -0.4750
vn 0.0062 -0.5229 -0.8524
vn -0.0133 -0.9930 -0.1174
vn -0.0028 -0.1425 -0.9898
vn -0.0186 -0.8790 -0.4764
vn -0.0110 -0.5254 -0.8508
vn -0.0195 -0.1393 -0.9901
vn -0.1271 -0.9838 -0.1265
vn -0.0706 -0.5150 -0.8543
vn -0.1170 -0.8675 -0.4834
vn 0.1470 0.9838 -0.1023
vn 0.0191 0.1281 -0.9916
vn 0.1317 0.8600 -0.4930
vn 0.0751 0.4975 -0.8642
vn 0.0272 0.9941 -0.1053
vn 0.0050 0.1311 -0.9914
vn 0.0295 0.8720 -0.4885
vn 0.0180 0.5063 -0.8622
vn -0.0055 0.9940 -0.1093
vn -0.0001 0.1366 -0.9906
vn -0.0004 0.8752 -0.4837
vn -0.0002 0.5139 -0.8578
vn 0.0310 0.9932 -0.1126
vn 0.0042 0.1358 -0.9907
vn 0.0295 0.8747 -0.4838
vn 0.0166 0.5116 -0.8590
vn 0.0112 0.1363 -0.9906
vn 0.0830 0.9904 -0.1109
vn 0.0428 0.5140 -0.8567
vn 0.0746 0.8761 -0.4764
vn -0.1220 -0.9871 0.1036
vn -0.0190 -0.1435 0.9895
vn -0.1133 -0.8797 0.4619
vn -0.0690 -0.5287 0.8460
vn -0.0077 -0.9950 0.1000
vn -0.0004 -0.1464 0.9892
vn -0.0079 -0.8888 0.4583
vn -0.0036 -0.5370 0.8435
vn 0.0307 -0.9942 0.1030
vn 0.0046 -0.1403 0.9901
vn 0.0291 -0.8845 0.4655
vn 0.0176 -0.5282 0.8489
vn -0.0015 -0.9940 0.1096
vn -0.0001 -0.1400 0.9901
vn 0.0010 -0.8813 0.4725
vn 0.0003 -0.5258 0.8506
vn -0.0087 -0.1373 0.9905
vn -0.0630 -0.9912 0.1166
vn -0.0319 -0.5200 0.8536
vn -0.0534 -0.8756 0.4800
vn 0.0739 0.9959 0.0531
vn 0.0111 0.1448 0.9894
vn 0.0680 0.8956 0.4396
vn 0.0411 0.5371 0.8425
vn 0.0166 0.9983 0.0567
vn 0.0012 0.1398 0.9902
vn 0.0113 0.8955 0.4450
vn 0.0056 0.5309 0.8474
vn -0.0218 0.9976 0.0655
vn -0.0039 0.1407 0.9900
vn -0.0231 0.8925 0.4505
vn -0.0144 0.5316 0.8469
vn 0.0145 0.9972 0.0735
vn 0.0026 0.1344 0.9909
vn 0.0121 0.8866 0.4624
vn 0.0079 0.5208 0.8536
vn 0.0184 0.1317 0.9911
vn 0.1382 0.9875 0.0763
vn 0.0723 0.5113 0.8564
vn 0.1251 0.8737 0.4700
vt 0.763629 0.469222
vt 0.756237 0.468246
vt 0.755929 0.447535
vt 0.763615 0.447389
vt 0.817694 0.467533
vt 0.810631 0.468173
vt 0.810451 0.447107
vt 0.817928 0.447098
vt 0.817786 0.341518
vt 0.810212 0.341579
vt 0.810050 0.320309
vt 0.817073 0.320849
vt 0.763205 0.341655
vt 0.755497 0.341561
vt 0.755615 0.320712
vt 0.763062 0.319701
vt 0.459818 0.767916
vt 0.468584 0.770168
vt 0.460492 0.792081
vt 0.454302 0.786452
vt 0.397905 0.637985
vt 0.391663 0.630191
vt 0.400538 0.626045
vt 0.403877 0.637255
vt 0.451491 0.789431
vt 0.455933 0.796093
vt 0.448689 0.798949
vt 0.445962 0.789870
vt 0.463007 0.741529
vt 0.470335 0.742222
vt 0.755547 0.421346
vt 0.763315 0.421131
vt 0.755239 0.394634
vt 0.763105 0.394586
vt 0.755311 0.367910
vt 0.763100 0.368036
vt 0.450748 0.636737
vt 0.455014 0.626145
vt 0.463420 0.630524
vt 0.456906 0.638374
vt 0.810539 0.421185
vt 0.818148 0.421275
vt 0.464496 0.660053
vt 0.474261 0.658724
vt 0.473524 0.686567
vt 0.465149 0.686582
vt 0.470703 0.714391
vt 0.463836 0.714099
vt 0.843501 0.630765
vt 0.850853 0.631428
vt 0.851478 0.652557
vt 0.843781 0.652676
vt 0.851644 0.678920
vt 0.843922 0.678981
vt 0.851377 0.705349
vt 0.843728 0.705383
vt 0.851619 0.731825
vt 0.843893 0.731811
vt 0.851629 0.758219
vt 0.843950 0.758161
vt 0.405673 0.789433
vt 0.402993 0.799556
vt 0.394262 0.796111
vt 0.400225 0.788613
vt 0.788919 0.731813
vt 0.796644 0.731776
vt 0.796758 0.757832
vt 0.789076 0.757934
vt 0.788961 0.705527
vt 0.796658 0.705502
vt 0.788879 0.679310
vt 0.796588 0.679290
vt 0.391375 0.766099
vt 0.381668 0.768221
vt 0.381816 0.739686
vt 0.389957 0.739240
vt 0.808483 0.731745
vt 0.808530 0.757871
vt 0.820261 0.731757
vt 0.820319 0.757997
vt 0.832045 0.731785
vt 0.832112 0.758104
vt 0.382682 0.712014
vt 0.390266 0.712077
vt 0.808452 0.705474
vt 0.820204 0.705450
vt 0.831950 0.705419
vt 0.382001 0.685271
vt 0.390813 0.685827
vt 0.808420 0.679246
vt 0.820235 0.679171
vt 0.832059 0.679078
vt 0.381335 0.657773
vt 0.391896 0.659317
vt 0.796491 0.653289
vt 0.808277 0.653168
vt 0.820080 0.652963
vt 0.831914 0.652806
vt 0.386301 0.634779
vt 0.394081 0.641018
vt 0.775590 0.469689
vt 0.775411 0.447330
vt 0.414732 0.624546
vt 0.414843 0.636245
vt 0.428158 0.623796
vt 0.426995 0.635502
vt 0.441368 0.624132
vt 0.439304 0.635663
vt 0.810381 0.367785
vt 0.798551 0.367920
vt 0.798527 0.341586
vt 0.786764 0.368024
vt 0.786815 0.341579
vt 0.774977 0.368102
vt 0.775038 0.341638
vt 0.818070 0.367683
vt 0.810771 0.394513
vt 0.798754 0.394510
vt 0.786877 0.394521
vt 0.775032 0.394541
vt 0.818618 0.394502
vt 0.798777 0.421079
vt 0.787002 0.421010
vt 0.775190 0.420974
vt 0.798858 0.447202
vt 0.787180 0.447300
vt 0.788810 0.653287
vt 0.415039 0.789681
vt 0.415655 0.799550
vt 0.799209 0.468890
vt 0.787520 0.469309
vt 0.460677 0.642487
vt 0.468809 0.635959
vt 0.787033 0.319449
vt 0.798692 0.319749
vt 0.775069 0.319156
vt 0.396457 0.784912
vt 0.388765 0.791497
vt 0.425333 0.790023
vt 0.426660 0.799649
vt 0.435882 0.790086
vt 0.437356 0.799649
vt 0.851282 0.779404
vt 0.843920 0.780126
vt 0.831975 0.780413
vt 0.820037 0.780221
vt 0.808344 0.779615
vt 0.797013 0.779028
vt 0.789351 0.632630
vt 0.796477 0.632176
vt 0.807861 0.631462
vt 0.819607 0.630784
vt 0.831565 0.630530
vt 0.789946 0.778610
vt 0.789812 0.780525
vt 0.787921 0.780513
vt 0.787888 0.778695
vt 0.789398 0.782407
vt 0.787542 0.781769
vt 0.788649 0.784416
vt 0.786339 0.783411
vt 0.784581 0.781660
vt 0.786499 0.780791
vt 0.783632 0.779478
vt 0.785771 0.778997
vt 0.749859 0.320341
vt 0.750602 0.317966
vt 0.752402 0.318888
vt 0.751812 0.320681
vt 0.752249 0.315970
vt 0.753260 0.317758
vt 0.754439 0.314714
vt 0.754992 0.316776
vt 0.755384 0.318725
vt 0.753614 0.319030
vt 0.753643 0.320802
vt 0.782891 0.631707
vt 0.783841 0.629514
vt 0.785828 0.630416
vt 0.785113 0.632218
vt 0.785601 0.627742
vt 0.786870 0.629427
vt 0.787923 0.626709
vt 0.788735 0.628774
vt 0.789192 0.630699
vt 0.787283 0.630709
vt 0.787275 0.632541
vt 0.756018 0.470231
vt 0.754258 0.469942
vt 0.754285 0.468168
vt 0.755638 0.472212
vt 0.753912 0.471239
vt 0.755095 0.474323
vt 0.752924 0.473072
vt 0.751297 0.471130
vt 0.753032 0.470123
vt 0.750399 0.468801
vt 0.752468 0.468318
vt 0.857225 0.779979
vt 0.856459 0.782333
vt 0.854666 0.781429
vt 0.855251 0.779570
vt 0.854786 0.784217
vt 0.853751 0.782522
vt 0.852624 0.785298
vt 0.851970 0.783368
vt 0.851517 0.781417
vt 0.853380 0.781216
vt 0.853286 0.779370
vt 0.817188 0.318967
vt 0.818926 0.319129
vt 0.819027 0.320872
vt 0.817522 0.317148
vt 0.819229 0.317892
vt 0.818133 0.315137
vt 0.820394 0.316156
vt 0.822124 0.318002
vt 0.820259 0.318883
vt 0.823021 0.320259
vt 0.820969 0.320665
vt 0.852106 0.625626
vt 0.854234 0.626712
vt 0.853234 0.628338
vt 0.851488 0.627534
vt 0.855891 0.628550
vt 0.854160 0.629445
vt 0.856705 0.630849
vt 0.854749 0.631237
vt 0.852834 0.631433
vt 0.852871 0.629628
vt 0.851061 0.629441
vt 0.819655 0.467562
vt 0.819622 0.469356
vt 0.817828 0.469439
vt 0.821674 0.467811
vt 0.820968 0.469608
vt 0.823787 0.468261
vt 0.822892 0.470526
vt 0.821166 0.472417
vt 0.819978 0.470605
vt 0.818891 0.473492
vt 0.818215 0.471379
vt 0.786873 0.757992
vt 0.784747 0.758063
vt 0.782759 0.758141
vt 0.392235 0.794774
vt 0.398660 0.787964
vt 0.390368 0.793201
vt 0.397421 0.786662
vt 0.753820 0.447571
vt 0.751856 0.447521
vt 0.749943 0.447413
vt 0.396148 0.638537
vt 0.389649 0.631550
vt 0.394795 0.639486
vt 0.387829 0.633110
vt 0.796330 0.630091
vt 0.796150 0.627981
vt 0.795944 0.625832
vt 0.810790 0.470263
vt 0.810935 0.472361
vt 0.811066 0.474496
vt 0.459842 0.640788
vt 0.467159 0.633953
vt 0.458542 0.639380
vt 0.465326 0.632121
vt 0.853644 0.652512
vt 0.855701 0.652489
vt 0.857630 0.652481
vt 0.819901 0.341508
vt 0.821890 0.341557
vt 0.823751 0.341638
vt 0.452917 0.788921
vt 0.457517 0.794930
vt 0.453883 0.787979
vt 0.459053 0.793588
vt 0.844120 0.782317
vt 0.844408 0.784458
vt 0.844746 0.786530
vt 0.762836 0.317518
vt 0.762601 0.315371
vt 0.762369 0.313266
vt 0.786574 0.653249
vt 0.784323 0.653188
vt 0.782145 0.653112
vt 0.786673 0.679312
vt 0.784622 0.679306
vt 0.782767 0.679292
vt 0.786794 0.705539
vt 0.784901 0.705556
vt 0.783309 0.705574
vt 0.786738 0.731832
vt 0.784793 0.731865
vt 0.783115 0.731906
vt 0.753379 0.341542
vt 0.751453 0.341612
vt 0.749682 0.341742
vt 0.753138 0.367895
vt 0.751256 0.367948
vt 0.749692 0.368048
vt 0.753041 0.394644
vt 0.751160 0.394640
vt 0.749639 0.394627
vt 0.753381 0.421379
vt 0.751463 0.421319
vt 0.749769 0.421197
vt 0.853784 0.758252
vt 0.855804 0.758276
vt 0.857630 0.758290
vt 0.853809 0.731830
vt 0.855786 0.731841
vt 0.857457 0.731856
vt 0.853550 0.705343
vt 0.855482 0.705344
vt 0.857071 0.705353
vt 0.853834 0.678905
vt 0.855847 0.678894
vt 0.857619 0.678889
vt 0.820031 0.447099
vt 0.822101 0.447071
vt 0.824145 0.447026
vt 0.820281 0.421263
vt 0.822211 0.421181
vt 0.823954 0.421061
vt 0.820778 0.394498
vt 0.822622 0.394479
vt 0.824145 0.394451
vt 0.820202 0.367682
vt 0.822055 0.367733
vt 0.823638 0.367813
vt 0.843670 0.628577
vt 0.843921 0.626452
vt 0.844224 0.624393
vt 0.831623 0.628321
vt 0.831792 0.626185
vt 0.832023 0.624116
vt 0.819594 0.628581
vt 0.819716 0.626428
vt 0.819917 0.624333
vt 0.807791 0.629319
vt 0.807819 0.627211
vt 0.807905 0.625131
vt 0.763424 0.471407
vt 0.763216 0.473594
vt 0.763012 0.475756
vt 0.775535 0.471910
vt 0.775388 0.474093
vt 0.775189 0.476238
vt 0.787525 0.471486
vt 0.787411 0.473651
vt 0.787227 0.475800
vt 0.799267 0.471042
vt 0.799240 0.473198
vt 0.799158 0.475331
vt 0.796897 0.781086
vt 0.796758 0.783138
vt 0.796598 0.785214
vt 0.808299 0.781735
vt 0.808362 0.783794
vt 0.808492 0.785815
vt 0.820050 0.782413
vt 0.820214 0.784541
vt 0.820465 0.786608
vt 0.832062 0.782621
vt 0.832272 0.784761
vt 0.832550 0.786827
vt 0.810176 0.318257
vt 0.810272 0.316241
vt 0.810349 0.314173
vt 0.798724 0.317630
vt 0.798647 0.315554
vt 0.798499 0.313483
vt 0.787017 0.317293
vt 0.786855 0.315201
vt 0.786605 0.313111
vt 0.774992 0.316942
vt 0.774804 0.314805
vt 0.774552 0.312722
s 1
usemtl Material.002
f 2185/2375/1101 2025/2376/941 2122/2377/1038 1939/2378/855
f 2073/2379/989 2202/2380/1118 1943/2381/859 2145/2382/1061
f 2162/2383/1078 1963/2384/879 2225/2385/1141 2049/2386/965
f 1959/2387/875 2105/2388/1021 2003/2389/919 2242/2390/1158
f 2126/2391/1042 2161/2392/1077 2051/2393/967 2037/2394/953
f 2014/2395/930 2026/2396/942 2186/2397/1102 2181/2398/1097
f 2038/2399/954 2050/2400/966 2226/2401/1142 2221/2402/1137
f 2130/2403/1046 2158/2404/1074 2161/2392/1077 2126/2391/1042
f 1939/2378/855 2122/2377/1038 2117/2405/1033 1944/2406/860
f 1944/2406/860 2117/2405/1033 2113/2407/1029 1949/2408/865
f 1949/2408/865 2113/2407/1029 2109/2409/1025 1954/2410/870
f 2166/2411/1082 2201/2412/1117 2075/2413/991 2061/2414/977
f 2145/2382/1061 1943/2381/859 1948/2415/864 2149/2416/1065
f 2141/2417/1057 2146/2418/1062 2150/2419/1066 2138/2420/1054
f 2138/2420/1054 2150/2419/1066 2154/2421/1070 2134/2422/1050
f 2134/2422/1050 2154/2421/1070 2158/2404/1074 2130/2403/1046
f 2165/2423/1081 2063/2424/979 2142/2425/1058 1964/2426/880
f 1964/2426/880 2142/2425/1058 2137/2427/1053 1969/2428/885
f 1969/2428/885 2137/2427/1053 2133/2429/1049 1974/2430/890
f 1974/2430/890 2133/2429/1049 2129/2431/1045 1979/2432/895
f 1979/2432/895 2129/2431/1045 2125/2433/1041 1984/2434/900
f 2206/2435/1122 2241/2436/1157 2002/2437/918 1990/2438/906
f 1954/2410/870 2109/2409/1025 2105/2388/1021 1959/2387/875
f 2097/2439/1013 1983/2440/899 1988/2441/904 2102/2442/1018
f 2093/2443/1009 1978/2444/894 1983/2440/899 2097/2439/1013
f 2089/2445/1005 1973/2446/889 1978/2444/894 2093/2443/1009
f 2101/2447/1017 2106/2448/1022 2110/2449/1026 2098/2450/1014
f 1983/2440/899 1982/2451/898 1987/2452/903 1988/2441/904
f 1982/2451/898 1981/2453/897 1986/2454/902 1987/2452/903
f 1981/2453/897 1980/2455/896 1985/2456/901 1986/2454/902
f 1980/2455/896 1979/2432/895 1984/2434/900 1985/2456/901
f 2098/2450/1014 2110/2449/1026 2114/2457/1030 2094/2458/1010
f 1978/2444/894 1977/2459/893 1982/2451/898 1983/2440/899
f 1977/2459/893 1976/2460/892 1981/2453/897 1982/2451/898
f 1976/2460/892 1975/2461/891 1980/2455/896 1981/2453/897
f 1975/2461/891 1974/2430/890 1979/2432/895 1980/2455/896
f 2094/2458/1010 2114/2457/1030 2118/2462/1034 2090/2463/1006
f 1973/2446/889 1972/2464/888 1977/2459/893 1978/2444/894
f 1972/2464/888 1971/2465/887 1976/2460/892 1977/2459/893
f 1971/2465/887 1970/2466/886 1975/2461/891 1976/2460/892
f 1970/2466/886 1969/2428/885 1974/2430/890 1975/2461/891
f 2090/2463/1006 2118/2462/1034 2121/2467/1037 2086/2468/1002
f 1968/2469/884 1967/2470/883 1972/2464/888 1973/2446/889
f 1967/2470/883 1966/2471/882 1971/2465/887 1972/2464/888
f 1966/2471/882 1965/2472/881 1970/2466/886 1971/2465/887
f 1965/2472/881 1964/2426/880 1969/2428/885 1970/2466/886
f 2086/2468/1002 2121/2467/1037 2027/2473/943 2013/2474/929
f 2189/2475/1105 2185/2375/1101 1939/2378/855 1940/2476/856
f 2181/2398/1097 2186/2397/1102 2190/2477/1106 2178/2478/1094
f 2178/2478/1094 2190/2477/1106 2194/2479/1110 2174/2480/1090
f 2174/2480/1090 2194/2479/1110 2198/2481/1114 2170/2482/1086
f 2170/2482/1086 2198/2481/1114 2201/2412/1117 2166/2411/1082
f 1958/2483/874 1957/2484/873 1962/2485/878 1963/2384/879
f 1957/2484/873 1956/2486/872 1961/2487/877 1962/2485/878
f 1956/2486/872 1955/2488/871 1960/2489/876 1961/2487/877
f 1955/2488/871 1954/2410/870 1959/2387/875 1960/2489/876
f 2157/2490/1073 1958/2483/874 1963/2384/879 2162/2383/1078
f 1953/2491/869 1952/2492/868 1957/2484/873 1958/2483/874
f 1952/2492/868 1951/2493/867 1956/2486/872 1957/2484/873
f 1951/2493/867 1950/2494/866 1955/2488/871 1956/2486/872
f 1950/2494/866 1949/2408/865 1954/2410/870 1955/2488/871
f 2153/2495/1069 1953/2491/869 1958/2483/874 2157/2490/1073
f 1948/2415/864 1947/2496/863 1952/2492/868 1953/2491/869
f 1947/2496/863 1946/2497/862 1951/2493/867 1952/2492/868
f 1946/2497/862 1945/2498/861 1950/2494/866 1951/2493/867
f 1945/2498/861 1944/2406/860 1949/2408/865 1950/2494/866
f 2149/2416/1065 1948/2415/864 1953/2491/869 2153/2495/1069
f 1943/2381/859 1942/2499/858 1947/2496/863 1948/2415/864
f 1942/2499/858 1941/2500/857 1946/2497/862 1947/2496/863
f 1941/2500/857 1940/2476/856 1945/2498/861 1946/2497/862
f 1940/2476/856 1939/2378/855 1944/2406/860 1945/2498/861
f 2085/2501/1001 1968/2469/884 1973/2446/889 2089/2445/1005
f 2210/2502/1126 2238/2503/1154 2241/2436/1157 2206/2435/1122
f 2202/2380/1118 2197/2504/1113 1942/2499/858 1943/2381/859
f 2197/2504/1113 2193/2505/1109 1941/2500/857 1942/2499/858
f 2193/2505/1109 2189/2475/1105 1940/2476/856 1941/2500/857
f 2062/2506/978 2074/2507/990 2146/2418/1062 2141/2417/1057
f 1962/2485/878 1961/2487/877 2233/2508/1149 2229/2509/1145
f 1961/2487/877 1960/2489/876 2237/2510/1153 2233/2508/1149
f 1960/2489/876 1959/2387/875 2242/2390/1158 2237/2510/1153
f 1991/2511/907 2001/2512/917 2106/2448/1022 2101/2447/1017
f 2214/2513/1130 2234/2514/1150 2238/2503/1154 2210/2502/1126
f 2218/2515/1134 2230/2516/1146 2234/2514/1150 2214/2513/1130
f 2221/2402/1137 2226/2401/1142 2230/2516/1146 2218/2515/1134
f 1963/2384/879 1962/2485/878 2229/2509/1145 2225/2385/1141
f 1984/2434/900 2125/2433/1041 2039/2517/955 2222/2518/1138
f 1985/2456/901 1984/2434/900 2222/2518/1138 2217/2519/1133
f 1986/2454/902 1985/2456/901 2217/2519/1133 2213/2520/1129
f 1987/2452/903 1986/2454/902 2213/2520/1129 2209/2521/1125
f 1988/2441/904 1987/2452/903 2209/2521/1125 2205/2522/1121
f 2015/2523/931 2182/2524/1098 1968/2469/884 2085/2501/1001
f 2182/2524/1098 2177/2525/1093 1967/2470/883 1968/2469/884
f 2177/2525/1093 2173/2526/1089 1966/2471/882 1967/2470/883
f 2173/2526/1089 2169/2527/1085 1965/2472/881 1966/2471/882
f 2169/2527/1085 2165/2423/1081 1964/2426/880 1965/2472/881
f 1989/2528/905 1992/2529/908 1994/2530/910 1993/2531/909
f 1992/2529/908 1996/2532/912 1997/2533/913 1994/2530/910
f 1990/2534/906 1995/2535/911 1997/2533/913 1996/2532/912
f 1995/2535/911 1999/2536/915 2000/2537/916 1997/2533/913
f 1991/2538/907 1998/2539/914 2000/2537/916 1999/2536/915
f 1998/2539/914 1993/2531/909 1994/2530/910 2000/2537/916
f 1994/2530/910 1997/2533/913 2000/2537/916
f 2001/2540/917 2004/2541/920 2006/2542/922 2005/2543/921
f 2004/2541/920 2008/2544/924 2009/2545/925 2006/2542/922
f 2002/2546/918 2007/2547/923 2009/2545/925 2008/2544/924
f 2007/2547/923 2011/2548/927 2012/2549/928 2009/2545/925
f 2003/2389/919 2010/2550/926 2012/2549/928 2011/2548/927
f 2010/2550/926 2005/2543/921 2006/2542/922 2012/2549/928
f 2006/2542/922 2009/2545/925 2012/2549/928
f 2013/2551/929 2016/2552/932 2018/2553/934 2017/2554/933
f 2016/2552/932 2020/2555/936 2021/2556/937 2018/2553/934
f 2014/2557/930 2019/2558/935 2021/2556/937 2020/2555/936
f 2019/2558/935 2023/2559/939 2024/2560/940 2021/2556/937
f 2015/2523/931 2022/2561/938 2024/2560/940 2023/2559/939
f 2022/2561/938 2017/2554/933 2018/2553/934 2024/2560/940
f 2018/2553/934 2021/2556/937 2024/2560/940
f 2025/2376/941 2028/2562/944 2030/2563/946 2029/2564/945
f 2028/2562/944 2032/2565/948 2033/2566/949 2030/2563/946
f 2026/2567/942 2031/2568/947 2033/2566/949 2032/2565/948
f 2031/2568/947 2035/2569/951 2036/2570/952 2033/2566/949
f 2027/2571/943 2034/2572/950 2036/2570/952 2035/2569/951
f 2034/2572/950 2029/2564/945 2030/2563/946 2036/2570/952
f 2030/2563/946 2033/2566/949 2036/2570/952
f 2037/2573/953 2040/2574/956 2042/2575/958 2041/2576/957
f 2040/2574/956 2044/2577/960 2045/2578/961 2042/2575/958
f 2038/2579/954 2043/2580/959 2045/2578/961 2044/2577/960
f 2043/2580/959 2047/2581/963 2048/2582/964 2045/2578/961
f 2039/2517/955 2046/2583/962 2048/2582/964 2047/2581/963
f 2046/2583/962 2041/2576/957 2042/2575/958 2048/2582/964
f 2042/2575/958 2045/2578/961 2048/2582/964
f 2049/2386/965 2052/2584/968 2054/2585/970 2053/2586/969
f 2052/2584/968 2056/2587/972 2057/2588/973 2054/2585/970
f 2050/2589/966 2055/2590/971 2057/2588/973 2056/2587/972
f 2055/2590/971 2059/2591/975 2060/2592/976 2057/2588/973
f 2051/2593/967 2058/2594/974 2060/2592/976 2059/2591/975
f 2058/2594/974 2053/2586/969 2054/2585/970 2060/2592/976
f 2054/2585/970 2057/2588/973 2060/2592/976
f 2061/2595/977 2064/2596/980 2066/2597/982 2065/2598/981
f 2064/2596/980 2068/2599/984 2069/2600/985 2066/2597/982
f 2062/2601/978 2067/2602/983 2069/2600/985 2068/2599/984
f 2067/2602/983 2071/2603/987 2072/2604/988 2069/2600/985
f 2063/2424/979 2070/2605/986 2072/2604/988 2071/2603/987
f 2070/2605/986 2065/2598/981 2066/2597/982 2072/2604/988
f 2066/2597/982 2069/2600/985 2072/2604/988
f 2073/2379/989 2076/2606/992 2078/2607/994 2077/2608/993
f 2076/2606/992 2080/2609/996 2081/2610/997 2078/2607/994
f 2074/2611/990 2079/2612/995 2081/2610/997 2080/2609/996
f 2079/2612/995 2083/2613/999 2084/2614/1000 2081/2610/997
f 2075/2615/991 2082/2616/998 2084/2614/1000 2083/2613/999
f 2082/2616/998 2077/2608/993 2078/2607/994 2084/2614/1000
f 2078/2607/994 2081/2610/997 2084/2614/1000
f 2102/2442/1018 1989/2528/905 1993/2531/909 2104/2617/1020
f 2104/2617/1020 1993/2531/909 1998/2539/914 2103/2618/1019
f 2103/2618/1019 1998/2539/914 1991/2538/907 2101/2619/1017
f 1990/2438/906 2002/2437/918 2008/2620/924 1995/2621/911
f 1995/2621/911 2008/2620/924 2004/2622/920 1999/2623/915
f 1999/2623/915 2004/2622/920 2001/2512/917 1991/2511/907
f 2122/2377/1038 2025/2376/941 2029/2564/945 2124/2624/1040
f 2124/2624/1040 2029/2564/945 2034/2572/950 2123/2625/1039
f 2123/2625/1039 2034/2572/950 2027/2571/943 2121/2626/1037
f 2026/2396/942 2014/2395/930 2020/2627/936 2031/2628/947
f 2031/2628/947 2020/2627/936 2016/2629/932 2035/2630/951
f 2035/2630/951 2016/2629/932 2013/2474/929 2027/2473/943
f 2182/2524/1098 2015/2523/931 2023/2559/939 2184/2631/1100
f 2184/2631/1100 2023/2559/939 2019/2558/935 2183/2632/1099
f 2183/2632/1099 2019/2558/935 2014/2557/930 2181/2633/1097
f 2202/2380/1118 2073/2379/989 2077/2608/993 2204/2634/1120
f 2204/2634/1120 2077/2608/993 2082/2616/998 2203/2635/1119
f 2203/2635/1119 2082/2616/998 2075/2615/991 2201/2636/1117
f 2074/2507/990 2062/2506/978 2068/2637/984 2079/2638/995
f 2079/2638/995 2068/2637/984 2064/2639/980 2083/2640/999
f 2083/2640/999 2064/2639/980 2061/2414/977 2075/2413/991
f 2142/2425/1058 2063/2424/979 2071/2603/987 2144/2641/1060
f 2144/2641/1060 2071/2603/987 2067/2602/983 2143/2642/1059
f 2143/2642/1059 2067/2602/983 2062/2601/978 2141/2643/1057
f 2162/2383/1078 2049/2386/965 2053/2586/969 2164/2644/1080
f 2164/2644/1080 2053/2586/969 2058/2594/974 2163/2645/1079
f 2163/2645/1079 2058/2594/974 2051/2593/967 2161/2646/1077
f 2050/2400/966 2038/2399/954 2044/2647/960 2055/2648/971
f 2055/2648/971 2044/2647/960 2040/2649/956 2059/2650/975
f 2059/2650/975 2040/2649/956 2037/2394/953 2051/2393/967
f 2222/2518/1138 2039/2517/955 2047/2581/963 2224/2651/1140
f 2224/2651/1140 2047/2581/963 2043/2580/959 2223/2652/1139
f 2223/2652/1139 2043/2580/959 2038/2579/954 2221/2653/1137
f 2242/2390/1158 2003/2389/919 2011/2548/927 2244/2654/1160
f 2244/2654/1160 2011/2548/927 2007/2547/923 2243/2655/1159
f 2243/2655/1159 2007/2547/923 2002/2546/918 2241/2656/1157
f 2015/2523/931 2085/2501/1001 2087/2657/1003 2022/2561/938
f 2022/2561/938 2087/2657/1003 2088/2658/1004 2017/2554/933
f 2017/2554/933 2088/2658/1004 2086/2659/1002 2013/2551/929
f 2085/2501/1001 2089/2445/1005 2091/2660/1007 2087/2657/1003
f 2087/2657/1003 2091/2660/1007 2092/2661/1008 2088/2658/1004
f 2088/2658/1004 2092/2661/1008 2090/2662/1006 2086/2659/1002
f 2089/2445/1005 2093/2443/1009 2095/2663/1011 2091/2660/1007
f 2091/2660/1007 2095/2663/1011 2096/2664/1012 2092/2661/1008
f 2092/2661/1008 2096/2664/1012 2094/2665/1010 2090/2662/1006
f 2093/2443/1009 2097/2439/1013 2099/2666/1015 2095/2663/1011
f 2095/2663/1011 2099/2666/1015 2100/2667/1016 2096/2664/1012
f 2096/2664/1012 2100/2667/1016 2098/2668/1014 2094/2665/1010
f 2097/2439/1013 2102/2442/1018 2104/2617/1020 2099/2666/1015
f 2099/2666/1015 2104/2617/1020 2103/2618/1019 2100/2667/1016
f 2100/2667/1016 2103/2618/1019 2101/2619/1017 2098/2668/1014
f 2003/2389/919 2105/2388/1021 2107/2669/1023 2010/2550/926
f 2010/2550/926 2107/2669/1023 2108/2670/1024 2005/2543/921
f 2005/2543/921 2108/2670/1024 2106/2671/1022 2001/2540/917
f 2105/2388/1021 2109/2409/1025 2111/2672/1027 2107/2669/1023
f 2107/2669/1023 2111/2672/1027 2112/2673/1028 2108/2670/1024
f 2108/2670/1024 2112/2673/1028 2110/2674/1026 2106/2671/1022
f 2109/2409/1025 2113/2407/1029 2115/2675/1031 2111/2672/1027
f 2111/2672/1027 2115/2675/1031 2116/2676/1032 2112/2673/1028
f 2112/2673/1028 2116/2676/1032 2114/2677/1030 2110/2674/1026
f 2113/2407/1029 2117/2405/1033 2119/2678/1035 2115/2675/1031
f 2115/2675/1031 2119/2678/1035 2120/2679/1036 2116/2676/1032
f 2116/2676/1032 2120/2679/1036 2118/2680/1034 2114/2677/1030
f 2117/2405/1033 2122/2377/1038 2124/2624/1040 2119/2678/1035
f 2119/2678/1035 2124/2624/1040 2123/2625/1039 2120/2679/1036
f 2120/2679/1036 2123/2625/1039 2121/2626/1037 2118/2680/1034
f 2039/2517/955 2125/2433/1041 2127/2681/1043 2046/2583/962
f 2046/2583/962 2127/2681/1043 2128/2682/1044 2041/2576/957
f 2041/2576/957 2128/2682/1044 2126/2683/1042 2037/2573/953
f 2125/2433/1041 2129/2431/1045 2131/2684/1047 2127/2681/1043
f 2127/2681/1043 2131/2684/1047 2132/2685/1048 2128/2682/1044
f 2128/2682/1044 2132/2685/1048 2130/2686/1046 2126/2683/1042
f 2129/2431/1045 2133/2429/1049 2135/2687/1051 2131/2684/1047
f 2131/2684/1047 2135/2687/1051 2136/2688/1052 2132/2685/1048
f 2132/2685/1048 2136/2688/1052 2134/2689/1050 2130/2686/1046
f 2133/2429/1049 2137/2427/1053 2139/2690/1055 2135/2687/1051
f 2135/2687/1051 2139/2690/1055 2140/2691/1056 2136/2688/1052
f 2136/2688/1052 2140/2691/1056 2138/2692/1054 2134/2689/1050
f 2137/2427/1053 2142/2425/1058 2144/2641/1060 2139/2690/1055
f 2139/2690/1055 2144/2641/1060 2143/2642/1059 2140/2691/1056
f 2140/2691/1056 2143/2642/1059 2141/2643/1057 2138/2692/1054
f 2073/2379/989 2145/2382/1061 2147/2693/1063 2076/2606/992
f 2076/2606/992 2147/2693/1063 2148/2694/1064 2080/2609/996
f 2080/2609/996 2148/2694/1064 2146/2695/1062 2074/2611/990
f 2145/2382/1061 2149/2416/1065 2151/2696/1067 2147/2693/1063
f 2147/2693/1063 2151/2696/1067 2152/2697/1068 2148/2694/1064
f 2148/2694/1064 2152/2697/1068 2150/2698/1066 2146/2695/1062
f 2149/2416/1065 2153/2495/1069 2155/2699/1071 2151/2696/1067
f 2151/2696/1067 2155/2699/1071 2156/2700/1072 2152/2697/1068
f 2152/2697/1068 2156/2700/1072 2154/2701/1070 2150/2698/1066
f 2153/2495/1069 2157/2490/1073 2159/2702/1075 2155/2699/1071
f 2155/2699/1071 2159/2702/1075 2160/2703/1076 2156/2700/1072
f 2156/2700/1072 2160/2703/1076 2158/2704/1074 2154/2701/1070
f 2157/2490/1073 2162/2383/1078 2164/2644/1080 2159/2702/1075
f 2159/2702/1075 2164/2644/1080 2163/2645/1079 2160/2703/1076
f 2160/2703/1076 2163/2645/1079 2161/2646/1077 2158/2704/1074
f 2063/2424/979 2165/2423/1081 2167/2705/1083 2070/2605/986
f 2070/2605/986 2167/2705/1083 2168/2706/1084 2065/2598/981
f 2065/2598/981 2168/2706/1084 2166/2707/1082 2061/2595/977
f 2165/2423/1081 2169/2527/1085 2171/2708/1087 2167/2705/1083
f 2167/2705/1083 2171/2708/1087 2172/2709/1088 2168/2706/1084
f 2168/2706/1084 2172/2709/1088 2170/2710/1086 2166/2707/1082
f 2169/2527/1085 2173/2526/1089 2175/2711/1091 2171/2708/1087
f 2171/2708/1087 2175/2711/1091 2176/2712/1092 2172/2709/1088
f 2172/2709/1088 2176/2712/1092 2174/2713/1090 2170/2710/1086
f 2173/2526/1089 2177/2525/1093 2179/2714/1095 2175/2711/1091
f 2175/2711/1091 2179/2714/1095 2180/2715/1096 2176/2712/1092
f 2176/2712/1092 2180/2715/1096 2178/2716/1094 2174/2713/1090
f 2177/2525/1093 2182/2524/1098 2184/2631/1100 2179/2714/1095
f 2179/2714/1095 2184/2631/1100 2183/2632/1099 2180/2715/1096
f 2180/2715/1096 2183/2632/1099 2181/2633/1097 2178/2716/1094
f 2025/2376/941 2185/2375/1101 2187/2717/1103 2028/2562/944
f 2028/2562/944 2187/2717/1103 2188/2718/1104 2032/2565/948
f 2032/2565/948 2188/2718/1104 2186/2719/1102 2026/2567/942
f 2185/2375/1101 2189/2475/1105 2191/2720/1107 2187/2717/1103
f 2187/2717/1103 2191/2720/1107 2192/2721/1108 2188/2718/1104
f 2188/2718/1104 2192/2721/1108 2190/2722/1106 2186/2719/1102
f 2189/2475/1105 2193/2505/1109 2195/2723/1111 2191/2720/1107
f 2191/2720/1107 2195/2723/1111 2196/2724/1112 2192/2721/1108
f 2192/2721/1108 2196/2724/1112 2194/2725/1110 2190/2722/1106
f 2193/2505/1109 2197/2504/1113 2199/2726/1115 2195/2723/1111
f 2195/2723/1111 2199/2726/1115 2200/2727/1116 2196/2724/1112
f 2196/2724/1112 2200/2727/1116 2198/2728/1114 2194/2725/1110
f 2197/2504/1113 2202/2380/1118 2204/2634/1120 2199/2726/1115
f 2199/2726/1115 2204/2634/1120 2203/2635/1119 2200/2727/1116
f 2200/2727/1116 2203/2635/1119 2201/2636/1117 2198/2728/1114
f 1989/2528/905 2205/2522/1121 2207/2729/1123 1992/2529/908
f 1992/2529/908 2207/2729/1123 2208/2730/1124 1996/2532/912
f 1996/2532/912 2208/2730/1124 2206/2731/1122 1990/2534/906
f 2205/2522/1121 2209/2521/1125 2211/2732/1127 2207/2729/1123
f 2207/2729/1123 2211/2732/1127 2212/2733/1128 2208/2730/1124
f 2208/2730/1124 2212/2733/1128 2210/2734/1126 2206/2731/1122
f 2209/2521/1125 2213/2520/1129 2215/2735/1131 2211/2732/1127
f 2211/2732/1127 2215/2735/1131 2216/2736/1132 2212/2733/1128
f 2212/2733/1128 2216/2736/1132 2214/2737/1130 2210/2734/1126
f 2213/2520/1129 2217/2519/1133 2219/2738/1135 2215/2735/1131
f 2215/2735/1131 2219/2738/1135 2220/2739/1136 2216/2736/1132
f 2216/2736/1132 2220/2739/1136 2218/2740/1134 2214/2737/1130
f 2217/2519/1133 2222/2518/1138 2224/2651/1140 2219/2738/1135
f 2219/2738/1135 2224/2651/1140 2223/2652/1139 2220/2739/1136
f 2220/2739/1136 2223/2652/1139 2221/2653/1137 2218/2740/1134
f 2049/2386/965 2225/2385/1141 2227/2741/1143 2052/2584/968
f 2052/2584/968 2227/2741/1143 2228/2742/1144 2056/2587/972
f 2056/2587/972 2228/2742/1144 2226/2743/1142 2050/2589/966
f 2225/2385/1141 2229/2509/1145 2231/2744/1147 2227/2741/1143
f 2227/2741/1143 2231/2744/1147 2232/2745/1148 2228/2742/1144
f 2228/2742/1144 2232/2745/1148 2230/2746/1146 2226/2743/1142
f 2229/2509/1145 2233/2508/1149 2235/2747/1151 2231/2744/1147
f 2231/2744/1147 2235/2747/1151 2236/2748/1152 2232/2745/1148
f 2232/2745/1148 2236/2748/1152 2234/2749/1150 2230/2746/1146
f 2233/2508/1149 2237/2510/1153 2239/2750/1155 2235/2747/1151
f 2235/2747/1151 2239/2750/1155 2240/2751/1156 2236/2748/1152
f 2236/2748/1152 2240/2751/1156 2238/2752/1154 2234/2749/1150
f 2237/2510/1153 2242/2390/1158 2244/2654/1160 2239/2750/1155
f 2239/2750/1155 2244/2654/1160 2243/2655/1159 2240/2751/1156
f 2240/2751/1156 2243/2655/1159 2241/2656/1157 2238/2752/1154
f 2102/2442/1018 1988/2441/904 2205/2522/1121 1989/2528/905
